Epoch,Flux,Flux_err
2005.9150684931508,2.37,0.11850000000000001
2005.9178082191781,2.366,0.11830000000000002
2005.9205479452055,2.337,0.11685000000000001
2005.9232876712329,2.311,0.11555
2005.9287671232876,2.341,0.11705000000000002
2005.9315068493152,2.373,0.11865000000000002
2005.9342465753425,2.42,0.121
2005.9369863013699,2.394,0.11970000000000001
2005.9397260273972,2.166,0.10830000000000001
2005.9424657534246,2.167,0.10835
2005.9479452054795,2.243,0.11215
2005.9506849315069,2.289,0.11445000000000001
2005.9534246575342,2.331,0.11655
2005.9561643835616,2.303,0.11515
2005.958904109589,2.332,0.1166
2005.9616438356165,2.293,0.11465000000000002
2005.9698630136986,2.188,0.10940000000000001
2005.972602739726,2.095,0.10475000000000001
2005.9753424657533,2.216,0.11080000000000001
2005.978082191781,2.212,0.11060000000000002
2005.9808219178083,2.143,0.10715
2005.986301369863,2.06,0.10300000000000001
2005.9890410958903,2.132,0.10660000000000001
2005.9917808219177,2.127,0.10635
2005.9945205479453,2.152,0.10760000000000002
2005.9972602739726,2.137,0.10685
2006.0027397260274,2.121,0.10605
2006.0054794520547,2.178,0.1089
2006.0082191780823,2.065,0.10325000000000001
2006.0109589041097,2.138,0.1069
2006.013698630137,2.123,0.10615000000000002
2006.0164383561644,2.167,0.10835
2006.0191780821917,2.066,0.1033
2006.021917808219,2.124,0.10620000000000002
2006.027397260274,2.104,0.10520000000000002
2006.0301369863014,2.042,0.1021
2006.0328767123287,2.067,0.10335000000000001
2006.035616438356,2.116,0.1058
2006.0383561643835,2.086,0.1043
2006.0438356164384,2.178,0.1089
2006.0465753424658,2.24,0.11200000000000002
2006.0493150684931,2.195,0.10975
2006.0520547945205,2.237,0.11185
2006.054794520548,2.124,0.10620000000000002
2006.0575342465754,2.199,0.10994999999999999
2006.0657534246575,2.103,0.10515000000000002
2006.0684931506848,2.155,0.10775
2006.0712328767124,2.181,0.10905000000000001
2006.0739726027398,2.161,0.10805000000000001
2006.0767123287671,2.14,0.10700000000000001
2006.0821917808219,2.153,0.10765000000000001
2006.0849315068492,2.049,0.10245
2006.0876712328768,2.057,0.10285
2006.0904109589042,2.069,0.10345
2006.0931506849315,1.993,0.09965000000000002
2006.0958904109589,2.065,0.10325000000000001
2006.1013698630136,2.058,0.10289999999999999
2006.1041095890412,2.076,0.1038
2006.1068493150685,2.135,0.10675
2006.109589041096,2.097,0.10485
2006.1123287671232,2.059,0.10295000000000001
2006.1260273972603,2.076,0.1038
2006.1287671232876,2.083,0.10415000000000002
2006.131506849315,2.09,0.1045
2006.1397260273973,2.119,0.10595000000000002
2006.145205479452,2.131,0.10654999999999999
2006.150684931507,2.128,0.10640000000000001
2006.158904109589,2.127,0.10635
2006.164383561644,2.194,0.1097
2006.1698630136987,2.204,0.11020000000000002
2006.1917808219177,2.289,0.11445000000000001
2006.2465753424658,2.055,0.10275000000000001
2006.2493150684932,2.05,0.1025
2006.2547945205479,2.029,0.10145
2006.2575342465752,2.006,0.1003
2006.2602739726028,2.042,0.1021
2006.2630136986302,2.042,0.1021
2006.2657534246575,2.045,0.10225000000000001
2006.268493150685,2.065,0.10325000000000001
2006.2712328767122,1.977,0.09885000000000001
2006.358904109589,2.225,0.11125000000000002
2006.3698630136987,2.127,0.10635
2006.3753424657534,2.083,0.10415000000000002
2006.3808219178081,1.985,0.09925
2006.7452054794521,2.179,0.10894999999999999
2006.7479452054795,2.165,0.10825000000000001
2006.7506849315068,2.226,0.11130000000000001
2006.7534246575342,2.215,0.11075
2006.7561643835616,2.205,0.11025000000000001
2006.7589041095891,2.209,0.11045
2006.7643835616439,2.018,0.10089999999999999
2006.7671232876712,2.03,0.10149999999999999
2006.8383561643836,2.311,0.11555
2006.8465753424657,2.298,0.1149
2006.849315068493,2.302,0.11510000000000001
2006.8520547945207,2.325,0.11625000000000002
2006.854794520548,2.348,0.1174
2006.8575342465754,2.29,0.1145
2006.86301369863,2.365,0.11825000000000002
2006.868493150685,2.368,0.1184
2006.8712328767124,2.381,0.11904999999999999
2006.8739726027397,2.419,0.12095
2006.8821917808218,2.257,0.11285
2006.8876712328768,2.304,0.1152
2006.890410958904,2.373,0.11865000000000002
2006.8931506849315,2.358,0.1179
2006.8958904109588,2.326,0.11630000000000001
2006.8986301369864,2.335,0.11675
2006.9013698630138,2.428,0.12140000000000001
2006.9068493150685,2.499,0.12495
2006.9095890410958,2.468,0.12340000000000001
2006.9123287671232,2.363,0.11815
2006.9150684931508,2.402,0.12010000000000001
2006.9178082191781,2.364,0.1182
2006.9205479452055,2.291,0.11455
2006.9260273972602,2.289,0.11445000000000001
2006.9287671232876,2.34,0.11699999999999999
2006.9315068493152,2.47,0.12350000000000001
2006.9342465753425,2.321,0.11605000000000001
2006.9369863013699,2.306,0.11530000000000001
2006.9397260273972,2.115,0.10575000000000001
2006.9424657534246,2.152,0.10760000000000002
2006.945205479452,2.06,0.10300000000000001
2006.9479452054795,2.156,0.1078
2006.9506849315069,2.219,0.11095
2006.9534246575342,2.152,0.10760000000000002
2006.9561643835616,2.126,0.1063
2006.958904109589,2.241,0.11205000000000001
2006.964383561644,2.183,0.10915
2006.9671232876713,2.203,0.11015
2006.972602739726,2.072,0.10360000000000001
2006.978082191781,2.017,0.10085
2006.986301369863,2.012,0.10060000000000001
2006.9890410958903,2.168,0.10840000000000001
2006.9972602739726,2.04,0.10200000000000001
2007.0,2.093,0.10465
2007.0027397260274,2.028,0.1014
2007.0054794520547,2.182,0.1091
2007.0082191780823,2.1,0.10500000000000001
2007.0109589041097,2.123,0.10615000000000002
2007.013698630137,2.168,0.10840000000000001
2007.0164383561644,2.085,0.10425000000000001
2007.0191780821917,2.047,0.10235000000000001
2007.0246575342467,2.107,0.10535000000000001
2007.027397260274,2.067,0.10335000000000001
2007.0301369863014,2.004,0.10020000000000001
2007.0328767123287,2.112,0.10560000000000001
2007.035616438356,2.179,0.10894999999999999
2007.041095890411,2.121,0.10605
2007.0438356164384,2.101,0.10505
2007.0465753424658,2.026,0.1013
2007.0493150684931,2.137,0.10685
2007.0520547945205,2.12,0.10600000000000001
2007.054794520548,2.079,0.10395000000000001
2007.0602739726028,2.097,0.10485
2007.0630136986301,2.165,0.10825000000000001
2007.0657534246575,2.14,0.10700000000000001
2007.0684931506848,2.138,0.1069
2007.0712328767124,2.239,0.11195
2007.0739726027398,2.212,0.11060000000000002
2007.0821917808219,2.189,0.10945
2007.0849315068492,2.135,0.10675
2007.0931506849315,2.245,0.11225000000000002
2007.0986301369862,2.168,0.10840000000000001
2007.1013698630136,2.192,0.10960000000000002
2007.1041095890412,2.243,0.11215
2007.1068493150685,2.029,0.10145
2007.109589041096,2.147,0.10735
2007.1123287671232,2.223,0.11115
2007.1178082191782,2.133,0.10665000000000001
2007.1205479452055,2.102,0.1051
2007.123287671233,2.132,0.10660000000000001
2007.1260273972603,2.097,0.10485
2007.1287671232876,2.191,0.10955
2007.131506849315,2.105,0.10525000000000001
2007.13698630137,2.206,0.11030000000000001
2007.1397260273973,2.146,0.1073
2007.1424657534246,2.23,0.1115
2007.145205479452,2.245,0.11225000000000002
2007.150684931507,2.067,0.10335000000000001
2007.1561643835616,2.18,0.10900000000000001
2007.158904109589,2.259,0.11295
2007.9150684931508,2.211,0.11055
2007.9178082191781,2.201,0.11005000000000001
2007.9232876712329,2.173,0.10865000000000001
2007.9260273972602,2.139,0.10694999999999999
2007.9287671232876,2.178,0.1089
2007.9315068493152,1.989,0.09945000000000001
2007.9369863013699,2.129,0.10645
2007.9397260273972,2.16,0.10800000000000001
2007.945205479452,2.085,0.10425000000000001
2007.9479452054795,2.133,0.10665000000000001
2007.9506849315069,2.141,0.10705
2007.9534246575342,2.124,0.10620000000000002
2007.9561643835616,2.121,0.10605
2007.9616438356165,2.149,0.10745
2007.964383561644,2.097,0.10485
2007.9671232876713,2.119,0.10595000000000002
2007.9698630136986,2.105,0.10525000000000001
2007.972602739726,2.148,0.10740000000000001
2007.9753424657533,2.138,0.1069
2007.9808219178083,2.138,0.1069
2007.9835616438356,2.148,0.10740000000000001
2007.9890410958903,2.14,0.10700000000000001
2007.9917808219177,2.052,0.10260000000000001
2007.9945205479453,2.097,0.10485
2007.9972602739726,2.154,0.1077
2008.0,2.037,0.10185
2008.0027322404371,2.032,0.10160000000000001
2008.0054644808743,2.066,0.1033
2008.0081967213114,2.013,0.10065
2008.0109289617487,2.056,0.1028
2008.0136612021859,2.079,0.10395000000000001
2008.016393442623,2.058,0.10289999999999999
2008.01912568306,2.084,0.10420000000000001
2008.0245901639344,2.003,0.10015000000000002
2008.0273224043715,2.074,0.1037
2008.0300546448088,2.036,0.1018
2008.032786885246,2.035,0.10175000000000001
2008.0382513661202,2.007,0.10035000000000001
2008.0409836065573,2.045,0.10225000000000001
2008.0437158469945,2.046,0.1023
2008.0464480874316,2.015,0.10075
2008.049180327869,2.008,0.1004
2008.051912568306,2.041,0.10205
2008.0573770491803,1.992,0.09960000000000001
2008.0601092896175,2.037,0.10185
2008.0628415300546,2.065,0.10325000000000001
2008.0655737704917,2.069,0.10345
2008.068306010929,2.006,0.1003
2008.0710382513662,2.045,0.10225000000000001
2008.0819672131147,2.013,0.10065
2008.0846994535518,2.01,0.10049999999999999
2008.0874316939892,2.075,0.10375000000000001
2008.0901639344263,1.996,0.0998
2008.0956284153006,2.009,0.10045
2008.0983606557377,2.008,0.1004
2008.1010928961748,2.036,0.1018
2008.103825136612,2.041,0.10205
2008.1065573770493,2.048,0.1024
2008.1092896174864,2.078,0.10389999999999999
2008.1147540983607,1.953,0.09765000000000001
2008.1174863387978,2.046,0.1023
2008.120218579235,1.975,0.09875
2008.122950819672,2.072,0.10360000000000001
2008.136612021858,2.036,0.1018
2008.139344262295,1.963,0.09815000000000002
2008.1420765027322,1.909,0.09545000000000001
2008.1448087431695,1.954,0.09770000000000001
2008.1475409836066,1.986,0.0993
2008.1502732240438,1.995,0.09975
2008.155737704918,1.99,0.0995
2008.1584699453551,1.977,0.09885000000000001
2008.1612021857923,1.935,0.09675
2008.1639344262296,2.026,0.1013
2008.1666666666667,1.991,0.09955000000000001
2008.964480874317,2.349,0.11745000000000001
2008.9699453551912,2.434,0.12170000000000002
2008.9754098360656,2.455,0.12275000000000001
2008.9781420765028,2.521,0.12605
2008.9863387978141,2.432,0.1216
2008.9890710382513,2.423,0.12115000000000001
2008.9972677595629,2.392,0.1196
2009.0,2.527,0.12635000000000002
2009.0027397260274,2.551,0.12755000000000002
2009.0054794520547,2.553,0.12765
2009.0082191780823,2.527,0.12635000000000002
2009.0109589041097,2.499,0.12495
2009.013698630137,2.554,0.1277
2009.0164383561644,2.555,0.12775
2009.0191780821917,2.546,0.1273
2009.0246575342467,2.598,0.1299
2009.027397260274,2.583,0.12915000000000001
2009.0328767123287,2.717,0.13585
2009.035616438356,2.698,0.1349
2009.0383561643835,2.724,0.13620000000000002
2009.041095890411,2.678,0.1339
2009.0438356164384,2.819,0.14095
2009.0465753424658,2.625,0.13125
2009.0520547945205,2.677,0.13385
2009.054794520548,2.717,0.13585
2009.0575342465754,2.717,0.13585
2009.0602739726028,2.69,0.1345
2009.0630136986301,2.743,0.13715
2009.0657534246575,2.779,0.13895
2009.0712328767124,2.664,0.1332
2009.0739726027398,2.708,0.13540000000000002
2009.0767123287671,2.755,0.13775
2009.0794520547945,2.71,0.1355
2009.0821917808219,2.676,0.1338
2009.0849315068492,2.624,0.1312
2009.0904109589042,2.693,0.13465000000000002
2009.0931506849315,2.619,0.13095
2009.0958904109589,2.838,0.1419
2009.0986301369862,2.652,0.13260000000000002
2009.1013698630136,2.745,0.13725
2009.1041095890412,2.638,0.1319
2009.1123287671232,2.701,0.13505
2009.1150684931506,2.735,0.13675
2009.1178082191782,2.844,0.1422
2009.1205479452055,2.65,0.1325
2009.123287671233,2.658,0.1329
2009.1287671232876,2.601,0.13005
2009.131506849315,2.63,0.1315
2009.1342465753426,2.632,0.13160000000000002
2009.13698630137,2.68,0.134
2009.1397260273973,2.619,0.13095
2009.1424657534246,2.546,0.1273
2009.145205479452,2.573,0.12865000000000001
2009.150684931507,2.613,0.13065000000000002
2009.1534246575343,2.583,0.12915000000000001
2009.1561643835616,2.637,0.13185
2009.158904109589,2.611,0.13055000000000003
2009.1616438356164,2.518,0.12589999999999998
2009.1671232876713,2.543,0.12715
2009.1698630136987,2.59,0.1295
2009.172602739726,2.652,0.13260000000000002
2009.1753424657534,2.599,0.12995
2009.1780821917807,2.525,0.12625
2009.1808219178083,2.527,0.12635000000000002
2009.1890410958904,2.667,0.13335
2009.2027397260274,2.634,0.1317
2009.3013698630136,2.734,0.13670000000000002
2009.304109589041,2.728,0.13640000000000002
2009.3068493150686,2.731,0.13655
2009.309589041096,2.783,0.13915
2009.3123287671233,2.719,0.13595
2009.3150684931506,2.772,0.1386
2009.317808219178,2.814,0.14070000000000002
2009.3205479452056,2.783,0.13915
2009.323287671233,2.823,0.14115
2009.3260273972603,2.781,0.13905
2009.3342465753424,2.802,0.1401
2009.7972602739726,3.167,0.15835
2009.7972602739726,3.342,0.16710000000000003
2009.7972602739726,3.386,0.1693
2009.7972602739726,3.413,0.17065
2009.805479452055,3.339,0.16695000000000002
2009.8082191780823,3.45,0.17250000000000001
2009.8109589041096,3.372,0.1686
2009.813698630137,3.34,0.167
2009.8164383561643,3.399,0.16995000000000002
2009.8191780821917,3.402,0.17010000000000003
2009.8219178082193,3.368,0.1684
2009.8219178082193,3.303,0.16515000000000002
2009.827397260274,3.256,0.1628
2009.8328767123287,3.396,0.1698
2009.841095890411,3.507,0.17535
2010.0164383561644,3.523,0.17615000000000003
2010.0191780821917,3.498,0.17490000000000003
2010.021917808219,3.489,0.17445
2010.0246575342467,3.394,0.16970000000000002
2010.0301369863014,3.59,0.1795
2010.0712328767124,3.361,0.16805000000000003
2010.0739726027398,3.491,0.17455
2010.3287671232877,3.59,0.1795
2010.331506849315,3.53,0.1765
2010.3342465753424,3.551,0.17755
2010.33698630137,3.52,0.17600000000000002
2010.3397260273973,3.54,0.17700000000000002
2010.3424657534247,3.42,0.171
2010.3534246575343,3.75,0.1875
2010.358904109589,3.57,0.1785
2010.3616438356164,3.73,0.1865
2010.3643835616438,3.73,0.1865
2010.372602739726,3.74,0.18700000000000003
2010.3753424657534,3.74,0.18700000000000003
2010.3835616438357,3.75,0.1875
2010.3917808219178,3.74,0.18700000000000003
2010.3945205479451,3.73,0.1865
2010.3972602739725,3.824,0.1912
2010.4,3.825,0.19125000000000003
2010.4027397260274,3.91,0.1955
2010.4054794520548,3.85,0.1925
2010.4109589041095,3.813,0.19065000000000001
2010.4438356164383,4.1,0.205
2010.5150684931507,3.95,0.1975
2010.517808219178,3.93,0.1965
2010.5232876712328,3.99,0.1995
2010.5287671232877,3.96,0.198
2010.531506849315,3.97,0.1985
2010.5342465753424,3.925,0.19625
2010.5369863013698,3.818,0.19090000000000001
2010.5397260273974,3.769,0.18845
2010.5424657534247,3.806,0.19030000000000002
2010.545205479452,3.796,0.1898
2010.5479452054794,3.851,0.19255
2010.5506849315068,3.875,0.19375
2010.5534246575342,3.875,0.19375
2010.5561643835617,3.85,0.1925
2010.558904109589,3.845,0.19225000000000003
2010.5616438356165,3.858,0.19290000000000002
2010.5643835616438,3.943,0.19715000000000002
2010.5671232876712,3.865,0.19325000000000003
2010.5698630136985,3.851,0.19255
2010.572602739726,3.874,0.1937
2010.5753424657535,3.811,0.19055
2010.5780821917808,3.808,0.1904
2010.5808219178082,3.748,0.1874
2010.5945205479452,3.657,0.18285
2010.5972602739726,3.635,0.18175
2010.6,3.584,0.17920000000000003
2010.6027397260275,3.593,0.17965
2010.6054794520549,3.507,0.17535
2010.6082191780822,3.661,0.18305000000000002
2010.6191780821919,3.551,0.17755
2010.6246575342466,3.763,0.18815
2010.6301369863013,3.884,0.1942
2010.6356164383562,4.018,0.2009
2010.641095890411,4.063,0.20315
2010.6465753424657,4.011,0.20055
2010.6520547945206,4.037,0.20185
2010.6575342465753,4.089,0.20445000000000002
2010.66301369863,3.936,0.1968
2010.6986301369864,4.152,0.2076
2010.7013698630137,4.018,0.2009
2010.704109589041,3.999,0.19995000000000002
2010.7068493150684,3.951,0.19755
2010.7095890410958,3.816,0.1908
2010.7123287671234,4.005,0.20025
2010.7150684931507,3.774,0.1887
2010.717808219178,3.839,0.19195
2010.7205479452055,3.826,0.19130000000000003
2010.9150684931508,3.9,0.195
2010.9178082191781,3.85,0.1925
2010.9205479452055,3.8,0.19
2010.9232876712329,3.65,0.1825
2010.9260273972602,3.624,0.18120000000000003
2010.9315068493152,3.8,0.19
2010.9342465753425,3.85,0.1925
2010.9369863013699,3.72,0.18600000000000003
2010.9397260273972,3.77,0.1885
2010.9424657534246,3.778,0.1889
2010.945205479452,3.773,0.18865
2010.9506849315069,3.927,0.19635000000000002
2010.9534246575342,3.835,0.19175
2010.958904109589,3.94,0.197
2010.9616438356165,4.09,0.20450000000000002
2010.964383561644,4.22,0.211
2011.0191780821917,4.22,0.211
2011.0246575342467,4.3,0.215
2011.027397260274,4.36,0.21800000000000003
2011.0301369863014,4.33,0.21650000000000003
2011.0328767123287,4.43,0.2215
2011.035616438356,4.485,0.22425000000000003
2011.0383561643835,4.45,0.22250000000000003
2011.041095890411,4.3,0.215
2011.0438356164384,4.35,0.2175
2011.0520547945205,4.3,0.215
2011.054794520548,4.35,0.2175
2011.0575342465754,4.3,0.215
2011.0602739726028,4.4,0.22000000000000003
2011.0630136986301,4.583,0.22915000000000002
2011.0657534246575,4.36,0.21800000000000003
2011.0684931506848,4.742,0.2371
2011.0712328767124,4.45,0.22250000000000003
2011.0739726027398,4.562,0.22810000000000002
2011.0767123287671,4.75,0.23750000000000002
2011.0794520547945,4.15,0.20750000000000002
2011.2054794520548,3.874,0.1937
2011.2082191780821,3.986,0.19930000000000003
2011.2109589041097,3.95,0.1975
2011.213698630137,3.945,0.19725
2011.2191780821918,3.883,0.19415000000000002
2011.2219178082191,3.883,0.19415000000000002
2011.227397260274,3.885,0.19425
2011.2301369863014,3.882,0.19410000000000002
2011.2328767123288,3.922,0.19610000000000002
2011.2356164383561,3.914,0.1957
2011.2383561643835,4.072,0.2036
2011.2410958904109,4.218,0.2109
2011.2438356164384,3.936,0.1968
2011.2465753424658,3.934,0.1967
2011.2493150684932,3.991,0.19955
2011.2520547945205,3.988,0.19940000000000002
2011.2547945205479,4.023,0.20115
2011.2575342465752,3.824,0.1912
2011.2602739726028,3.733,0.18665
2011.2630136986302,3.801,0.19005000000000002
2011.2657534246575,3.902,0.19510000000000002
2011.2712328767122,3.828,0.19140000000000001
2011.2767123287672,3.758,0.1879
2011.282191780822,3.792,0.1896
2011.2849315068493,3.738,0.1869
2011.2876712328766,3.807,0.19035000000000002
2011.2904109589042,3.801,0.19005000000000002
2011.2931506849316,3.842,0.19210000000000002
2011.3150684931506,3.901,0.19505
2011.3205479452056,3.809,0.19045
2011.323287671233,3.907,0.19535000000000002
2011.3260273972603,3.931,0.19655
2011.331506849315,3.838,0.19190000000000002
2011.3342465753424,3.906,0.19530000000000003
2011.33698630137,3.918,0.19590000000000002
2011.3397260273973,3.92,0.196
2011.3424657534247,3.932,0.1966
2011.345205479452,3.913,0.19565
2011.3479452054794,3.92,0.196
2011.3506849315067,3.924,0.1962
2011.3534246575343,3.871,0.19355
2011.3561643835617,3.891,0.19455
2011.3616438356164,3.982,0.19910000000000003
2011.3671232876711,3.986,0.19930000000000003
2011.3698630136987,3.901,0.19505
2011.372602739726,3.887,0.19435000000000002
2011.3753424657534,3.84,0.192
2011.3780821917808,3.764,0.1882
2011.3808219178081,3.825,0.19125000000000003
2011.3835616438357,3.741,0.18705000000000002
2011.3890410958904,3.81,0.1905
2011.3945205479451,3.816,0.1908
2011.3972602739725,3.678,0.1839
2011.4,3.795,0.18975
2011.4027397260274,3.677,0.18385
2011.4054794520548,3.768,0.1884
2011.4082191780822,3.709,0.18545
2011.4109589041095,3.62,0.18100000000000002
2011.4136986301369,3.678,0.1839
2011.4191780821918,3.748,0.1874
2011.4246575342465,3.617,0.18085
2011.4301369863015,3.591,0.17955000000000002
2011.4356164383562,3.541,0.17705
2011.441095890411,3.604,0.18020000000000003
2011.4438356164383,3.519,0.17595000000000002
2011.4438356164383,3.589,0.17945
2011.4465753424658,3.514,0.1757
2011.4493150684932,3.424,0.17120000000000002
2011.4520547945206,3.455,0.17275000000000001
2011.454794520548,3.481,0.17405
2011.4575342465753,3.434,0.17170000000000002
2011.4602739726026,3.429,0.17145
2011.4630136986302,3.465,0.17325000000000002
2011.4657534246576,3.551,0.17755
2011.468493150685,3.495,0.17475000000000002
2011.4712328767123,3.473,0.17365
2011.4739726027397,3.342,0.16710000000000003
2011.4767123287672,3.424,0.17120000000000002
2011.4794520547946,3.447,0.17235
2011.4876712328767,3.347,0.16735
2011.490410958904,3.487,0.17435
2011.4931506849316,3.41,0.1705
2011.495890410959,3.46,0.17300000000000001
2011.4986301369863,3.456,0.1728
2011.5013698630137,3.307,0.16535
2011.504109589041,3.33,0.1665
2011.5068493150684,3.496,0.1748
2011.509589041096,3.423,0.17115000000000002
2011.5123287671233,3.522,0.1761
2011.5150684931507,3.515,0.17575000000000002
2011.517808219178,3.504,0.17520000000000002
2011.5205479452054,3.537,0.17685
2011.5260273972603,3.646,0.18230000000000002
2011.5342465753424,3.769,0.18845
2011.5369863013698,3.673,0.18365
2011.5397260273974,3.773,0.18865
2011.5424657534247,3.712,0.18560000000000001
2011.545205479452,3.764,0.1882
2011.5479452054794,3.809,0.19045
2011.5506849315068,3.813,0.19065000000000001
2011.5534246575342,3.805,0.19025000000000003
2011.5561643835617,3.797,0.18985000000000002
2011.558904109589,3.675,0.18375
2011.5616438356165,3.714,0.1857
2011.5643835616438,3.721,0.18605000000000002
2011.5671232876712,3.773,0.18865
2011.5698630136985,3.789,0.18945
2011.572602739726,3.713,0.18565
2011.5753424657535,3.833,0.19165000000000001
2011.5780821917808,3.665,0.18325000000000002
2011.5808219178082,3.653,0.18265
2011.5835616438355,3.725,0.18625000000000003
2011.5863013698631,3.609,0.18045
2011.5890410958905,3.763,0.18815
2011.5917808219178,3.703,0.18515
2011.5945205479452,3.636,0.18180000000000002
2011.5972602739726,3.684,0.18420000000000003
2011.6,3.707,0.18535000000000001
2011.6027397260275,3.74,0.18700000000000003
2011.6054794520549,3.627,0.18135
2011.6109589041096,3.714,0.1857
2011.613698630137,3.663,0.18315
2011.6164383561643,3.683,0.18415
2011.6191780821919,3.762,0.18810000000000002
2011.6219178082192,3.753,0.18765
2011.6246575342466,3.699,0.18495
2011.627397260274,3.662,0.1831
2011.6301369863013,3.628,0.1814
2011.6328767123289,3.879,0.19395
2011.6356164383562,3.677,0.18385
2011.6383561643836,3.665,0.18325000000000002
2011.641095890411,3.712,0.18560000000000001
2011.6438356164383,3.658,0.1829
2011.6465753424657,3.584,0.17920000000000003
2011.6493150684933,3.514,0.1757
2011.6520547945206,3.59,0.1795
2011.654794520548,3.528,0.1764
2011.6575342465753,3.518,0.1759
2011.6602739726027,3.572,0.1786
2011.6657534246576,3.435,0.17175
2011.668493150685,3.483,0.17415000000000003
2011.6712328767123,3.43,0.1715
2011.6739726027397,3.44,0.17200000000000001
2011.6794520547944,3.365,0.16825
2011.682191780822,3.398,0.16990000000000002
2011.6849315068494,3.358,0.16790000000000002
2011.690410958904,3.303,0.16515000000000002
2011.695890410959,3.295,0.16475
2011.6986301369864,3.327,0.16635
2011.7013698630137,3.406,0.1703
2011.7068493150684,3.381,0.16905
2011.7123287671234,3.399,0.16995000000000002
2011.7150684931507,3.29,0.1645
2011.717808219178,3.357,0.16785000000000003
2011.7205479452055,3.414,0.17070000000000002
2011.7232876712328,3.223,0.16115000000000002
2011.7369863013698,3.232,0.16160000000000002
2011.7397260273972,3.165,0.15825
2011.7424657534248,3.193,0.15965000000000001
2011.7479452054795,3.248,0.16240000000000002
2011.7534246575342,3.169,0.15845
2011.849315068493,3.624,0.18120000000000003
2011.8520547945207,3.135,0.15675
2011.854794520548,3.21,0.1605
2011.8575342465754,3.388,0.1694
2011.8602739726027,3.399,0.16995000000000002
2011.86301369863,3.461,0.17305
2011.8657534246574,3.411,0.17055
2011.868493150685,3.444,0.17220000000000002
2011.8739726027397,3.438,0.17190000000000003
2011.876712328767,3.518,0.1759
2011.8794520547945,3.583,0.17915000000000003
2011.8821917808218,3.524,0.17620000000000002
2011.8849315068494,3.508,0.1754
2011.8876712328768,3.498,0.17490000000000003
2011.890410958904,3.36,0.168
2011.8931506849315,3.349,0.16745000000000002
2011.8958904109588,3.536,0.1768
2011.8986301369864,3.525,0.17625000000000002
2011.9013698630138,3.443,0.17215000000000003
2011.9041095890411,3.423,0.17115000000000002
2011.9068493150685,3.485,0.17425000000000002
2011.9095890410958,3.434,0.17170000000000002
2011.9123287671232,3.503,0.17515000000000003
2011.9150684931508,3.408,0.1704
2011.9178082191781,3.471,0.17355
2011.9205479452055,3.507,0.17535
2011.9232876712329,3.493,0.17465
2011.9287671232876,3.511,0.17555
2011.9315068493152,3.301,0.16505000000000003
2011.9342465753425,3.457,0.17285
2011.9369863013699,3.326,0.1663
2011.9397260273972,3.348,0.1674
2011.9424657534246,3.202,0.16010000000000002
2011.9479452054795,3.236,0.16180000000000003
2011.9506849315069,3.252,0.1626
2011.9534246575342,3.302,0.16510000000000002
2012.0300546448088,3.353,0.16765000000000002
2012.032786885246,3.278,0.16390000000000002
2012.035519125683,3.347,0.16735
2012.049180327869,3.317,0.16585000000000003
2012.051912568306,3.299,0.16495
2012.0546448087432,3.356,0.1678
2012.0573770491803,3.343,0.16715000000000002
2012.0628415300546,3.47,0.17350000000000002
2012.0655737704917,3.335,0.16675
2012.068306010929,3.446,0.1723
2012.0710382513662,3.364,0.16820000000000002
2012.0737704918033,3.587,0.17935
2012.0765027322404,3.611,0.18055000000000002
2012.0819672131147,3.624,0.18120000000000003
2012.0874316939892,3.51,0.1755
2012.0901639344263,3.459,0.17295000000000002
2012.0928961748634,3.477,0.17385
2012.1010928961748,3.445,0.17225000000000001
2012.103825136612,3.299,0.16495
2012.1065573770493,3.455,0.17275000000000001
2012.1092896174864,3.463,0.17315000000000003
2012.1120218579235,3.362,0.16810000000000003
2012.1147540983607,3.484,0.17420000000000002
2012.120218579235,3.136,0.15680000000000002
2012.122950819672,3.46,0.17300000000000001
2012.1284153005465,3.421,0.17105
2012.1311475409836,3.498,0.17490000000000003
2012.1448087431695,3.486,0.1743
2012.1475409836066,3.301,0.16505000000000003
2012.1502732240438,3.38,0.169
2012.1530054644809,3.236,0.16180000000000003
2012.1584699453551,3.663,0.18315
2012.1612021857923,3.485,0.17425000000000002
2012.1639344262296,3.325,0.16625
2012.1693989071039,3.217,0.16085000000000002
2012.1775956284152,3.191,0.15955
2012.1830601092897,3.442,0.17210000000000003
2012.3032786885246,3.131,0.15655
2012.3060109289618,3.095,0.15475000000000003
2012.308743169399,3.051,0.15255000000000002
2012.311475409836,3.037,0.15185
2012.3142076502731,3.003,0.15015
2012.3169398907103,3.092,0.15460000000000002
2012.3196721311476,3.172,0.15860000000000002
2012.3224043715848,3.092,0.15460000000000002
2012.3251366120219,3.111,0.15555000000000002
2012.327868852459,3.113,0.15565
2012.3306010928961,3.285,0.16425
2012.3333333333333,3.185,0.15925
2012.3360655737704,3.1,0.15500000000000003
2012.3387978142077,3.277,0.16385000000000002
2012.3415300546449,3.36,0.168
2012.344262295082,3.136,0.15680000000000002
2012.3469945355191,3.215,0.16075
2012.3497267759562,3.186,0.1593
2012.3524590163934,3.257,0.16285000000000002
2012.3551912568305,3.138,0.1569
2012.3579234972678,3.145,0.15725
2012.360655737705,3.201,0.16005000000000003
2012.363387978142,3.258,0.16290000000000002
2012.3661202185792,3.004,0.1502
2012.3715846994535,3.109,0.15545
2012.3743169398906,3.146,0.1573
2012.377049180328,3.108,0.1554
2012.379781420765,3.088,0.1544
2012.3825136612022,3.1,0.15500000000000003
2012.3852459016393,3.061,0.15305000000000002
2012.3879781420765,3.027,0.15135
2012.3907103825136,3.104,0.1552
2012.3934426229507,3.043,0.15215
2012.396174863388,3.089,0.15445
2012.3989071038252,3.031,0.15155000000000002
2012.4016393442623,3.132,0.15660000000000002
2012.4098360655737,2.99,0.14950000000000002
2012.4125683060108,3.088,0.1544
2012.4153005464482,2.978,0.1489
2012.4180327868853,3.019,0.15095000000000003
2012.4207650273224,2.979,0.14895
2012.4234972677596,3.014,0.1507
2012.4262295081967,2.934,0.14670000000000002
2012.4289617486338,2.897,0.14485
2012.431693989071,2.95,0.14750000000000002
2012.4344262295083,2.877,0.14385
2012.4371584699454,2.874,0.14370000000000002
2012.4398907103825,2.902,0.1451
2012.4426229508197,2.921,0.14604999999999999
2012.4426229508197,2.914,0.14570000000000002
2012.4453551912568,2.941,0.14705
2012.448087431694,2.977,0.14885
2012.450819672131,3.0,0.15000000000000002
2012.4535519125684,3.004,0.1502
2012.4562841530055,3.072,0.15360000000000001
2012.4590163934427,3.047,0.15235
2012.4617486338798,3.053,0.15265
2012.464480874317,3.063,0.15315
2012.467213114754,3.135,0.15675
2012.4699453551912,3.11,0.1555
2012.4726775956285,3.131,0.15655
2012.4754098360656,3.132,0.15660000000000002
2012.4781420765028,3.176,0.15880000000000002
2012.48087431694,3.034,0.1517
2012.483606557377,3.189,0.15945
2012.4863387978141,3.129,0.15645
2012.4890710382513,3.171,0.15855
2012.4918032786886,3.142,0.15710000000000002
2012.5,3.183,0.15915
2012.5027322404371,3.173,0.15865
2012.5054644808743,3.114,0.1557
2012.5081967213114,3.029,0.15145
2012.5109289617487,3.035,0.15175000000000002
2012.5136612021859,3.033,0.15165
2012.516393442623,3.008,0.1504
2012.51912568306,2.95,0.14750000000000002
2012.5218579234972,2.904,0.1452
2012.5245901639344,2.871,0.14355
2012.5273224043715,2.912,0.1456
2012.5300546448088,2.892,0.1446
2012.532786885246,2.825,0.14125000000000001
2012.535519125683,2.826,0.1413
2012.5382513661202,2.8,0.13999999999999999
2012.5409836065573,2.834,0.14170000000000002
2012.5437158469945,2.864,0.1432
2012.5464480874316,2.81,0.1405
2012.549180327869,2.794,0.13970000000000002
2012.551912568306,2.826,0.1413
2012.5546448087432,2.782,0.1391
2012.5573770491803,2.818,0.1409
2012.5601092896175,2.906,0.1453
2012.5628415300546,2.815,0.14075000000000001
2012.5655737704917,2.796,0.1398
2012.568306010929,2.822,0.1411
2012.5710382513662,2.867,0.14335
2012.5737704918033,2.824,0.1412
2012.5792349726776,2.809,0.14045000000000002
2012.5819672131147,2.793,0.13965000000000002
2012.5846994535518,2.76,0.13799999999999998
2012.5874316939892,2.79,0.1395
2012.5928961748634,2.769,0.13845000000000002
2012.5956284153006,2.72,0.136
2012.5983606557377,2.762,0.1381
2012.6010928961748,2.734,0.13670000000000002
2012.603825136612,2.714,0.13570000000000002
2012.6092896174864,2.776,0.1388
2012.6120218579235,2.735,0.13675
2012.6174863387978,2.686,0.1343
2012.622950819672,2.644,0.1322
2012.6256830601094,2.609,0.13045
2012.6284153005465,2.642,0.1321
2012.6338797814208,2.552,0.12760000000000002
2012.636612021858,2.618,0.1309
2012.639344262295,2.584,0.1292
2012.6420765027322,2.584,0.1292
2012.6448087431695,2.544,0.1272
2012.6502732240438,2.568,0.12840000000000001
2012.6530054644809,2.513,0.12565
2012.655737704918,2.512,0.12560000000000002
2012.6584699453551,2.493,0.12465
2012.6612021857923,2.683,0.13415
2012.6639344262296,2.637,0.13185
2012.6666666666667,2.658,0.1329
2012.6693989071039,2.603,0.13015000000000002
2012.672131147541,2.678,0.1339
2012.691256830601,2.69,0.1345
2012.6939890710382,2.729,0.13645000000000002
2012.72131147541,2.674,0.1337
2012.7267759562842,2.63,0.1315
2012.7295081967213,2.668,0.13340000000000002
2012.7322404371585,2.809,0.14045000000000002
2012.7349726775956,2.74,0.137
2012.7377049180327,2.694,0.13470000000000001
2012.74043715847,2.635,0.13175
2012.7431693989072,2.646,0.1323
2012.7459016393443,2.685,0.13425
2012.7650273224044,2.701,0.13505
2012.7677595628415,2.696,0.1348
2012.7704918032787,2.642,0.1321
2012.7732240437158,2.699,0.13495
2012.775956284153,2.681,0.13405
2012.77868852459,2.663,0.13315
2012.7814207650274,2.608,0.13040000000000002
2012.7841530054645,2.707,0.13535
2012.7868852459017,2.6,0.13
2012.7896174863388,2.794,0.13970000000000002
2012.792349726776,2.749,0.13745000000000002
2012.795081967213,2.666,0.1333
2012.7978142076502,2.605,0.13025
2012.8005464480875,2.631,0.13155
2012.8032786885246,2.581,0.12905
2012.8060109289618,2.652,0.13260000000000002
2012.808743169399,2.745,0.13725
2012.811475409836,2.591,0.12955000000000003
2012.8142076502731,2.55,0.1275
2012.8169398907103,2.663,0.13315
2012.8196721311476,2.576,0.1288
2012.8224043715848,2.63,0.1315
2012.8251366120219,2.606,0.1303
2012.827868852459,2.619,0.13095
2012.8306010928961,2.572,0.12860000000000002
2012.8333333333333,2.603,0.13015000000000002
2012.8360655737704,2.589,0.12945
2012.8387978142077,2.612,0.13060000000000002
2012.8415300546449,2.568,0.12840000000000001
2012.844262295082,2.652,0.13260000000000002
2012.8497267759562,2.652,0.13260000000000002
2012.9043715846994,2.484,0.1242
2012.9071038251366,2.483,0.12415000000000001
2012.9098360655737,2.473,0.12365
2012.9125683060108,2.634,0.1317
2012.9153005464482,2.556,0.1278
2012.9180327868853,2.577,0.12885
2012.9289617486338,2.596,0.1298
2012.931693989071,2.525,0.12625
2012.9398907103825,2.499,0.12495
2012.9426229508197,2.521,0.12605
2012.9617486338798,2.515,0.12575
2012.964480874317,2.462,0.12310000000000001
2012.967213114754,2.514,0.1257
2013.1424657534246,2.522,0.1261
2013.145205479452,2.474,0.12370000000000002
2013.1479452054793,2.41,0.12050000000000001
2013.1780821917807,2.52,0.126
2013.1808219178083,2.5,0.125
2013.1835616438357,2.568,0.12840000000000001
2013.186301369863,2.53,0.1265
2013.1917808219177,2.604,0.1302
2013.1972602739727,2.487,0.12435000000000002
2013.2027397260274,2.605,0.13025
2013.2109589041097,2.51,0.1255
2013.213698630137,2.645,0.13225
2013.2164383561644,2.679,0.13394999999999999
2013.2301369863014,2.843,0.14215
2013.1561643835616,2.716,0.1358
2013.158904109589,2.592,0.12960000000000002
2013.1616438356164,2.689,0.13445000000000001
2013.164383561644,2.647,0.13235
2013.1753424657534,2.725,0.13625
2013.1780821917807,2.614,0.1307
2013.1808219178083,2.679,0.13394999999999999
2013.1835616438357,2.798,0.1399
2013.186301369863,2.665,0.13325
2013.1917808219177,2.659,0.13294999999999998
2013.1972602739727,2.632,0.13160000000000002
2013.2,2.682,0.1341
2013.2109589041097,2.745,0.13725
2013.213698630137,2.645,0.13225
2013.2164383561644,2.692,0.13460000000000003
2013.2191780821918,2.721,0.13605
2013.2219178082191,2.699,0.13495
2013.2246575342465,2.607,0.13035000000000002
2013.2301369863014,2.698,0.1349
2013.2328767123288,2.638,0.1319
2013.2356164383561,2.638,0.1319
2013.2383561643835,2.623,0.13115000000000002
2013.2410958904109,2.626,0.1313
2013.2438356164384,2.658,0.1329
2013.2465753424658,2.587,0.12935000000000002
2013.2493150684932,2.643,0.13215
2013.2520547945205,2.675,0.13375
2013.2547945205479,2.609,0.13045
2013.2575342465752,2.67,0.1335
2013.2602739726028,2.635,0.13175
2013.2630136986302,2.611,0.13055000000000003
2013.2657534246575,2.528,0.1264
2013.268493150685,2.586,0.1293
2013.2739726027398,2.607,0.13035000000000002
2013.2767123287672,2.583,0.12915000000000001
2013.2794520547945,2.633,0.13165000000000002
2013.282191780822,2.546,0.1273
2013.2849315068493,2.644,0.1322
2013.2876712328766,2.658,0.1329
2013.2904109589042,2.569,0.12845
2013.2931506849316,2.562,0.1281
2013.295890410959,2.555,0.12775
2013.2986301369863,2.623,0.13115000000000002
2013.3013698630136,2.578,0.1289
2013.304109589041,2.563,0.12815000000000001
2013.309589041096,2.532,0.12660000000000002
2013.3123287671233,2.431,0.12155
2013.3150684931506,2.51,0.1255
2013.331506849315,2.568,0.12840000000000001
2013.3698630136987,2.496,0.12480000000000001
2013.372602739726,2.451,0.12255
2013.3753424657534,2.456,0.1228
2013.3780821917808,2.413,0.12065
2013.3808219178081,2.387,0.11935000000000001
2013.3835616438357,2.412,0.1206
2013.386301369863,2.388,0.1194
2013.3890410958904,2.406,0.12030000000000002
2013.3917808219178,2.389,0.11945
2013.3972602739725,2.344,0.1172
2013.4,2.423,0.12115000000000001
2013.4027397260274,2.429,0.12145
2013.4054794520548,2.427,0.12135000000000001
2013.4082191780822,2.485,0.12425
2013.4109589041095,2.395,0.11975000000000001
2013.4136986301369,2.47,0.12350000000000001
2013.4164383561645,2.477,0.12385
2013.4191780821918,2.462,0.12310000000000001
2013.4219178082192,2.477,0.12385
2013.4246575342465,2.482,0.12410000000000002
2013.427397260274,2.536,0.1268
2013.4301369863015,2.491,0.12455000000000001
2013.4328767123288,2.417,0.12085
2013.4356164383562,2.299,0.11495
2013.4383561643835,2.451,0.12255
2013.441095890411,2.475,0.12375000000000001
2013.4438356164383,2.488,0.12440000000000001
2013.4438356164383,2.479,0.12395
2013.4465753424658,2.491,0.12455000000000001
2013.4493150684932,2.442,0.12210000000000001
2013.4520547945206,2.529,0.12645
2013.4575342465753,2.574,0.1287
2013.4602739726026,2.52,0.126
2013.4657534246576,2.576,0.1288
2013.468493150685,2.512,0.12560000000000002
2013.4712328767123,2.463,0.12315000000000001
2013.4739726027397,2.446,0.12230000000000002
2013.4767123287672,2.41,0.12050000000000001
2013.4794520547946,2.453,0.12265
2013.482191780822,2.423,0.12115000000000001
2013.4849315068493,2.368,0.1184
2013.4876712328767,2.299,0.11495
2013.490410958904,2.336,0.1168
2013.4931506849316,2.372,0.1186
2013.4986301369863,2.366,0.11830000000000002
2013.5013698630137,2.338,0.1169
2013.504109589041,2.4,0.12
2013.5068493150684,2.45,0.12250000000000001
2013.509589041096,2.47,0.12350000000000001
2013.5123287671233,2.454,0.12270000000000002
2013.5150684931507,2.542,0.1271
2013.517808219178,2.565,0.12825
2013.5205479452054,2.544,0.1272
2013.5232876712328,2.522,0.1261
2013.5260273972603,2.438,0.12190000000000001
2013.5287671232877,2.531,0.12655000000000002
2013.531506849315,2.54,0.127
2013.5342465753424,2.533,0.12665
2013.5369863013698,2.512,0.12560000000000002
2013.5397260273974,2.519,0.12595
2013.545205479452,2.537,0.12685
2013.5479452054794,2.571,0.12855000000000003
2013.5506849315068,2.623,0.13115000000000002
2013.5534246575342,2.537,0.12685
2013.5561643835617,2.518,0.12589999999999998
2013.558904109589,2.546,0.1273
2013.5616438356165,2.516,0.1258
2013.5643835616438,2.559,0.12795
2013.5671232876712,2.491,0.12455000000000001
2013.572602739726,2.456,0.1228
2013.5753424657535,2.39,0.11950000000000001
2013.5780821917808,2.381,0.11904999999999999
2013.5808219178082,2.381,0.11904999999999999
2013.5835616438355,2.349,0.11745000000000001
2013.5863013698631,2.365,0.11825000000000002
2013.5890410958905,2.279,0.11395
2013.5945205479452,2.29,0.1145
2013.6,2.292,0.1146
2013.6027397260275,2.27,0.1135
2013.6054794520549,2.288,0.1144
2013.6109589041096,2.212,0.11060000000000002
2013.613698630137,2.295,0.11475
2013.6164383561643,2.299,0.11495
2013.6191780821919,2.288,0.1144
2013.6219178082192,2.391,0.11955
2013.627397260274,2.327,0.11635000000000001
2013.6301369863013,2.285,0.11425000000000002
2013.6356164383562,2.266,0.11330000000000001
2013.6383561643836,2.292,0.1146
2013.641095890411,2.309,0.11545000000000001
2013.6438356164383,2.374,0.11870000000000001
2013.6465753424657,2.396,0.1198
2013.6493150684933,2.285,0.11425000000000002
2013.6520547945206,2.381,0.11904999999999999
2013.654794520548,2.363,0.11815
2013.6575342465753,2.467,0.12335000000000002
2013.6602739726027,2.42,0.121
2013.66301369863,2.472,0.1236
2013.6657534246576,2.458,0.12290000000000001
2013.668493150685,2.422,0.12110000000000001
2013.6712328767123,2.437,0.12185
2013.676712328767,2.413,0.12065
2013.682191780822,2.382,0.11910000000000001
2013.6849315068494,2.315,0.11575
2013.6876712328767,2.357,0.11785000000000001
2013.690410958904,2.356,0.1178
2013.6931506849314,2.351,0.11755
2013.695890410959,2.344,0.1172
2013.6986301369864,2.339,0.11695
2013.7013698630137,2.337,0.11685000000000001
2013.7150684931507,2.285,0.11425000000000002
2013.786301369863,2.277,0.11385
2013.7890410958903,2.277,0.11385
2013.7945205479452,2.343,0.11715
2013.7972602739726,2.39,0.11950000000000001
2013.8,2.405,0.12025
2013.8027397260273,2.382,0.11910000000000001
2013.805479452055,2.404,0.1202
2013.8082191780823,2.353,0.11765000000000002
2013.8109589041096,2.389,0.11945
2013.813698630137,2.374,0.11870000000000001
2013.8164383561643,2.405,0.12025
2013.8191780821917,2.364,0.1182
2013.8219178082193,2.407,0.12035000000000001
2013.8246575342466,2.407,0.12035000000000001
2013.827397260274,2.483,0.12415000000000001
2013.8301369863013,2.341,0.11705000000000002
2013.8328767123287,2.39,0.11950000000000001
2013.835616438356,2.367,0.11835000000000001
2013.8383561643836,2.358,0.1179
2013.841095890411,2.415,0.12075000000000001
2013.8438356164384,2.326,0.11630000000000001
2013.8465753424657,2.313,0.11565000000000002
2013.849315068493,2.396,0.1198
2013.8520547945207,2.33,0.1165
2013.854794520548,2.225,0.11125000000000002
2013.8575342465754,2.31,0.1155
2013.8602739726027,2.403,0.12015
2013.8657534246574,2.113,0.10565000000000001
2013.868493150685,2.314,0.11570000000000001
2013.876712328767,2.165,0.10825000000000001
2013.8794520547945,2.231,0.11155
2013.8849315068494,2.107,0.10535000000000001
2013.8876712328768,2.18,0.10900000000000001
2013.890410958904,2.096,0.1048
2013.8958904109588,2.088,0.1044
2013.8986301369864,2.1,0.10500000000000001
2013.9013698630138,2.076,0.1038
2013.9068493150685,2.143,0.10715
2013.9095890410958,2.122,0.1061
2013.9123287671232,2.165,0.10825000000000001
2013.9150684931508,2.09,0.1045
2013.9178082191781,2.157,0.10785
2013.9232876712329,2.204,0.11020000000000002
2013.9260273972602,2.276,0.1138
2013.9287671232876,2.299,0.11495
2013.9315068493152,2.281,0.11405000000000001
2013.9342465753425,2.17,0.1085
2013.9369863013699,2.228,0.11140000000000001
2013.9397260273972,2.207,0.11035
2013.9561643835616,2.353,0.11765000000000002
2013.9808219178083,2.22,0.11100000000000002
2013.9835616438356,2.275,0.11375
2013.986301369863,2.41,0.12050000000000001
2013.9890410958903,2.261,0.11305000000000001
2013.9917808219177,2.265,0.11325000000000002
2013.9945205479453,2.414,0.12070000000000002
2014.0027397260274,2.311,0.11555
2014.0054794520547,2.307,0.11535000000000001
2014.0082191780823,2.36,0.118
2014.0109589041097,2.356,0.1178
2014.0109589041097,2.296,0.1148
2014.013698630137,2.244,0.11220000000000002
2014.013698630137,2.283,0.11415
2014.0164383561644,2.39,0.11950000000000001
2014.0191780821917,2.286,0.11430000000000001
2014.0246575342467,2.289,0.11445000000000001
2014.027397260274,2.458,0.12290000000000001
2014.0301369863014,2.379,0.11895
2014.035616438356,2.268,0.1134
2014.0383561643835,2.231,0.11155
2014.041095890411,2.38,0.119
2014.0438356164384,2.416,0.1208
2014.0465753424658,2.351,0.11755
2014.0493150684931,2.403,0.12015
2014.054794520548,2.351,0.11755
2014.0575342465754,2.291,0.11455
2014.0630136986301,2.659,0.13294999999999998
2014.0657534246575,2.631,0.13155
2014.0684931506848,2.551,0.12755000000000002
2014.0767123287671,2.564,0.1282
2014.0849315068492,2.454,0.12270000000000002
2014.0931506849315,2.523,0.12615
2014.0958904109589,2.533,0.12665
2014.0986301369862,2.539,0.12695
2014.1013698630136,2.521,0.12605
2014.1041095890412,2.54,0.127
2014.1068493150685,2.604,0.1302
2014.1123287671232,2.603,0.13015000000000002
2014.1123287671232,2.562,0.1281
2014.1150684931506,2.514,0.1257
2014.1178082191782,2.419,0.12095
2014.1260273972603,2.445,0.12225
2014.131506849315,2.417,0.12085
2014.1342465753426,2.328,0.1164
2014.1424657534246,2.366,0.11830000000000002
2014.150684931507,2.586,0.1293
2014.158904109589,2.404,0.1202
2014.1698630136987,2.52,0.126
2014.1753424657534,2.401,0.12004999999999999
2014.1780821917807,2.375,0.11875000000000001
2014.1808219178083,2.453,0.12265
2014.1835616438357,2.368,0.1184
2014.186301369863,2.456,0.1228
2014.1917808219177,2.444,0.1222
2014.194520547945,2.302,0.11510000000000001
2014.1972602739727,2.423,0.12115000000000001
2014.2,2.354,0.11770000000000001
2014.2027397260274,2.342,0.11710000000000001
2014.2082191780821,2.375,0.11875000000000001
2014.2109589041097,2.414,0.12070000000000002
2014.213698630137,2.316,0.1158
2014.2164383561644,2.321,0.11605000000000001
2014.2191780821918,2.406,0.12030000000000002
2014.2219178082191,2.38,0.119
2014.227397260274,2.378,0.1189
2014.2301369863014,2.43,0.12150000000000001
2014.2328767123288,2.316,0.1158
2014.2356164383561,2.311,0.11555
2014.2383561643835,2.349,0.11745000000000001
2014.2410958904109,2.373,0.11865000000000002
2014.2438356164384,2.488,0.12440000000000001
2014.2465753424658,2.472,0.1236
2014.2493150684932,2.373,0.11865000000000002
2014.2547945205479,2.368,0.1184
2014.2575342465752,2.263,0.11315
2014.2602739726028,2.359,0.11795
2014.2630136986302,2.285,0.11425000000000002
2014.268493150685,2.268,0.1134
2014.2712328767122,2.336,0.1168
2014.2739726027398,2.307,0.11535000000000001
2014.2767123287672,2.235,0.11175
2014.2794520547945,2.284,0.1142
2014.2849315068493,2.306,0.11530000000000001
2014.2876712328766,2.401,0.12004999999999999
2014.2904109589042,2.236,0.11180000000000001
2014.2931506849316,2.31,0.1155
2014.295890410959,2.158,0.1079
2014.2986301369863,2.221,0.11105000000000001
2014.3123287671233,2.274,0.11370000000000001
2014.3150684931506,2.273,0.11365000000000001
2014.3205479452056,2.158,0.1079
2014.323287671233,2.149,0.10745
2014.3260273972603,2.182,0.1091
2014.3287671232877,2.122,0.1061
2014.331506849315,2.195,0.10975
2014.3342465753424,2.183,0.10915
2014.33698630137,2.136,0.1068
2014.3397260273973,2.133,0.10665000000000001
2014.3424657534247,2.211,0.11055
2014.3479452054794,2.145,0.10725000000000001
2014.3506849315067,2.173,0.10865000000000001
2014.3534246575343,2.216,0.11080000000000001
2014.3561643835617,2.15,0.1075
2014.358904109589,2.151,0.10754999999999999
2014.3616438356164,2.202,0.1101
2014.3698630136987,2.216,0.11080000000000001
2014.372602739726,2.232,0.11160000000000002
2014.386301369863,2.227,0.11135
2014.3890410958904,2.256,0.1128
2014.4,2.288,0.1144
2014.4027397260274,2.296,0.1148
2014.4054794520548,2.3,0.11499999999999999
2014.4082191780822,2.251,0.11255
2014.4109589041095,2.261,0.11305000000000001
2014.4164383561645,2.271,0.11355
2014.4191780821918,2.307,0.11535000000000001
2014.4219178082192,2.352,0.1176
2014.4246575342465,2.35,0.11750000000000001
2014.427397260274,2.24,0.11200000000000002
2014.4301369863015,2.278,0.1139
2014.4328767123288,2.272,0.11359999999999999
2014.4356164383562,2.247,0.11235
2014.4383561643835,2.282,0.11410000000000001
2014.441095890411,2.303,0.11515
2014.4465753424658,2.321,0.11605000000000001
2014.4493150684932,2.295,0.11475
2014.4520547945206,2.288,0.1144
2014.454794520548,2.283,0.11415
2014.4575342465753,2.32,0.11599999999999999
2014.4602739726026,2.3,0.11499999999999999
2014.4630136986302,2.307,0.11535000000000001
2014.4657534246576,2.325,0.11625000000000002
2014.468493150685,2.317,0.11585000000000001
2014.4712328767123,2.398,0.1199
2014.4739726027397,2.15,0.1075
2014.4767123287672,2.323,0.11615
2014.4794520547946,2.299,0.11495
2014.482191780822,2.32,0.11599999999999999
2014.4849315068493,2.289,0.11445000000000001
2014.4876712328767,2.28,0.11399999999999999
2014.490410958904,2.293,0.11465000000000002
2014.4931506849316,2.243,0.11215
2014.495890410959,2.206,0.11030000000000001
2014.5013698630137,2.217,0.11085
2014.504109589041,2.287,0.11435000000000001
2014.509589041096,2.153,0.10765000000000001
2014.5123287671233,2.232,0.11160000000000002
2014.5150684931507,2.205,0.11025000000000001
2014.5205479452054,2.235,0.11175
2014.5232876712328,2.176,0.10880000000000001
2014.5260273972603,2.234,0.11170000000000001
2014.5287671232877,2.271,0.11355
2014.531506849315,2.197,0.10985
2014.5342465753424,2.223,0.11115
2014.5369863013698,2.173,0.10865000000000001
2014.5397260273974,2.227,0.11135
2014.5424657534247,2.1789,0.10894500000000001
2014.545205479452,2.251,0.11255
2014.5479452054794,2.222,0.1111
2014.5506849315068,2.195,0.10975
2014.5534246575342,2.192,0.10960000000000002
2014.5561643835617,2.165,0.10825000000000001
2014.558904109589,2.19,0.1095
2014.5616438356165,2.155,0.10775
2014.5643835616438,2.207,0.11035
2014.5671232876712,2.202,0.1101
2014.5698630136985,2.207,0.11035
2014.572602739726,2.138,0.1069
2014.5753424657535,2.175,0.10875
2014.5780821917808,2.16,0.10800000000000001
2014.5808219178082,2.137,0.10685
2014.5835616438355,2.167,0.10835
2014.5863013698631,2.135,0.10675
2014.5890410958905,2.156,0.1078
2014.5917808219178,2.08,0.10400000000000001
2014.5972602739726,2.138,0.1069
2014.6,2.116,0.1058
2014.6027397260275,2.126,0.1063
2014.6054794520549,2.137,0.10685
2014.6082191780822,2.054,0.1027
2014.6109589041096,2.151,0.10754999999999999
2014.6164383561643,2.042,0.1021
2014.6191780821919,2.352,0.1176
2014.6219178082192,2.069,0.10345
2014.627397260274,2.366,0.11830000000000002
2014.6328767123289,2.285,0.11425000000000002
2014.6356164383562,2.134,0.1067
2014.641095890411,2.015,0.10075
2014.6438356164383,2.064,0.10320000000000001
2014.6465753424657,1.98,0.099
2014.6493150684933,2.21,0.1105
2014.6520547945206,2.144,0.10720000000000002
2014.6575342465753,2.157,0.10785
2014.6602739726027,2.105,0.10525000000000001
2014.66301369863,2.106,0.1053
2014.6657534246576,2.225,0.11125000000000002
2014.668493150685,2.166,0.10830000000000001
2014.6712328767123,2.203,0.11015
2014.6739726027397,2.224,0.11120000000000002
2014.676712328767,2.147,0.10735
2014.6794520547944,2.158,0.1079
2014.682191780822,2.192,0.10960000000000002
2014.690410958904,2.115,0.10575000000000001
2014.6931506849314,2.146,0.1073
2014.7013698630137,1.999,0.09995000000000001
2014.7095890410958,2.032,0.10160000000000001
2014.717808219178,2.195,0.10975
2014.7205479452055,2.115,0.10575000000000001
2014.7232876712328,2.231,0.11155
2014.7260273972602,2.208,0.11040000000000001
2014.7287671232878,2.237,0.11185
2014.7342465753425,2.179,0.10894999999999999
2014.7369863013698,2.168,0.10840000000000001
2014.7424657534248,2.178,0.1089
2014.7452054794521,2.195,0.10975
2014.7479452054795,2.213,0.11065000000000001
2014.7506849315068,2.166,0.10830000000000001
2014.7534246575342,2.175,0.10875
2014.7561643835616,2.1,0.10500000000000001
2014.7589041095891,2.199,0.10994999999999999
2014.7616438356165,2.242,0.1121
2014.7643835616439,2.122,0.1061
2014.7698630136986,2.085,0.10425000000000001
2014.772602739726,2.164,0.10820000000000002
2014.7780821917809,2.163,0.10815
2014.7835616438356,2.116,0.1058
2014.7890410958903,2.141,0.10705
2014.7945205479452,2.121,0.10605
2014.7972602739726,2.059,0.10295000000000001
2014.8027397260273,2.18,0.10900000000000001
2014.8082191780823,2.053,0.10265
2014.813698630137,2.092,0.10460000000000001
2014.8164383561643,2.064,0.10320000000000001
2014.8191780821917,2.091,0.10455000000000002
2014.8219178082193,2.047,0.10235000000000001
2014.8246575342466,2.188,0.10940000000000001
2014.8328767123287,2.179,0.10894999999999999
2014.8383561643836,2.221,0.11105000000000001
2014.841095890411,2.102,0.1051
2014.8438356164384,2.152,0.10760000000000002
2014.8465753424657,2.029,0.10145
2014.849315068493,2.168,0.10840000000000001
2014.8520547945207,2.084,0.10420000000000001
2014.854794520548,2.092,0.10460000000000001
2014.8712328767124,2.023,0.10115000000000002
2014.8739726027397,2.053,0.10265
2014.8794520547945,2.016,0.1008
2014.8821917808218,2.026,0.1013
2014.8849315068494,2.005,0.10025
2014.890410958904,2.013,0.10065
2014.8931506849315,2.019,0.10095000000000001
2014.8958904109588,2.047,0.10235000000000001
2014.8986301369864,2.008,0.1004
2014.9013698630138,2.004,0.10020000000000001
2014.9041095890411,2.048,0.1024
2014.9095890410958,2.061,0.10305
2014.9123287671232,2.102,0.1051
2014.9178082191781,2.123,0.10615000000000002
2014.9205479452055,2.085,0.10425000000000001
2014.9232876712329,2.076,0.1038
2014.9260273972602,2.076,0.1038
2014.9287671232876,2.038,0.10189999999999999
2014.9315068493152,2.048,0.1024
2014.9369863013699,2.084,0.10420000000000001
2014.9424657534246,2.051,0.10255000000000002
2014.945205479452,2.028,0.1014
2014.9479452054795,2.077,0.10385
2014.9561643835616,2.046,0.1023
2014.958904109589,2.017,0.10085
2014.9616438356165,2.045,0.10225000000000001
2014.964383561644,2.099,0.10495000000000002
2014.9671232876713,2.068,0.1034
2014.9698630136986,2.116,0.1058
2014.9753424657533,2.03,0.10149999999999999
2014.978082191781,2.07,0.1035
2014.9808219178083,2.118,0.1059
2014.9835616438356,2.124,0.10620000000000002
2014.986301369863,1.975,0.09875
2014.9945205479453,2.064,0.10320000000000001
2015.0027397260274,2.018,0.10089999999999999
2015.0054794520547,1.966,0.0983
2015.0082191780823,2.125,0.10625000000000001
2015.0109589041097,2.014,0.1007
2015.0191780821917,2.037,0.10185
2015.021917808219,2.048,0.1024
2015.0246575342467,2.028,0.1014
2015.027397260274,2.09,0.1045
2015.0328767123287,2.099,0.10495000000000002
2015.035616438356,1.978,0.0989
2015.0383561643835,2.004,0.10020000000000001
2015.041095890411,1.984,0.09920000000000001
2015.0438356164384,1.963,0.09815000000000002
2015.0465753424658,2.029,0.10145
2015.0520547945205,2.031,0.10155000000000002
2015.054794520548,2.015,0.10075
2015.0575342465754,1.997,0.09985000000000001
2015.0602739726028,2.025,0.10125
2015.0630136986301,2.004,0.10020000000000001
2015.0657534246575,2.058,0.10289999999999999
2015.0712328767124,2.059,0.10295000000000001
2015.0739726027398,2.028,0.1014
2015.0767123287671,1.961,0.09805000000000001
2015.0794520547945,2.048,0.1024
2015.0821917808219,2.025,0.10125
2015.0849315068492,2.115,0.10575000000000001
2015.0904109589042,1.991,0.09955000000000001
2015.0931506849315,2.023,0.10115000000000002
2015.0958904109589,2.054,0.1027
2015.0986301369862,2.055,0.10275000000000001
2015.1013698630136,2.076,0.1038
2015.1041095890412,2.109,0.10545
2015.109589041096,2.086,0.1043
2015.1123287671232,2.135,0.10675
2015.1178082191782,2.136,0.1068
2015.1205479452055,2.072,0.10360000000000001
2015.123287671233,2.131,0.10654999999999999
2015.1287671232876,2.118,0.1059
2015.131506849315,2.084,0.10420000000000001
2015.1342465753426,2.074,0.1037
2015.1397260273973,2.025,0.10125
2015.1424657534246,2.101,0.10505
2015.145205479452,2.104,0.10520000000000002
2015.150684931507,2.065,0.10325000000000001
2015.1561643835616,2.029,0.10145
2015.158904109589,1.989,0.09945000000000001
2015.1616438356164,1.972,0.09860000000000001
2015.1698630136987,1.981,0.09905000000000001
2015.172602739726,1.961,0.09805000000000001
2015.1753424657534,1.914,0.09570000000000001
2015.1780821917807,1.89,0.0945
2015.1808219178083,1.937,0.09685
2015.1835616438357,1.833,0.09165000000000001
2015.2109589041097,1.923,0.09615000000000001
2015.213698630137,1.855,0.09275
2015.2191780821918,1.862,0.09310000000000002
2015.2246575342465,1.877,0.09385
2015.2301369863014,1.972,0.09860000000000001
2015.2328767123288,1.983,0.09915000000000002
2015.2356164383561,2.0,0.1
2015.2383561643835,1.984,0.09920000000000001
2015.2410958904109,2.026,0.1013
2015.2438356164384,2.03,0.10149999999999999
2015.2465753424658,2.017,0.10085
2015.2493150684932,2.059,0.10295000000000001
2015.2520547945205,2.068,0.1034
2015.2547945205479,2.14,0.10700000000000001
2015.2575342465752,2.048,0.1024
2015.2602739726028,2.212,0.11060000000000002
2015.2630136986302,2.167,0.10835
2015.268493150685,2.098,0.1049
2015.2794520547945,2.123,0.10615000000000002
2015.282191780822,2.198,0.1099
2015.2849315068493,2.105,0.10525000000000001
2015.2876712328766,2.123,0.10615000000000002
2015.2904109589042,2.192,0.10960000000000002
2015.2931506849316,2.222,0.1111
2015.295890410959,2.142,0.1071
2015.3013698630136,2.156,0.1078
2015.3068493150686,2.123,0.10615000000000002
2015.309589041096,2.084,0.10420000000000001
2015.3123287671233,2.065,0.10325000000000001
2015.3150684931506,2.045,0.10225000000000001
2015.317808219178,2.038,0.10189999999999999
2015.3205479452056,2.074,0.1037
2015.323287671233,2.009,0.10045
2015.3260273972603,1.955,0.09775
2015.3287671232877,1.994,0.09970000000000001
2015.331506849315,2.028,0.1014
2015.3342465753424,2.011,0.10055000000000001
2015.33698630137,1.937,0.09685
2015.3424657534247,1.983,0.09915000000000002
2015.3479452054794,2.07,0.1035
2015.3506849315067,1.972,0.09860000000000001
2015.3534246575343,1.936,0.0968
2015.358904109589,1.99,0.0995
2015.3616438356164,2.023,0.10115000000000002
2015.3643835616438,2.011,0.10055000000000001
2015.3671232876711,2.003,0.10015000000000002
2015.3753424657534,2.067,0.10335000000000001
2015.3808219178081,2.016,0.1008
2015.3835616438357,2.025,0.10125
2015.386301369863,2.039,0.10195000000000001
2015.3890410958904,2.026,0.1013
2015.3917808219178,2.031,0.10155000000000002
2015.3945205479451,2.028,0.1014
2015.3972602739725,2.002,0.1001
2015.4,1.99,0.0995
2015.4027397260274,2.011,0.10055000000000001
2015.4027397260274,2.018,0.10089999999999999
2015.4082191780822,2.085,0.10425000000000001
2015.4109589041095,1.983,0.09915000000000002
2015.4136986301369,2.001,0.10005
2015.4164383561645,1.889,0.09445
2015.4191780821918,1.988,0.0994
2015.4219178082192,2.072,0.10360000000000001
2015.4246575342465,2.092,0.10460000000000001
2015.427397260274,2.01,0.10049999999999999
2015.4301369863015,2.048,0.1024
2015.4328767123288,2.009,0.10045
2015.4356164383562,2.026,0.1013
2015.4383561643835,2.015,0.10075
2015.441095890411,1.967,0.09835
2015.4438356164383,1.967,0.09835
2015.4465753424658,1.987,0.09935000000000001
2015.4493150684932,1.874,0.0937
2015.454794520548,1.881,0.09405000000000001
2015.4575342465753,1.868,0.09340000000000001
2015.4602739726026,1.925,0.09625
2015.4630136986302,1.896,0.0948
2015.468493150685,1.816,0.0908
2015.4712328767123,1.888,0.0944
2015.4739726027397,1.842,0.09210000000000002
2015.4767123287672,1.817,0.09085
2015.482191780822,1.838,0.09190000000000001
2015.4849315068493,1.854,0.0927
2015.490410958904,1.821,0.09105
2015.4931506849316,1.878,0.0939
2015.495890410959,1.798,0.08990000000000001
2015.4986301369863,1.873,0.09365000000000001
2015.5013698630137,1.89,0.0945
2015.504109589041,1.842,0.09210000000000002
2015.5068493150684,1.812,0.09060000000000001
2015.509589041096,1.858,0.09290000000000001
2015.5123287671233,1.776,0.0888
2015.5150684931507,1.879,0.09395
2015.517808219178,1.837,0.09185
2015.5205479452054,1.848,0.09240000000000001
2015.5232876712328,1.888,0.0944
2015.5260273972603,1.862,0.09310000000000002
2015.5287671232877,1.845,0.09225
2015.531506849315,1.798,0.08990000000000001
2015.5342465753424,1.869,0.09345
2015.5369863013698,1.82,0.09100000000000001
2015.5397260273974,1.897,0.09485
2015.5424657534247,1.883,0.09415000000000001
2015.545205479452,1.924,0.09620000000000001
2015.5479452054794,1.935,0.09675
2015.5506849315068,1.858,0.09290000000000001
2015.5534246575342,1.942,0.0971
2015.5561643835617,1.946,0.0973
2015.558904109589,1.983,0.09915000000000002
2015.5616438356165,2.005,0.10025
2015.5643835616438,1.965,0.09825
2015.5671232876712,1.96,0.098
2015.5698630136985,1.985,0.09925
2015.572602739726,1.985,0.09925
2015.5753424657535,1.983,0.09915000000000002
2015.5780821917808,1.982,0.09910000000000001
2015.5808219178082,1.942,0.0971
2015.5835616438355,2.034,0.1017
2015.5863013698631,2.023,0.10115000000000002
2015.5890410958905,1.985,0.09925
2015.5917808219178,1.984,0.09920000000000001
2015.5945205479452,1.939,0.09695000000000001
2015.5972602739726,1.892,0.0946
2015.6,1.972,0.09860000000000001
2015.6027397260275,1.902,0.0951
2015.6054794520549,1.953,0.09765000000000001
2015.6082191780822,1.98,0.099
2015.6109589041096,2.027,0.10135000000000001
2015.613698630137,1.984,0.09920000000000001
2015.6164383561643,1.98,0.099
2015.6191780821919,1.948,0.0974
2015.6219178082192,1.951,0.09755000000000001
2015.6246575342466,1.948,0.0974
2015.627397260274,1.918,0.0959
2015.6301369863013,1.987,0.09935000000000001
2015.6328767123289,1.955,0.09775
2015.6356164383562,2.018,0.10089999999999999
2015.6383561643836,2.005,0.10025
2015.641095890411,2.019,0.10095000000000001
2015.6465753424657,1.988,0.0994
2015.6520547945206,2.015,0.10075
2015.654794520548,1.989,0.09945000000000001
2015.6575342465753,1.862,0.09310000000000002
2015.6602739726027,1.916,0.0958
2015.66301369863,2.033,0.10165
2015.6657534246576,1.869,0.09345
2015.668493150685,1.777,0.08885
2015.6712328767123,2.011,0.10055000000000001
2015.6739726027397,2.024,0.10120000000000001
2015.676712328767,1.827,0.09135
2015.6794520547944,1.872,0.09360000000000002
2015.682191780822,1.844,0.0922
2015.6849315068494,1.882,0.0941
2015.6876712328767,1.839,0.09195
2015.690410958904,1.757,0.08785
2015.695890410959,1.855,0.09275
2015.6986301369864,1.77,0.08850000000000001
2015.7013698630137,1.806,0.0903
2015.704109589041,1.82,0.09100000000000001
2015.7068493150684,1.762,0.08810000000000001
2015.7150684931507,1.856,0.09280000000000001
2015.717808219178,1.852,0.09260000000000002
2015.7205479452055,1.806,0.0903
2015.7232876712328,1.842,0.09210000000000002
2015.7260273972602,1.814,0.0907
2015.7287671232878,1.833,0.09165000000000001
2015.731506849315,1.829,0.09145
2015.7342465753425,1.88,0.094
2015.7369863013698,1.879,0.09395
2015.7397260273972,1.882,0.0941
2015.7424657534248,1.904,0.0952
2015.7452054794521,1.854,0.0927
2015.7479452054795,1.926,0.0963
2015.7506849315068,1.928,0.0964
2015.7534246575342,1.852,0.09260000000000002
2015.7561643835616,1.926,0.0963
2015.7589041095891,2.005,0.10025
2015.7616438356165,2.017,0.10085
2015.7671232876712,1.834,0.0917
2015.7698630136986,1.926,0.0963
2015.7753424657535,1.955,0.09775
2015.7780821917809,1.931,0.09655000000000001
2015.7808219178082,1.891,0.09455000000000001
2015.8,1.911,0.09555000000000001
2015.8027397260273,1.866,0.09330000000000001
2015.805479452055,1.862,0.09310000000000002
2015.8082191780823,1.869,0.09345
2015.8109589041096,1.881,0.09405000000000001
2015.813698630137,1.946,0.0973
2015.8164383561643,1.809,0.09045
2015.8191780821917,1.73,0.08650000000000001
2015.8219178082193,1.812,0.09060000000000001
2015.8246575342466,1.771,0.08855
2015.849315068493,1.742,0.08710000000000001
2015.8520547945207,1.769,0.08845
2015.8575342465754,1.787,0.08935
2015.86301369863,1.855,0.09275
2015.868493150685,1.843,0.09215000000000001
2015.8739726027397,1.957,0.09785
2015.876712328767,1.971,0.09855000000000001
2015.8794520547945,1.912,0.0956
2015.8821917808218,1.935,0.09675
2015.8849315068494,1.971,0.09855000000000001
2015.8876712328768,1.896,0.0948
2015.890410958904,1.937,0.09685
2015.8958904109588,1.929,0.09645000000000001
2015.8986301369864,1.938,0.0969
2015.9013698630138,1.899,0.09495
2015.9041095890411,1.895,0.09475
2015.9068493150685,1.92,0.096
2015.9095890410958,1.916,0.0958
2015.9123287671232,1.899,0.09495
2015.9150684931508,1.882,0.0941
2015.9205479452055,1.865,0.09325
2015.9232876712329,1.867,0.09335
2015.9260273972602,1.791,0.08955
2015.9287671232876,1.861,0.09305000000000001
2015.9315068493152,1.783,0.08915000000000001
2015.9342465753425,1.798,0.08990000000000001
2015.9369863013699,1.816,0.0908
2015.9397260273972,1.757,0.08785
2015.9424657534246,1.788,0.08940000000000001
2015.945205479452,1.775,0.08875
2015.9479452054795,1.849,0.09245
2015.9534246575342,1.794,0.0897
2015.9561643835616,1.866,0.09330000000000001
2015.958904109589,1.838,0.09190000000000001
2015.9616438356165,1.832,0.09160000000000001
2015.964383561644,1.745,0.08725000000000001
2015.9698630136986,1.732,0.08660000000000001
2015.972602739726,1.679,0.08395000000000001
2015.9753424657533,1.746,0.0873
2015.978082191781,1.706,0.0853
2015.9808219178083,1.779,0.08895
2015.9835616438356,1.775,0.08875
2015.986301369863,1.746,0.0873
2015.9917808219177,1.876,0.0938
2015.9972602739726,1.834,0.0917
2016.0027322404371,1.744,0.0872
2016.0054644808743,1.833,0.09165000000000001
2016.0081967213114,1.664,0.0832
2016.0109289617487,1.655,0.08275
2016.0136612021859,1.803,0.09015000000000001
2016.016393442623,1.789,0.08945
2016.01912568306,1.823,0.09115000000000001
2016.0218579234972,1.91,0.0955
2016.0245901639344,1.892,0.0946
2016.0300546448088,1.829,0.09145
2016.032786885246,1.84,0.09200000000000001
2016.0382513661202,1.877,0.09385
2016.0409836065573,1.859,0.09295
2016.0437158469945,1.854,0.0927
2016.049180327869,1.846,0.09230000000000001
2016.051912568306,1.908,0.0954
2016.0546448087432,1.846,0.09230000000000001
2016.0573770491803,1.8,0.09000000000000001
2016.068306010929,1.793,0.08965000000000001
2016.0710382513662,1.731,0.08655000000000002
2016.0737704918033,1.784,0.0892
2016.0765027322404,1.839,0.09195
2016.0792349726776,1.861,0.09305000000000001
2016.0819672131147,1.832,0.09160000000000001
2016.0874316939892,1.875,0.09375
2016.0901639344263,1.84,0.09200000000000001
2016.0956284153006,1.858,0.09290000000000001
2016.0983606557377,1.855,0.09275
2016.1065573770493,1.834,0.0917
2016.1092896174864,1.866,0.09330000000000001
2016.1120218579235,1.802,0.09010000000000001
2016.1147540983607,1.844,0.0922
2016.1174863387978,1.811,0.09055
2016.120218579235,1.844,0.0922
2016.1256830601094,1.886,0.0943
2016.1284153005465,1.867,0.09335
2016.1311475409836,1.918,0.0959
2016.1338797814208,1.853,0.09265000000000001
2016.139344262295,1.946,0.0973
2016.1420765027322,1.907,0.09535
2016.1502732240438,1.86,0.09300000000000001
2016.1530054644809,1.838,0.09190000000000001
2016.1584699453551,1.909,0.09545000000000001
2016.1639344262296,1.794,0.0897
2016.1666666666667,1.831,0.09155
2016.1693989071039,1.854,0.0927
2016.1748633879781,1.928,0.0964
2016.1803278688524,1.878,0.0939
2016.1830601092897,1.82,0.09100000000000001
2016.188524590164,1.844,0.0922
2016.191256830601,1.833,0.09165000000000001
2016.1939890710382,1.806,0.0903
2016.1967213114754,1.724,0.0862
2016.2021857923498,1.763,0.08815
2016.204918032787,1.817,0.09085
2016.207650273224,1.72,0.08600000000000001
2016.2103825136612,1.755,0.08775
2016.2131147540983,1.779,0.08895
2016.2185792349726,1.677,0.08385000000000001
2016.22131147541,1.754,0.0877
2016.224043715847,1.727,0.08635000000000001
2016.2267759562842,1.77,0.08850000000000001
2016.2295081967213,1.792,0.08960000000000001
2016.2322404371585,1.746,0.0873
2016.2377049180327,1.714,0.0857
2016.2431693989072,1.792,0.08960000000000001
2016.2459016393443,1.787,0.08935
2016.2486338797814,1.739,0.08695000000000001
2016.2513661202186,1.749,0.08745000000000001
2016.2540983606557,1.731,0.08655000000000002
2016.2568306010928,1.745,0.08725000000000001
2016.25956284153,1.75,0.08750000000000001
2016.2622950819673,1.748,0.0874
2016.2650273224044,1.765,0.08825
2016.2677595628415,1.798,0.08990000000000001
2016.2704918032787,1.782,0.08910000000000001
2016.2732240437158,1.794,0.0897
2016.27868852459,1.833,0.09165000000000001
2016.2814207650274,1.798,0.08990000000000001
2016.2841530054645,1.749,0.08745000000000001
2016.2868852459017,1.764,0.0882
2016.2896174863388,1.76,0.08800000000000001
2016.292349726776,1.874,0.0937
2016.295081967213,1.821,0.09105
2016.2978142076502,1.848,0.09240000000000001
2016.3005464480875,1.809,0.09045
2016.3032786885246,1.848,0.09240000000000001
2016.3060109289618,1.842,0.09210000000000002
2016.308743169399,1.912,0.0956
2016.311475409836,1.825,0.09125
2016.3142076502731,1.885,0.09425
2016.3169398907103,1.892,0.0946
2016.3196721311476,1.865,0.09325
2016.3224043715848,1.926,0.0963
2016.3251366120219,1.837,0.09185
2016.327868852459,1.874,0.0937
2016.3306010928961,1.889,0.09445
2016.3333333333333,1.831,0.09155
2016.3360655737704,1.855,0.09275
2016.3387978142077,1.842,0.09210000000000002
2016.3415300546449,1.875,0.09375
2016.344262295082,1.852,0.09260000000000002
2016.3497267759562,1.844,0.0922
2016.3524590163934,1.934,0.09670000000000001
2016.3551912568305,1.849,0.09245
2016.3579234972678,1.851,0.09255000000000001
2016.360655737705,1.867,0.09335
2016.363387978142,1.803,0.09015000000000001
2016.3661202185792,1.765,0.08825
2016.3688524590164,1.857,0.09285
2016.3715846994535,1.753,0.08765
2016.3743169398906,1.817,0.09085
2016.377049180328,1.799,0.08995
2016.3825136612022,1.803,0.09015000000000001
2016.3852459016393,1.789,0.08945
2016.3879781420765,1.781,0.08905
2016.3907103825136,1.766,0.0883
2016.396174863388,1.783,0.08915000000000001
2016.4016393442623,1.73,0.08650000000000001
2016.4071038251366,1.769,0.08845
2016.4125683060108,1.72,0.08600000000000001
2016.4234972677596,1.799,0.08995
2016.4289617486338,1.751,0.08755
2016.4398907103825,1.803,0.09015000000000001
2016.4426229508197,1.8,0.09000000000000001
2016.4453551912568,1.809,0.09045
2016.448087431694,1.786,0.0893
2016.450819672131,1.806,0.0903
2016.4535519125684,1.815,0.09075
2016.4562841530055,1.826,0.0913
2016.4590163934427,1.795,0.08975
2016.4617486338798,1.759,0.08795
2016.464480874317,1.811,0.09055
2016.467213114754,1.858,0.09290000000000001
2016.4699453551912,1.822,0.09110000000000001
2016.4726775956285,1.805,0.09025
2016.4754098360656,1.823,0.09115000000000001
2016.4781420765028,1.838,0.09190000000000001
2016.48087431694,1.85,0.09250000000000001
2016.483606557377,1.85,0.09250000000000001
2016.4863387978141,1.839,0.09195
2016.4890710382513,1.847,0.09235
2016.4918032786886,1.817,0.09085
2016.4945355191257,1.839,0.09195
2016.4972677595629,1.875,0.09375
2016.5,1.763,0.08815
2016.5027322404371,1.767,0.08835
2016.5054644808743,1.772,0.08860000000000001
2016.5081967213114,1.767,0.08835
2016.5109289617487,1.834,0.0917
2016.5136612021859,1.79,0.08950000000000001
2016.516393442623,1.626,0.0813
2016.51912568306,1.809,0.09045
2016.5245901639344,1.752,0.08760000000000001
2016.5273224043715,1.768,0.0884
2016.5300546448088,1.706,0.0853
2016.532786885246,1.739,0.08695000000000001
2016.535519125683,1.715,0.08575
2016.5382513661202,1.735,0.08675000000000001
2016.5409836065573,1.707,0.08535000000000001
2016.5437158469945,1.703,0.08515
2016.5464480874316,1.733,0.08665
2016.551912568306,1.672,0.08360000000000001
2016.5546448087432,1.686,0.0843
2016.5573770491803,1.723,0.08615
2016.5601092896175,1.724,0.0862
2016.5628415300546,1.656,0.0828
2016.5655737704917,1.712,0.08560000000000001
2016.568306010929,1.69,0.0845
2016.5710382513662,1.697,0.08485000000000001
2016.5737704918033,1.709,0.08545000000000001
2016.5765027322404,1.69,0.0845
2016.5792349726776,1.703,0.08515
2016.5819672131147,1.714,0.0857
2016.5846994535518,1.715,0.08575
2016.5874316939892,1.721,0.08605000000000002
2016.5901639344263,1.689,0.08445000000000001
2016.5956284153006,1.677,0.08385000000000001
2016.5983606557377,1.732,0.08660000000000001
2016.6010928961748,1.64,0.082
2016.603825136612,1.756,0.0878
2016.6065573770493,1.699,0.08495000000000001
2016.6092896174864,1.727,0.08635000000000001
2016.6120218579235,1.681,0.08405000000000001
2016.6147540983607,1.639,0.08195000000000001
2016.620218579235,1.681,0.08405000000000001
2016.622950819672,1.604,0.08020000000000001
2016.6284153005465,1.633,0.08165
2016.6338797814208,1.596,0.07980000000000001
2016.636612021858,1.553,0.07765
2016.639344262295,1.675,0.08375
2016.6420765027322,1.653,0.08265
2016.6448087431695,1.595,0.07975
2016.6475409836066,1.621,0.08105000000000001
2016.6502732240438,1.618,0.08090000000000001
2016.6530054644809,1.645,0.08225
2016.655737704918,1.548,0.07740000000000001
2016.6584699453551,1.656,0.0828
2016.6612021857923,1.63,0.0815
2016.6693989071039,1.593,0.07965
2016.672131147541,1.588,0.07940000000000001
2016.6748633879781,1.615,0.08075
2016.6775956284152,1.525,0.07625
2016.6803278688524,1.586,0.07930000000000001
2016.6830601092897,1.604,0.08020000000000001
2016.6857923497269,1.585,0.07925
2016.691256830601,1.619,0.08095000000000001
2016.6967213114754,1.641,0.08205000000000001
2016.7021857923498,1.684,0.0842
2016.707650273224,1.701,0.08505000000000001
2016.7131147540983,1.693,0.08465
2016.7185792349726,1.703,0.08515
2016.7295081967213,1.708,0.0854
2016.7349726775956,1.697,0.08485000000000001
2016.7459016393443,1.62,0.08100000000000002
2016.7486338797814,1.539,0.07695
2016.7513661202186,1.594,0.07970000000000001
2016.7540983606557,1.618,0.08090000000000001
2016.7568306010928,1.581,0.07905000000000001
2016.75956284153,1.621,0.08105000000000001
2016.7622950819673,1.577,0.07885
2016.7650273224044,1.573,0.07865
2016.7677595628415,1.591,0.07955000000000001
2016.7704918032787,1.647,0.08235
2016.7732240437158,1.585,0.07925
2016.775956284153,1.631,0.08155000000000001
2016.77868852459,1.572,0.0786
2016.7814207650274,1.571,0.07855000000000001
2016.7841530054645,1.579,0.07895
2016.792349726776,1.57,0.07850000000000001
2016.795081967213,1.587,0.07935
2016.7978142076502,1.583,0.07915
2016.8005464480875,1.563,0.07815
2016.8060109289618,1.551,0.07755000000000001
2016.811475409836,1.589,0.07945
2016.8142076502731,1.568,0.07840000000000001
2016.8169398907103,1.667,0.08335000000000001
2016.8196721311476,1.637,0.08185
2016.8224043715848,1.646,0.0823
2016.8251366120219,1.633,0.08165
2016.8306010928961,1.7,0.085
2016.8333333333333,1.612,0.0806
2016.8360655737704,1.629,0.08145000000000001
2016.8387978142077,1.625,0.08125
2016.8415300546449,1.667,0.08335000000000001
2016.844262295082,1.699,0.08495000000000001
2016.8469945355191,1.641,0.08205000000000001
2016.8524590163934,1.475,0.07375000000000001
2016.8579234972678,1.61,0.08050000000000002
2016.8661202185792,1.632,0.0816
2016.879781420765,1.604,0.08020000000000001
2016.8825136612022,1.486,0.0743
2016.8934426229507,1.588,0.07940000000000001
2016.8989071038252,1.578,0.07890000000000001
2016.9016393442623,1.656,0.0828
2016.9043715846994,1.568,0.07840000000000001
2016.9098360655737,1.578,0.07890000000000001
2016.9153005464482,1.482,0.0741
2016.9207650273224,1.55,0.07750000000000001
2016.9289617486338,1.594,0.07970000000000001
2016.9344262295083,1.546,0.07730000000000001
2016.9371584699454,1.577,0.07885
2016.9398907103825,1.563,0.07815
2016.9426229508197,1.494,0.0747
2016.950819672131,1.552,0.0776
2016.9617486338798,1.52,0.07600000000000001
2016.967213114754,1.564,0.0782
2016.9726775956285,1.594,0.07970000000000001
2016.9781420765028,1.589,0.07945
2016.9890710382513,1.566,0.07830000000000001
2016.9945355191257,1.592,0.0796
2017.0027397260274,1.552,0.0776
2017.0054794520547,1.636,0.0818
2017.0082191780823,1.544,0.0772
2017.0109589041097,1.55,0.07750000000000001
2017.013698630137,1.561,0.07805000000000001
2017.0164383561644,1.568,0.07840000000000001
2017.0191780821917,1.619,0.08095000000000001
2017.0246575342467,1.529,0.07645
2017.027397260274,1.651,0.08255000000000001
2017.0301369863014,1.563,0.07815
2017.0328767123287,1.558,0.07790000000000001
2017.035616438356,1.538,0.07690000000000001
2017.0383561643835,1.514,0.0757
2017.0438356164384,1.564,0.0782
2017.0465753424658,1.512,0.0756
2017.0520547945205,1.531,0.07655
2017.054794520548,1.545,0.07725
2017.0575342465754,1.567,0.07835
2017.0630136986301,1.481,0.07405
2017.0657534246575,1.542,0.0771
2017.0712328767124,1.464,0.0732
2017.0739726027398,1.506,0.0753
2017.0767123287671,1.508,0.07540000000000001
2017.0821917808219,1.429,0.07145
2017.0876712328768,1.487,0.07435000000000001
2017.0931506849315,1.423,0.07115
2017.0958904109589,1.502,0.0751
2017.1013698630136,1.482,0.0741
2017.1041095890412,1.486,0.0743
2017.1068493150685,1.487,0.07435000000000001
2017.109589041096,1.504,0.0752
2017.1123287671232,1.518,0.07590000000000001
2017.1150684931506,1.557,0.07785
2017.1205479452055,1.501,0.07505
2017.123287671233,1.552,0.0776
2017.1260273972603,1.464,0.0732
2017.1287671232876,1.503,0.07515
2017.131506849315,1.543,0.07715
2017.1342465753426,1.547,0.07735
2017.1397260273973,1.565,0.07825
2017.1424657534246,1.526,0.0763
2017.145205479452,1.563,0.07815
2017.150684931507,1.49,0.0745
2017.1616438356164,1.525,0.07625
2017.1671232876713,1.56,0.07800000000000001
2017.172602739726,1.576,0.07880000000000001
2017.1780821917807,1.5,0.07500000000000001
2017.1835616438357,1.558,0.07790000000000001
2017.1890410958904,1.473,0.07365000000000001
2017.194520547945,1.537,0.07685
2017.2,1.565,0.07825
2017.2027397260274,1.523,0.07615
2017.2054794520548,1.583,0.07915
2017.2082191780821,1.642,0.0821
2017.2109589041097,1.629,0.08145000000000001
2017.213698630137,1.526,0.0763
2017.2164383561644,1.517,0.07585
2017.2191780821918,1.576,0.07880000000000001
2017.2219178082191,1.548,0.07740000000000001
2017.2246575342465,1.601,0.08005000000000001
2017.227397260274,1.57,0.07850000000000001
2017.2328767123288,1.515,0.07575
2017.2356164383561,1.504,0.0752
2017.2383561643835,1.581,0.07905000000000001
2017.2438356164384,1.568,0.07840000000000001
2017.2493150684932,1.529,0.07645
2017.2547945205479,1.542,0.0771
2017.2575342465752,1.599,0.07995000000000001
2017.2602739726028,1.549,0.07745
2017.2630136986302,1.505,0.07525
2017.2657534246575,1.598,0.07990000000000001
2017.2712328767122,1.508,0.07540000000000001
2017.2739726027398,1.561,0.07805000000000001
2017.2767123287672,1.542,0.0771
2017.2794520547945,1.461,0.07305
2017.282191780822,1.484,0.0742
2017.2849315068493,1.583,0.07915
2017.2876712328766,1.54,0.07700000000000001
2017.2904109589042,1.59,0.07950000000000002
2017.2931506849316,1.636,0.0818
2017.2986301369863,1.488,0.07440000000000001
2017.3068493150686,1.449,0.07245
2017.3123287671233,1.487,0.07435000000000001
2017.317808219178,1.48,0.074
2017.323287671233,1.503,0.07515
2017.3287671232877,1.539,0.07695
2017.3342465753424,1.478,0.07390000000000001
2017.3397260273973,1.498,0.07490000000000001
2017.345205479452,1.426,0.0713
2017.3506849315067,1.598,0.07990000000000001
2017.358904109589,1.524,0.0762
2017.3616438356164,1.591,0.07955000000000001
2017.3643835616438,1.508,0.07540000000000001
2017.3671232876711,1.525,0.07625
2017.372602739726,1.552,0.0776
2017.3753424657534,1.559,0.07795
2017.3835616438357,1.47,0.0735
2017.386301369863,1.467,0.07335000000000001
2017.3972602739725,1.486,0.0743
2017.4027397260274,1.434,0.0717
2017.4082191780822,1.552,0.0776
2017.4109589041095,1.541,0.07705000000000001
2017.4136986301369,1.522,0.0761
2017.4164383561645,1.52,0.07600000000000001
2017.4191780821918,1.476,0.0738
2017.4219178082192,1.488,0.07440000000000001
2017.4246575342465,1.468,0.0734
2017.427397260274,1.522,0.0761
2017.4328767123288,1.486,0.0743
2017.4356164383562,1.466,0.0733
2017.4383561643835,1.505,0.07525
2017.441095890411,1.501,0.07505
2017.4438356164383,1.451,0.07255
2017.4465753424658,1.475,0.07375000000000001
2017.4520547945206,1.438,0.0719
2017.454794520548,1.367,0.06835000000000001
2017.4575342465753,1.498,0.07490000000000001
2017.4657534246576,1.422,0.0711
2017.468493150685,1.392,0.0696
2017.4739726027397,1.476,0.0738
2017.4767123287672,1.394,0.0697
2017.482191780822,1.41,0.0705
2017.4849315068493,1.457,0.07285000000000001
2017.4876712328767,1.531,0.07655
2017.490410958904,1.378,0.0689
2017.4931506849316,1.519,0.07595
2017.495890410959,1.441,0.07205
2017.4986301369863,1.506,0.0753
2017.5013698630137,1.528,0.07640000000000001
2017.5068493150684,1.423,0.07115
2017.509589041096,1.424,0.0712
2017.5123287671233,1.399,0.06995
2017.5150684931507,1.421,0.07105
2017.517808219178,1.471,0.07355
2017.5342465753424,1.327,0.06635
2017.5369863013698,1.441,0.07205
2017.5424657534247,1.453,0.07265
2017.5479452054794,1.429,0.07145
2017.5506849315068,1.417,0.07085000000000001
2017.5534246575342,1.543,0.07715
2017.5561643835617,1.529,0.07645
2017.558904109589,1.396,0.0698
2017.5616438356165,1.488,0.07440000000000001
2017.5643835616438,1.409,0.07045
2017.5671232876712,1.415,0.07075000000000001
2017.5698630136985,1.438,0.0719
2017.572602739726,1.496,0.0748
2017.5753424657535,1.477,0.07385000000000001
2017.5780821917808,1.424,0.0712
2017.5808219178082,1.516,0.0758
2017.5835616438355,1.461,0.07305
2017.5863013698631,1.523,0.07615
2017.5890410958905,1.5,0.07500000000000001
2017.5917808219178,1.382,0.0691
2017.5945205479452,1.446,0.0723
2017.5972602739726,1.532,0.0766
2017.6,1.377,0.06885000000000001
2017.6027397260275,1.469,0.07345
2017.6054794520549,1.39,0.06949999999999999
2017.6082191780822,1.453,0.07265
2017.6109589041096,1.492,0.0746
2017.613698630137,1.545,0.07725
2017.6164383561643,1.427,0.07135000000000001
2017.6191780821919,1.45,0.0725
2017.6219178082192,1.569,0.07845
2017.6246575342466,1.385,0.06925
2017.627397260274,1.517,0.07585
2017.6301369863013,1.437,0.07185000000000001
2017.6328767123289,1.386,0.0693
2017.6356164383562,1.505,0.07525
2017.641095890411,1.51,0.07550000000000001
2017.6438356164383,1.492,0.0746
2017.6465753424657,1.49,0.0745
2017.6493150684933,1.453,0.07265
2017.6520547945206,1.482,0.0741
2017.654794520548,1.518,0.07590000000000001
2017.6575342465753,1.414,0.0707
2017.6602739726027,1.498,0.07490000000000001
2017.6657534246576,1.451,0.07255
2017.668493150685,1.418,0.0709
2017.6712328767123,1.456,0.0728
2017.6739726027397,1.585,0.07925
2017.7260273972602,1.465,0.07325000000000001
2017.7287671232878,1.562,0.0781
2017.731506849315,1.379,0.06895
2017.7342465753425,1.485,0.07425000000000001
2017.7369863013698,1.487,0.07435000000000001
2017.7397260273972,1.501,0.07505
2017.7424657534248,1.488,0.07440000000000001
2017.7452054794521,1.503,0.07515
2017.7479452054795,1.483,0.07415000000000001
2017.7506849315068,1.513,0.07565
2017.7534246575342,1.524,0.0762
2017.7561643835616,1.535,0.07675
2017.7589041095891,1.57,0.07850000000000001
2017.7616438356165,1.572,0.0786
2017.7917808219179,1.571,0.07855000000000001
2017.8,1.554,0.0777
2017.8027397260273,1.506,0.0753
2017.805479452055,1.492,0.0746
2017.8082191780823,1.498,0.07490000000000001
2017.8109589041096,1.484,0.0742
2017.813698630137,1.492,0.0746
2017.8164383561643,1.558,0.07790000000000001
2017.8191780821917,1.405,0.07025
2017.8219178082193,1.479,0.07395
2017.8246575342466,1.479,0.07395
2017.835616438356,1.439,0.07195
2017.8383561643836,1.451,0.07255
2017.841095890411,1.463,0.07315
2017.8438356164384,1.473,0.07365000000000001
2017.8465753424657,1.377,0.06885000000000001
2017.849315068493,1.402,0.0701
2017.8520547945207,1.424,0.0712
2017.854794520548,1.395,0.06975
2017.8575342465754,1.466,0.0733
2017.8602739726027,1.438,0.0719
2017.9260273972602,1.467,0.07335000000000001
2017.9287671232876,1.404,0.0702
2017.9315068493152,1.413,0.07065
2017.9342465753425,1.46,0.073
2017.9369863013699,1.431,0.07155
2017.9397260273972,1.432,0.0716
2017.9424657534246,1.539,0.07695
2017.945205479452,1.404,0.0702
2017.9479452054795,1.393,0.06965
2017.9506849315069,1.413,0.07065
2017.9534246575342,1.471,0.07355
2017.9561643835616,1.454,0.0727
2017.958904109589,1.377,0.06885000000000001
2017.9616438356165,1.432,0.0716
2017.9698630136986,1.451,0.07255
2017.972602739726,1.431,0.07155
2017.978082191781,1.449,0.07245
2017.9808219178083,1.502,0.0751
2017.9835616438356,1.394,0.0697
2018.0493150684931,1.394,0.0697
2018.0520547945205,1.365,0.06825
2018.054794520548,1.422,0.0711
2018.0602739726028,1.389,0.06945
2018.0630136986301,1.418,0.0709
2018.0657534246575,1.439,0.07195
2018.0684931506848,1.4,0.06999999999999999
2018.0712328767124,1.43,0.0715
2018.0739726027398,1.476,0.0738
2018.0794520547945,1.432,0.0716
2018.0821917808219,1.506,0.0753
2018.0986301369862,1.504,0.0752
2018.1013698630136,1.398,0.0699
2018.1041095890412,1.5,0.07500000000000001
2018.1068493150685,1.429,0.07145
2018.109589041096,1.366,0.06830000000000001
2018.1123287671232,1.327,0.06635
2018.1178082191782,1.327,0.06635
2018.1205479452055,1.371,0.06855
2018.123287671233,1.349,0.06745
2018.1260273972603,1.398,0.0699
2018.1287671232876,1.395,0.06975
2018.131506849315,1.373,0.06865
2018.13698630137,1.393,0.06965
2018.1397260273973,1.368,0.0684
2018.1424657534246,1.377,0.06885000000000001
2018.145205479452,1.459,0.07295
2018.1479452054793,1.355,0.06775
2018.150684931507,1.355,0.06775
2018.1561643835616,1.39,0.06949999999999999
2018.158904109589,1.282,0.0641
2018.1808219178083,1.389,0.06945
2018.1890410958904,1.526,0.0763
2018.1917808219177,1.333,0.06665
2018.194520547945,1.383,0.06915
2018.1972602739727,1.383,0.06915
2018.2,1.36,0.068
2018.2054794520548,1.344,0.06720000000000001
2018.2082191780821,1.52,0.07600000000000001
2018.2109589041097,1.384,0.0692
2018.213698630137,1.428,0.0714
2018.2164383561644,1.447,0.07235000000000001
2018.2191780821918,1.433,0.07165
2018.2219178082191,1.415,0.07075000000000001
2018.2246575342465,1.413,0.07065
2018.227397260274,1.488,0.07440000000000001
2018.2301369863014,1.36,0.068
2018.2328767123288,1.416,0.0708
2018.2356164383561,1.411,0.07055
2018.2383561643835,1.427,0.07135000000000001
2018.2438356164384,1.392,0.0696
2018.2465753424658,1.428,0.0714
2018.2493150684932,1.452,0.0726
2018.2520547945205,1.405,0.07025
2018.2547945205479,1.423,0.07115
2018.2575342465752,1.416,0.0708
2018.2602739726028,1.446,0.0723
2018.2630136986302,1.454,0.0727
2018.2657534246575,1.34,0.067
2018.268493150685,1.534,0.0767
2018.2712328767122,1.423,0.07115
2018.2739726027398,1.531,0.07655
2018.2767123287672,1.504,0.0752
2018.2794520547945,1.391,0.06955
2018.282191780822,1.428,0.0714
2018.2849315068493,1.494,0.0747
2018.2876712328766,1.444,0.0722
2018.2904109589042,1.406,0.0703
2018.2931506849316,1.407,0.07035000000000001
2018.295890410959,1.444,0.0722
2018.2986301369863,1.376,0.0688
2018.3013698630136,1.37,0.0685
2018.304109589041,1.42,0.071
2018.3068493150686,1.489,0.07445
2018.309589041096,1.409,0.07045
2018.3123287671233,1.414,0.0707
2018.3150684931506,1.473,0.07365000000000001
2018.317808219178,1.431,0.07155
2018.3205479452056,1.404,0.0702
2018.323287671233,1.468,0.0734
2018.3260273972603,1.432,0.0716
2018.3287671232877,1.504,0.0752
2018.331506849315,1.439,0.07195
2018.3342465753424,1.47,0.0735
2018.33698630137,1.468,0.0734
2018.3397260273973,1.475,0.07375000000000001
2018.3424657534247,1.398,0.0699
2018.3506849315067,1.422,0.0711
2018.3534246575343,1.429,0.07145
2018.3561643835617,1.424,0.0712
2018.358904109589,1.42,0.071
2018.3643835616438,1.41,0.0705
2018.3671232876711,1.403,0.07015
2018.3698630136987,1.431,0.07155
2018.468493150685,1.592,0.0796
2018.4712328767123,1.607,0.08035
2018.4739726027397,1.543,0.07715
2018.4767123287672,1.623,0.08115
2018.4794520547946,1.646,0.0823
2018.482191780822,1.598,0.07990000000000001
2018.4849315068493,1.64,0.082
2018.4876712328767,1.71,0.0855
2018.490410958904,1.614,0.08070000000000001
2018.4931506849316,1.592,0.0796
2018.495890410959,1.682,0.08410000000000001
2018.4986301369863,1.681,0.08405000000000001
2018.5013698630137,1.618,0.08090000000000001
2018.504109589041,1.529,0.07645
2018.509589041096,1.507,0.07535
2018.5123287671233,1.558,0.07790000000000001
2018.5150684931507,1.428,0.0714
2018.5260273972603,1.519,0.07595
2018.5287671232877,1.571,0.07855000000000001
2018.531506849315,1.424,0.0712
2018.5369863013698,1.559,0.07795
2018.5397260273974,1.528,0.07640000000000001
2018.545205479452,1.571,0.07855000000000001
2018.5479452054794,1.447,0.07235000000000001
2018.5561643835617,1.446,0.0723
2018.558904109589,1.451,0.07255
2018.5616438356165,1.488,0.07440000000000001
2018.5643835616438,1.479,0.07395
2018.5671232876712,1.491,0.07455
2018.5698630136985,1.517,0.07585
2018.572602739726,1.537,0.07685
2018.5753424657535,1.477,0.07385000000000001
2018.5780821917808,1.507,0.07535
2018.5808219178082,1.486,0.0743
2018.5835616438355,1.487,0.07435000000000001
2018.5863013698631,1.47,0.0735
2018.5890410958905,1.525,0.07625
2018.5917808219178,1.49,0.0745
2018.5945205479452,1.52,0.07600000000000001
2018.5972602739726,1.493,0.07465000000000001
2018.6,1.501,0.07505
2018.6027397260275,1.488,0.07440000000000001
2018.6054794520549,1.478,0.07390000000000001
2018.6082191780822,1.542,0.0771
2018.6109589041096,1.572,0.0786
2018.613698630137,1.502,0.0751
2018.6164383561643,1.507,0.07535
2018.6191780821919,1.531,0.07655
2018.6219178082192,1.518,0.07590000000000001
2018.6328767123289,1.533,0.07665
2018.6356164383562,1.593,0.07965
2018.6383561643836,1.433,0.07165
2018.641095890411,1.547,0.07735
2018.6438356164383,1.511,0.07555
2018.6465753424657,1.566,0.07830000000000001
2018.6493150684933,1.544,0.0772
2018.6520547945206,1.577,0.07885
2018.654794520548,1.572,0.0786
2018.6575342465753,1.614,0.08070000000000001
2018.6602739726027,1.643,0.08215
2018.66301369863,1.626,0.0813
2018.8082191780823,1.671,0.08355000000000001
2018.8191780821917,1.647,0.08235
2018.8219178082193,1.697,0.08485000000000001
2018.8246575342466,1.641,0.08205000000000001
2018.827397260274,1.648,0.0824
2018.8301369863013,1.646,0.0823
2018.8328767123287,1.601,0.08005000000000001
2018.835616438356,1.635,0.08175
2018.8383561643836,1.672,0.08360000000000001
2018.841095890411,1.581,0.07905000000000001
2018.8438356164384,1.645,0.08225
2018.8465753424657,1.659,0.08295000000000001
2018.849315068493,1.601,0.08005000000000001
2018.8520547945207,1.66,0.083
2018.854794520548,1.664,0.0832
2018.8575342465754,1.663,0.08315
2018.8602739726027,1.656,0.0828
2018.86301369863,1.678,0.0839
2018.8657534246574,1.712,0.08560000000000001
2018.868493150685,1.674,0.0837
2018.8712328767124,1.706,0.0853
2018.8739726027397,1.685,0.08425
2018.876712328767,1.641,0.08205000000000001
2018.8794520547945,1.658,0.0829
2018.8821917808218,1.681,0.08405000000000001
2018.8849315068494,1.737,0.08685000000000001
2018.8876712328768,1.654,0.0827
2018.890410958904,1.684,0.0842
2018.8931506849315,1.685,0.08425
2018.8958904109588,1.629,0.08145000000000001
2018.9013698630138,1.527,0.07635
2018.9041095890411,1.706,0.0853
2018.9068493150685,1.621,0.08105000000000001
2018.9095890410958,1.664,0.0832
2018.9123287671232,1.648,0.0824
2018.964383561644,1.67,0.0835
2018.9671232876713,1.599,0.07995000000000001
2018.9698630136986,1.615,0.08075
2018.972602739726,1.57,0.07850000000000001
2018.9753424657533,1.616,0.08080000000000001
2018.9808219178083,1.501,0.07505
2018.986301369863,1.614,0.08070000000000001
2018.9890410958903,1.629,0.08145000000000001
2018.9917808219177,1.566,0.07830000000000001
2018.9945205479453,1.657,0.08285000000000001
2019.0027397260274,1.608,0.08040000000000001
2019.0054794520547,1.652,0.0826
2019.0082191780823,1.643,0.08215
2019.0109589041097,1.632,0.0816
2019.013698630137,1.696,0.0848
2019.0164383561644,1.685,0.08425
2019.0191780821917,1.663,0.08315
2019.0246575342467,1.736,0.0868
2019.027397260274,1.696,0.0848
2019.0301369863014,1.614,0.08070000000000001
2019.0328767123287,1.672,0.08360000000000001
2019.0383561643835,1.666,0.0833
2019.041095890411,1.569,0.07845
2019.0438356164384,1.62,0.08100000000000002
2019.0465753424658,1.611,0.08055000000000001
2019.0493150684931,1.663,0.08315
2019.0520547945205,1.611,0.08055000000000001
2019.0575342465754,1.686,0.0843
2019.0602739726028,1.767,0.08835
2019.0630136986301,1.666,0.0833
2019.0657534246575,1.679,0.08395000000000001
2019.0684931506848,1.656,0.0828
2019.0712328767124,1.495,0.07475000000000001
2019.0767123287671,1.67,0.0835
2019.0794520547945,1.678,0.0839
2019.0821917808219,1.751,0.08755
2019.0849315068492,1.579,0.07895
2019.0876712328768,1.624,0.08120000000000001
2019.0958904109589,1.661,0.08305000000000001
2019.0986301369862,1.695,0.08475
2019.1013698630136,1.642,0.0821
2019.1041095890412,1.676,0.0838
2019.1068493150685,1.64,0.082
2019.109589041096,1.72,0.08600000000000001
2019.1178082191782,1.706,0.0853
2019.1205479452055,1.663,0.08315
2019.123287671233,1.722,0.08610000000000001
2019.1287671232876,1.613,0.08065
2019.1342465753426,1.669,0.08345000000000001
2019.145205479452,1.628,0.0814
2019.150684931507,1.625,0.08125
2019.1561643835616,1.61,0.08050000000000002
2019.164383561644,1.645,0.08225
2019.1671232876713,1.833,0.09165000000000001
2019.1698630136987,1.622,0.0811
2019.172602739726,1.644,0.0822
2019.1753424657534,1.63,0.0815
2019.1835616438357,1.594,0.07970000000000001
2019.186301369863,1.742,0.08710000000000001
2019.1890410958904,1.651,0.08255000000000001
2019.1917808219177,1.662,0.08310000000000001
2019.194520547945,1.659,0.08295000000000001
2019.2,1.672,0.08360000000000001
2019.2027397260274,1.672,0.08360000000000001
2019.2054794520548,1.693,0.08465
2019.2082191780821,1.63,0.0815
2019.2109589041097,1.803,0.09015000000000001
2019.213698630137,1.671,0.08355000000000001
2019.2164383561644,1.793,0.08965000000000001
2019.2191780821918,1.726,0.0863
2019.2219178082191,1.777,0.08885
2019.2246575342465,1.648,0.0824
2019.227397260274,1.74,0.08700000000000001
2019.2301369863014,1.665,0.08325
2019.2328767123288,1.661,0.08305000000000001
2019.2410958904109,1.705,0.08525
2019.2438356164384,1.782,0.08910000000000001
2019.2465753424658,1.784,0.0892
2019.2739726027398,1.715,0.08575
2019.2767123287672,1.713,0.08565
2019.2931506849316,1.743,0.08715
2019.3013698630136,1.671,0.08355000000000001
2019.304109589041,1.693,0.08465
2019.3068493150686,1.695,0.08475
2019.309589041096,1.67,0.0835
2019.3123287671233,1.661,0.08305000000000001
2019.3150684931506,1.708,0.0854
2019.317808219178,1.637,0.08185
2019.3205479452056,1.673,0.08365
2019.323287671233,1.679,0.08395000000000001
2019.3260273972603,1.749,0.08745000000000001
2019.3287671232877,1.649,0.08245000000000001
2019.331506849315,1.681,0.08405000000000001
2019.33698630137,1.627,0.08135
2019.3397260273973,1.637,0.08185
2019.3424657534247,1.615,0.08075
2019.345205479452,1.619,0.08095000000000001
2019.3506849315067,1.589,0.07945
2019.3534246575343,1.652,0.0826
2019.8109589041096,1.965,0.09825
2019.8191780821917,1.883,0.09415000000000001
2019.8219178082193,1.926,0.0963
2019.8246575342466,1.915,0.09575
2019.827397260274,1.86,0.09300000000000001
2019.8301369863013,1.898,0.0949
2019.8328767123287,1.963,0.09815000000000002
2019.835616438356,1.899,0.09495
2019.8383561643836,1.905,0.09525
2019.841095890411,1.871,0.09355000000000001
2019.8438356164384,1.871,0.09355000000000001
2019.8465753424657,1.884,0.0942
2019.849315068493,1.886,0.0943
2019.8520547945207,1.882,0.0941
2019.854794520548,1.869,0.09345
2019.8575342465754,1.874,0.0937
2019.868493150685,1.847,0.09235
2019.8712328767124,1.893,0.09465000000000001
2019.8739726027397,1.832,0.09160000000000001
2019.876712328767,1.832,0.09160000000000001
2019.8794520547945,1.816,0.0908
2019.8821917808218,1.765,0.08825
2019.8849315068494,1.856,0.09280000000000001
2019.8876712328768,1.8,0.09000000000000001
2019.890410958904,1.863,0.09315000000000001
2019.8931506849315,1.853,0.09265000000000001
2019.8958904109588,1.86,0.09300000000000001
2019.8986301369864,1.859,0.09295
2019.9013698630138,1.9,0.095
2019.9041095890411,1.83,0.09150000000000001
2019.9095890410958,1.856,0.09280000000000001
2019.9123287671232,1.834,0.0917
2019.9150684931508,1.821,0.09105
2019.9178082191781,1.845,0.09225
2019.9205479452055,1.857,0.09285
2019.9260273972602,1.82,0.09100000000000001
2019.9287671232876,1.823,0.09115000000000001
2019.9315068493152,1.856,0.09280000000000001
2019.9342465753425,1.885,0.09425
2019.9397260273972,1.89,0.0945
2019.9424657534246,1.778,0.0889
2019.945205479452,1.907,0.09535
2019.9479452054795,1.929,0.09645000000000001
2019.9506849315069,1.956,0.0978
2019.9534246575342,1.955,0.09775
2019.958904109589,1.937,0.09685
2019.9616438356165,1.986,0.0993
2019.964383561644,1.94,0.097
2019.9671232876713,1.997,0.09985000000000001
2019.9698630136986,1.985,0.09925
2019.972602739726,2.0,0.1
2019.978082191781,2.036,0.1018
2019.9808219178083,2.063,0.10315000000000002
2019.9835616438356,2.066,0.1033
2019.986301369863,2.035,0.10175000000000001
2019.9890410958903,2.053,0.10265
2019.9917808219177,2.051,0.10255000000000002
2019.9972602739726,2.035,0.10175000000000001
2020.0027322404371,1.94,0.097
2020.0054644808743,2.021,0.10105
2020.0081967213114,2.011,0.10055000000000001
2020.0109289617487,2.023,0.10115000000000002
2020.0136612021859,2.023,0.10115000000000002
2020.016393442623,1.977,0.09885000000000001
2020.01912568306,2.043,0.10215000000000002
2020.0218579234972,1.886,0.0943
2020.0245901639344,2.066,0.1033
2020.0273224043715,2.061,0.10305
2020.0300546448088,2.073,0.10365
2020.035519125683,2.028,0.1014
2020.0382513661202,1.951,0.09755000000000001
2020.0409836065573,2.005,0.10025
2020.0437158469945,2.053,0.10265
2020.049180327869,2.077,0.10385
2020.0546448087432,2.061,0.10305
2020.0601092896175,2.0,0.1
2020.0628415300546,2.123,0.10615000000000002
2020.0655737704917,2.156,0.1078
2020.068306010929,2.064,0.10320000000000001
2020.0737704918033,1.993,0.09965000000000002
2020.0765027322404,2.031,0.10155000000000002
2020.0792349726776,2.037,0.10185
2020.0846994535518,2.049,0.10245
2020.0874316939892,2.076,0.1038
2020.0928961748634,2.041,0.10205
2020.0956284153006,2.001,0.10005
2020.0983606557377,2.015,0.10075
2020.1010928961748,2.04,0.10200000000000001
2020.1065573770493,1.949,0.09745000000000001
2020.1120218579235,1.961,0.09805000000000001
2020.1147540983607,1.933,0.09665000000000001
2020.1174863387978,2.056,0.1028
2020.120218579235,1.951,0.09755000000000001
2020.122950819672,1.93,0.0965
2020.1448087431695,2.157,0.10785
2020.1475409836066,1.991,0.09955000000000001
2020.1530054644809,1.98,0.099
2020.155737704918,1.965,0.09825
2020.1584699453551,1.972,0.09860000000000001
2020.1612021857923,1.893,0.09465000000000001
2020.1639344262296,1.893,0.09465000000000001
2020.2486338797814,1.962,0.0981
2020.2540983606557,2.193,0.10965000000000001
2020.2568306010928,2.042,0.1021
2020.25956284153,2.018,0.10089999999999999
2020.2622950819673,2.041,0.10205
2020.2650273224044,1.928,0.0964
2020.2677595628415,1.989,0.09945000000000001
2020.2704918032787,2.072,0.10360000000000001
2020.275956284153,2.131,0.10654999999999999
2020.2814207650274,2.162,0.1081
2020.2841530054645,2.167,0.10835
2020.2868852459017,2.092,0.10460000000000001
2020.2896174863388,2.013,0.10065
2020.292349726776,2.083,0.10415000000000002
2020.295081967213,2.055,0.10275000000000001
2020.2978142076502,2.038,0.10189999999999999
2020.3005464480875,2.071,0.10355000000000002
2020.3060109289618,1.997,0.09985000000000001
2020.308743169399,1.884,0.0942
2020.311475409836,2.115,0.10575000000000001
2020.3142076502731,2.076,0.1038
2020.3169398907103,2.06,0.10300000000000001
2020.3196721311476,2.08,0.10400000000000001
2020.3224043715848,1.97,0.0985
2020.3251366120219,2.091,0.10455000000000002
2020.327868852459,2.117,0.10585
2020.3306010928961,2.072,0.10360000000000001
2020.3387978142077,2.035,0.10175000000000001
2020.3415300546449,2.114,0.1057
2020.344262295082,2.126,0.1063
2020.3497267759562,2.009,0.10045
2020.3524590163934,2.029,0.10145
2020.3551912568305,2.087,0.10435000000000001
2020.3579234972678,2.106,0.1053
2020.360655737705,2.09,0.1045
2020.363387978142,1.947,0.09735
2020.3661202185792,2.103,0.10515000000000002
2020.3688524590164,2.154,0.1077
2020.3715846994535,2.09,0.1045
2020.3743169398906,1.901,0.09505000000000001
2020.377049180328,2.033,0.10165
2020.379781420765,2.054,0.1027
2020.3825136612022,2.096,0.1048
2020.3852459016393,2.04,0.10200000000000001
2020.3879781420765,2.056,0.1028
2020.4043715846994,1.986,0.0993
2020.4098360655737,1.958,0.0979
2020.4125683060108,2.004,0.10020000000000001
2020.4153005464482,1.998,0.0999
2020.4207650273224,2.066,0.1033
2020.4234972677596,1.989,0.09945000000000001
2020.4262295081967,2.035,0.10175000000000001
2020.4289617486338,1.984,0.09920000000000001
2020.431693989071,1.995,0.09975
2020.4344262295083,2.038,0.10189999999999999
2020.4371584699454,2.008,0.1004
2020.4398907103825,1.999,0.09995000000000001
2020.4426229508197,2.049,0.10245
2020.4426229508197,2.079,0.10395000000000001
2020.448087431694,2.087,0.10435000000000001
2020.467213114754,2.12,0.10600000000000001
2020.4699453551912,2.127,0.10635
2020.4726775956285,2.089,0.10445
2020.4754098360656,2.118,0.1059
2020.4781420765028,2.133,0.10665000000000001
2020.48087431694,2.125,0.10625000000000001
2020.483606557377,2.126,0.1063
2020.4863387978141,2.139,0.10694999999999999
2020.4890710382513,2.094,0.1047
2020.4918032786886,2.088,0.1044
2020.4945355191257,2.146,0.1073
2020.4972677595629,2.144,0.10720000000000002
2020.5,2.106,0.1053
2020.5027322404371,2.123,0.10615000000000002
2020.5054644808743,2.117,0.10585
2020.5081967213114,2.072,0.10360000000000001
2020.5109289617487,2.105,0.10525000000000001
2020.5136612021859,2.09,0.1045
2020.516393442623,2.111,0.10555000000000002
2020.51912568306,2.059,0.10295000000000001
2020.5218579234972,2.086,0.1043
2020.5245901639344,2.083,0.10415000000000002
2020.5273224043715,2.168,0.10840000000000001
2020.5300546448088,2.056,0.1028
2020.532786885246,2.011,0.10055000000000001
2020.535519125683,2.028,0.1014
2020.5382513661202,2.043,0.10215000000000002
2020.5409836065573,2.051,0.10255000000000002
2020.5437158469945,2.024,0.10120000000000001
2020.5464480874316,2.009,0.10045
2020.549180327869,2.032,0.10160000000000001
2020.551912568306,1.854,0.0927
2020.5546448087432,2.007,0.10035000000000001
2020.5573770491803,2.004,0.10020000000000001
2020.5601092896175,1.999,0.09995000000000001
2020.5628415300546,1.985,0.09925
2020.5655737704917,1.948,0.0974
2020.5710382513662,1.938,0.0969
2020.5710382513662,1.947,0.09735
2020.5737704918033,1.957,0.09785
2020.5765027322404,1.942,0.0971
2020.5792349726776,1.928,0.0964
2020.5819672131147,1.953,0.09765000000000001
2020.5846994535518,1.905,0.09525
2020.5874316939892,1.954,0.09770000000000001
2020.5901639344263,1.923,0.09615000000000001
2020.5956284153006,1.958,0.0979
2020.5983606557377,1.937,0.09685
2020.6065573770493,1.943,0.09715000000000001
2020.6120218579235,1.922,0.0961
2020.6147540983607,1.94,0.097
2020.620218579235,1.911,0.09555000000000001
2020.622950819672,1.884,0.0942
2020.6256830601094,1.879,0.09395
2020.6284153005465,1.916,0.0958
2020.6311475409836,1.942,0.0971
2020.6338797814208,1.931,0.09655000000000001
2020.639344262295,1.998,0.0999
2020.6420765027322,2.003,0.10015000000000002
2020.6448087431695,1.968,0.0984
2020.6475409836066,1.995,0.09975
2020.6502732240438,1.83,0.09150000000000001
2020.6530054644809,2.02,0.101
2020.655737704918,2.064,0.10320000000000001
2020.6584699453551,2.068,0.1034
2020.6612021857923,2.149,0.10745
2020.6639344262296,2.095,0.10475000000000001
2020.6666666666667,2.103,0.10515000000000002
2020.6693989071039,2.14,0.10700000000000001
2020.672131147541,2.134,0.1067
2020.7540983606557,2.041,0.10205
2020.7568306010928,2.077,0.10385
2020.75956284153,2.043,0.10215000000000002
2020.7622950819673,2.097,0.10485
2020.7650273224044,1.986,0.0993
2020.7677595628415,2.066,0.1033
2020.7704918032787,2.078,0.10389999999999999
2020.7732240437158,2.083,0.10415000000000002
2020.775956284153,2.078,0.10389999999999999
2020.77868852459,2.046,0.1023
2020.7814207650274,2.09,0.1045
2020.7841530054645,2.086,0.1043
2020.7868852459017,2.077,0.10385
2020.7896174863388,2.088,0.1044
2020.792349726776,2.096,0.1048
2020.795081967213,2.05,0.1025
2020.8196721311476,1.954,0.09770000000000001
2020.8224043715848,2.006,0.1003
2020.8415300546449,2.095,0.10475000000000001
2020.8497267759562,2.066,0.1033
2020.8524590163934,2.072,0.10360000000000001
2020.8551912568305,2.064,0.10320000000000001
2020.860655737705,1.909,0.09545000000000001
2020.8661202185792,2.066,0.1033
2020.8688524590164,2.064,0.10320000000000001
2020.8715846994535,2.017,0.10085
2020.8743169398906,2.035,0.10175000000000001
2020.877049180328,1.969,0.09845000000000001
2020.879781420765,1.926,0.0963
2020.8825136612022,1.954,0.09770000000000001
2020.8852459016393,2.004,0.10020000000000001
2020.8879781420765,1.922,0.0961
2020.8907103825136,1.896,0.0948
2020.896174863388,1.918,0.0959
2020.8989071038252,1.95,0.0975
2020.9016393442623,1.926,0.0963
2020.9043715846994,1.797,0.08985
2020.9071038251366,1.871,0.09355000000000001
2020.9098360655737,1.886,0.0943
2020.9125683060108,1.891,0.09455000000000001
2021.0027397260274,1.997,0.09985000000000001
2021.0054794520547,1.998,0.0999
2021.0082191780823,1.974,0.09870000000000001
2021.0109589041097,1.936,0.0968
2021.013698630137,1.971,0.09855000000000001
2021.0164383561644,1.98,0.099
2021.0191780821917,1.909,0.09545000000000001
2021.021917808219,1.971,0.09855000000000001
2021.0246575342467,2.011,0.10055000000000001
2021.0301369863014,1.984,0.09920000000000001
2021.0328767123287,1.93,0.0965
2021.0383561643835,1.935,0.09675
2021.041095890411,1.991,0.09955000000000001
2021.0438356164384,1.956,0.0978
2021.0493150684931,2.057,0.10285
2021.0520547945205,1.98,0.099
2021.054794520548,2.015,0.10075
2021.0575342465754,1.936,0.0968
2021.0602739726028,1.872,0.09360000000000002
2021.0630136986301,1.962,0.0981
2021.0684931506848,2.0,0.1
2021.0712328767124,2.003,0.10015000000000002
2021.0739726027398,2.017,0.10085
2021.0794520547945,1.971,0.09855000000000001
2021.0821917808219,2.071,0.10355000000000002
2021.0876712328768,2.027,0.10135000000000001
2021.0904109589042,2.039,0.10195000000000001
2021.0931506849315,2.048,0.1024
2021.0958904109589,2.038,0.10189999999999999
2021.0986301369862,2.071,0.10355000000000002
2021.1013698630136,2.044,0.10220000000000001
2021.1068493150685,2.1,0.10500000000000001
2021.109589041096,2.12,0.10600000000000001
2021.1123287671232,2.057,0.10285
2021.1150684931506,2.194,0.1097
2021.1178082191782,2.133,0.10665000000000001
2021.1205479452055,2.093,0.10465
2021.1342465753426,2.039,0.10195000000000001
2021.13698630137,2.03,0.10149999999999999
2021.1397260273973,1.952,0.0976
2021.1424657534246,1.918,0.0959
2021.150684931507,2.034,0.1017
2021.1534246575343,1.984,0.09920000000000001
2021.1561643835616,1.968,0.0984
2021.158904109589,1.989,0.09945000000000001
2021.2465753424658,1.93,0.0965
2021.2520547945205,2.007,0.10035000000000001
2021.2547945205479,1.942,0.0971
2021.2575342465752,2.022,0.1011
2021.2602739726028,2.025,0.10125
2021.2630136986302,1.981,0.09905000000000001
2021.2657534246575,1.96,0.098
2021.2739726027398,1.992,0.09960000000000001
2021.2767123287672,1.981,0.09905000000000001
2021.2794520547945,2.003,0.10015000000000002
2021.282191780822,2.012,0.10060000000000001
2021.2849315068493,1.975,0.09875
2021.2876712328766,1.979,0.09895000000000001
2021.2904109589042,2.015,0.10075
2021.2931506849316,1.973,0.09865000000000002
2021.3068493150686,2.049,0.10245
2021.309589041096,2.034,0.1017
2021.3123287671233,2.075,0.10375000000000001
2021.3287671232877,2.096,0.1048
2021.331506849315,2.093,0.10465
2021.3342465753424,2.031,0.10155000000000002
2021.33698630137,1.877,0.09385
2021.3397260273973,2.067,0.10335000000000001
2021.3424657534247,2.093,0.10465
2021.345205479452,2.11,0.1055
2021.3479452054794,2.14,0.10700000000000001
2021.3534246575343,2.166,0.10830000000000001
2021.3561643835617,2.082,0.1041
2021.358904109589,2.144,0.10720000000000002
2021.3616438356164,2.054,0.1027
2021.3643835616438,2.109,0.10545
2021.4438356164383,2.054,0.1027
2021.4465753424658,2.034,0.1017
2021.4520547945206,2.06,0.10300000000000001
2021.454794520548,2.054,0.1027
2021.4575342465753,2.026,0.1013
2021.4602739726026,2.037,0.10185
2021.4630136986302,2.17,0.1085
2021.4657534246576,2.096,0.1048
2021.468493150685,2.139,0.10694999999999999
2021.4712328767123,2.137,0.10685
2021.4739726027397,2.095,0.10475000000000001
2021.4767123287672,2.137,0.10685
2021.4794520547946,2.145,0.10725000000000001
2021.482191780822,2.283,0.11415
2021.4849315068493,2.202,0.1101
2021.490410958904,2.162,0.1081
2021.4931506849316,2.121,0.10605
2021.495890410959,2.101,0.10505
2021.4986301369863,2.135,0.10675
2021.5013698630137,2.088,0.1044
2021.504109589041,2.134,0.1067
2021.5068493150684,2.124,0.10620000000000002
2021.509589041096,2.142,0.1071
2021.5123287671233,2.162,0.1081
2021.5150684931507,2.124,0.10620000000000002
2021.517808219178,2.068,0.1034
2021.5205479452054,2.04,0.10200000000000001
2021.5232876712328,2.043,0.10215000000000002
2021.5260273972603,2.077,0.10385
2021.5287671232877,2.044,0.10220000000000001
2021.531506849315,2.044,0.10220000000000001
2021.5342465753424,2.044,0.10220000000000001
2021.5369863013698,2.033,0.10165
2021.5397260273974,2.048,0.1024
2021.5424657534247,2.079,0.10395000000000001
2021.545205479452,2.06,0.10300000000000001
2021.5479452054794,1.997,0.09985000000000001
2021.5506849315068,2.008,0.1004
2021.5534246575342,2.026,0.1013
2021.5561643835617,2.056,0.1028
2021.558904109589,2.153,0.10765000000000001
2021.5616438356165,2.091,0.10455000000000002
2021.572602739726,2.079,0.10395000000000001
2021.5780821917808,2.091,0.10455000000000002
2021.5808219178082,2.074,0.1037
2021.5863013698631,2.046,0.1023
2021.5890410958905,2.145,0.10725000000000001
2021.5917808219178,2.091,0.10455000000000002
2021.5945205479452,2.078,0.10389999999999999
2021.5972602739726,2.02,0.101
2021.676712328767,2.233,0.11165000000000001
2021.6849315068494,2.248,0.11240000000000001
2021.6876712328767,2.253,0.11265000000000001
2021.690410958904,2.272,0.11359999999999999
2021.6931506849314,2.117,0.10585
2021.6986301369864,2.241,0.11205000000000001
2021.7013698630137,2.264,0.1132
2021.704109589041,2.23,0.1115
2021.7068493150684,2.202,0.1101
2021.7095890410958,2.242,0.1121
2021.7123287671234,2.25,0.1125
2021.7150684931507,2.292,0.1146
2021.717808219178,2.25,0.1125
2021.7205479452055,2.261,0.11305000000000001
2021.7287671232878,2.402,0.12010000000000001
2021.731506849315,2.281,0.11405000000000001
2021.7342465753425,2.3,0.11499999999999999
2021.7397260273972,2.306,0.11530000000000001
2021.7452054794521,2.248,0.11240000000000001
2021.7479452054795,2.252,0.11259999999999999
2021.7506849315068,2.274,0.11370000000000001
2021.7643835616439,2.181,0.10905000000000001
2021.7671232876712,2.252,0.11259999999999999
2021.7698630136986,2.215,0.11075
2021.772602739726,2.237,0.11185
2021.7753424657535,2.277,0.11385
2021.7780821917809,2.262,0.1131
2021.7808219178082,2.308,0.1154
2021.7835616438356,2.302,0.11510000000000001
2021.786301369863,2.217,0.11085
2021.7890410958903,2.238,0.1119
2021.7917808219179,2.245,0.11225000000000002
2021.7972602739726,2.007,0.10035000000000001
2021.8,2.125,0.10625000000000001
2021.8027397260273,2.118,0.1059
2021.805479452055,2.018,0.10089999999999999
2021.8082191780823,2.051,0.10255000000000002
2021.8109589041096,2.129,0.10645
2021.813698630137,2.089,0.10445
2021.8164383561643,2.081,0.10405
2021.8191780821917,2.049,0.10245
2021.8219178082193,2.023,0.10115000000000002
2021.8246575342466,2.039,0.10195000000000001
2021.827397260274,2.106,0.1053
2021.8301369863013,2.023,0.10115000000000002
2021.8328767123287,2.008,0.1004
2021.8383561643836,2.033,0.10165
2021.841095890411,2.058,0.10289999999999999
2021.876712328767,2.222,0.1111
2021.9095890410958,2.183,0.10915
2021.9123287671232,2.274,0.11370000000000001
2021.9150684931508,2.207,0.11035
2021.9178082191781,2.256,0.1128
2021.9205479452055,2.264,0.1132
2021.9232876712329,2.449,0.12245
2021.9260273972602,2.217,0.11085
2021.9287671232876,2.284,0.1142
2021.9342465753425,2.292,0.1146
2021.9369863013699,2.214,0.1107
2021.9397260273972,2.25,0.1125
2021.9424657534246,2.253,0.11265000000000001
2021.945205479452,2.268,0.1134
2021.9506849315069,2.322,0.11610000000000001
2021.9534246575342,2.317,0.11585000000000001
2021.9561643835616,2.249,0.11245000000000001
2021.958904109589,2.19,0.1095
2021.9616438356165,2.206,0.11030000000000001
2021.964383561644,2.254,0.11270000000000001
2021.9698630136986,2.351,0.11755
2021.972602739726,2.356,0.1178
2021.9753424657533,2.338,0.1169
2021.978082191781,2.222,0.1111
2021.9808219178083,2.344,0.1172
2021.9835616438356,2.301,0.11505000000000001
2021.9890410958903,2.329,0.11645000000000001
2021.9917808219177,2.3,0.11499999999999999
2021.9945205479453,2.316,0.1158
2021.9972602739726,2.203,0.11015
2022.0054794520547,2.358,0.1179
2022.0082191780823,2.177,0.10885
2022.0109589041097,2.303,0.11515
2022.013698630137,2.274,0.11370000000000001
2022.0164383561644,2.325,0.11625000000000002
2022.0191780821917,2.33,0.1165
2022.021917808219,2.507,0.12535000000000002
2022.027397260274,2.278,0.1139
2022.0301369863014,2.322,0.11610000000000001
2022.0328767123287,2.386,0.11930000000000002
2022.035616438356,2.395,0.11975000000000001
2022.041095890411,2.233,0.11165000000000001
2022.0465753424658,2.311,0.11555
2022.0493150684931,2.334,0.11670000000000001
2022.0520547945205,2.267,0.11335
2022.0602739726028,2.278,0.1139
2022.0657534246575,2.271,0.11355
2022.0684931506848,2.241,0.11205000000000001
2022.0712328767124,2.283,0.11415
2022.0739726027398,2.299,0.11495
2022.0767123287671,2.393,0.11964999999999999
2022.0794520547945,2.346,0.11730000000000002
2022.0849315068492,2.303,0.11515
2022.0876712328768,2.328,0.1164
2022.0904109589042,2.232,0.11160000000000002
2022.0931506849315,2.326,0.11630000000000001
2022.0958904109589,2.226,0.11130000000000001
2022.0986301369862,2.205,0.11025000000000001
2022.1041095890412,2.243,0.11215
2022.1068493150685,2.119,0.10595000000000002
2022.109589041096,2.249,0.11245000000000001
2022.1123287671232,2.299,0.11495
2022.1150684931506,2.205,0.11025000000000001
2022.1178082191782,2.238,0.1119
2022.123287671233,2.324,0.1162
2022.1260273972603,2.289,0.11445000000000001
2022.1287671232876,2.516,0.1258
2022.131506849315,2.348,0.1174
2022.1342465753426,2.363,0.11815
2022.13698630137,2.425,0.12125
2022.1424657534246,2.357,0.11785000000000001
2022.145205479452,2.341,0.11705000000000002
2022.1479452054793,2.375,0.11875000000000001
2022.150684931507,2.351,0.11755
2022.1534246575343,2.375,0.11875000000000001
2022.1561643835616,2.369,0.11845000000000001
2022.2465753424658,2.463,0.12315000000000001
2022.2493150684932,2.555,0.12775
2022.2520547945205,2.556,0.1278
2022.2547945205479,2.542,0.1271
2022.2575342465752,2.649,0.13245
2022.2602739726028,2.757,0.13785
2022.2630136986302,2.475,0.12375000000000001
2022.2657534246575,2.597,0.12985
2022.268493150685,2.668,0.13340000000000002
2022.2712328767122,2.747,0.13735
2022.2739726027398,2.74,0.137
2022.2794520547945,2.708,0.13540000000000002
2022.282191780822,2.753,0.13765000000000002
2022.2849315068493,2.759,0.13795
2022.2876712328766,2.708,0.13540000000000002
2022.2904109589042,2.675,0.13375
2022.2931506849316,2.674,0.1337
2022.295890410959,2.693,0.13465000000000002
2022.3013698630136,2.749,0.13745000000000002
2022.304109589041,2.725,0.13625
2022.3068493150686,2.774,0.13870000000000002
2022.309589041096,2.743,0.13715
2022.3123287671233,2.693,0.13465000000000002
2022.3150684931506,2.844,0.1422
2022.317808219178,2.648,0.13240000000000002
2022.3205479452056,2.742,0.1371
2022.3342465753424,2.626,0.1313
2022.345205479452,2.774,0.13870000000000002
2022.3479452054794,2.667,0.13335
2022.3506849315067,2.914,0.14570000000000002
2022.3534246575343,3.002,0.1501
2022.3561643835617,3.07,0.1535
2022.358904109589,3.046,0.1523
2022.3616438356164,3.051,0.15255000000000002
2022.3643835616438,2.985,0.14925
2022.3698630136987,2.99,0.14950000000000002
2022.3780821917808,3.0,0.15000000000000002
2022.3890410958904,2.976,0.14880000000000002
2022.3917808219178,3.018,0.1509
2022.3945205479451,2.931,0.14655
2022.3972602739725,2.902,0.1451
2022.4,2.885,0.14425
2022.4027397260274,2.855,0.14275000000000002
2022.4054794520548,2.833,0.14165000000000003
2022.4082191780822,2.757,0.13785
2022.4109589041095,2.744,0.13720000000000002
2022.4136986301369,2.724,0.13620000000000002
2022.4164383561645,2.653,0.13265000000000002
2022.4191780821918,2.678,0.1339
2022.4219178082192,2.687,0.13435
2022.4246575342465,2.591,0.12955000000000003
2022.427397260274,2.653,0.13265000000000002
2022.4301369863015,2.597,0.12985
2022.4328767123288,2.639,0.13194999999999998
2022.4356164383562,2.659,0.13294999999999998
2022.4383561643835,2.663,0.13315
2022.441095890411,2.738,0.1369
2022.4438356164383,2.648,0.13240000000000002
2022.4438356164383,2.638,0.1319
2022.4493150684932,2.597,0.12985
2022.4520547945206,2.634,0.1317
2022.454794520548,2.648,0.13240000000000002
2022.4575342465753,2.657,0.13285
2022.4630136986302,2.581,0.12905
2022.4657534246576,2.625,0.13125
2022.468493150685,2.546,0.1273
2022.4712328767123,2.643,0.13215
2022.4739726027397,2.751,0.13755
2022.4767123287672,2.559,0.12795
2022.4876712328767,2.753,0.13765000000000002
2022.490410958904,2.752,0.1376
2022.4931506849316,2.772,0.1386
2022.495890410959,2.803,0.14015
2022.4986301369863,2.813,0.14065000000000003
2022.5013698630137,2.766,0.1383
2022.4931506849316,2.725,0.13625
2022.495890410959,2.616,0.1308
2022.4986301369863,2.704,0.13520000000000001
2022.5013698630137,2.628,0.13140000000000002
2022.504109589041,2.693,0.13465000000000002
2022.5068493150684,2.805,0.14025
2022.509589041096,2.853,0.14265000000000003
2022.5123287671233,2.76,0.13799999999999998
2022.531506849315,2.975,0.14875000000000002
2022.5342465753424,2.783,0.13915
2022.5397260273974,2.883,0.14415
2022.545205479452,2.567,0.12835000000000002
2022.5479452054794,2.949,0.14745
2022.5506849315068,2.753,0.13765000000000002
2022.5534246575342,2.782,0.1391
2022.5561643835617,2.966,0.14830000000000002
2022.558904109589,2.776,0.1388
2022.5616438356165,2.762,0.1381
2022.5643835616438,2.885,0.14425
2022.5671232876712,2.753,0.13765000000000002
2022.5698630136985,2.837,0.14185
2022.572602739726,2.945,0.14725
2022.5780821917808,2.771,0.13855
2022.5863013698631,2.945,0.14725
2022.5890410958905,2.894,0.14470000000000002
2022.5945205479452,2.744,0.13720000000000002
2022.6,2.812,0.1406
2022.6054794520549,2.772,0.1386
2022.6109589041096,2.868,0.1434
2022.613698630137,2.889,0.14445
2022.6191780821919,3.043,0.15215
2022.6219178082192,2.905,0.14525
2022.6246575342466,2.746,0.1373
2022.627397260274,2.92,0.146
2022.6301369863013,3.053,0.15265
2022.6356164383562,2.962,0.1481
2022.6383561643836,2.976,0.14880000000000002
2022.641095890411,3.025,0.15125
2022.6438356164383,2.98,0.149
2022.6465753424657,2.928,0.1464
2022.6493150684933,2.903,0.14515
2022.6520547945206,3.066,0.1533
2022.654794520548,3.06,0.15300000000000002
2022.6575342465753,3.075,0.15375000000000003
2022.6602739726027,2.727,0.13635
2022.66301369863,2.993,0.14965
2022.6931506849314,2.954,0.14770000000000003
2022.7013698630137,2.756,0.1378
2022.7479452054795,2.81,0.1405
2022.7506849315068,2.779,0.13895
2022.7534246575342,2.92,0.146
2022.7616438356165,2.981,0.14905
2022.7643835616439,2.866,0.1433
2022.7671232876712,2.821,0.14105
2022.772602739726,2.809,0.14045000000000002
2022.7753424657535,3.12,0.15600000000000003
2022.7780821917809,3.059,0.15295000000000003
2022.7808219178082,3.185,0.15925
2022.7835616438356,3.194,0.1597
2022.786301369863,2.843,0.14215
2022.7890410958903,3.178,0.1589
2022.8027397260273,3.05,0.1525
2022.805479452055,2.845,0.14225000000000002
2022.8082191780823,2.986,0.14930000000000002
2022.8109589041096,2.958,0.1479
2022.813698630137,3.145,0.15725
2022.8328767123287,2.876,0.1438
2022.835616438356,2.677,0.13385
2022.8465753424657,2.85,0.14250000000000002
2022.849315068493,2.972,0.1486
2022.8520547945207,2.909,0.14545
2022.854794520548,3.043,0.15215
2022.8575342465754,3.004,0.1502
2022.8602739726027,2.868,0.1434
2022.86301369863,2.865,0.14325000000000002
2022.8657534246574,2.742,0.1371
2022.868493150685,2.74,0.137
2022.8712328767124,2.942,0.1471
2022.8739726027397,2.676,0.1338
2022.876712328767,2.922,0.1461
2022.8794520547945,2.584,0.1292
2022.8821917808218,2.707,0.13535
2022.8849315068494,2.569,0.12845
2022.890410958904,2.544,0.1272
2022.8958904109588,2.582,0.1291
2022.9013698630138,2.707,0.13535
2022.9068493150685,2.568,0.12840000000000001
2022.9123287671232,2.554,0.1277
2023.0082191780823,2.819,0.14095
2023.0109589041097,2.81,0.1405
2023.013698630137,2.762,0.1381
2023.0164383561644,2.658,0.1329
2023.0191780821917,2.654,0.1327
2023.0246575342467,2.727,0.13635
2023.027397260274,2.638,0.1319
2023.0301369863014,2.661,0.13305
2023.0328767123287,2.714,0.13570000000000002
2023.035616438356,2.609,0.13045
2023.0383561643835,2.761,0.13805
2023.0438356164384,2.796,0.1398
2023.0465753424658,2.738,0.1369
2023.0493150684931,2.851,0.14255
2023.0520547945205,2.823,0.14115
2023.054794520548,2.819,0.14095
2023.0575342465754,2.864,0.1432
2023.0630136986301,2.928,0.1464
2023.0657534246575,2.92,0.146
2023.0684931506848,2.888,0.1444
2023.0712328767124,2.893,0.14465
2023.0739726027398,2.922,0.1461
2023.0767123287671,2.929,0.14645
2023.0821917808219,3.017,0.15085
2023.0849315068492,3.011,0.15055000000000002
2023.0904109589042,2.874,0.14370000000000002
2023.0931506849315,3.042,0.1521
2023.0958904109589,2.803,0.14015
2023.1013698630136,3.084,0.1542
2023.1068493150685,3.062,0.1531
2023.109589041096,2.906,0.1453
2023.1123287671232,3.081,0.15405000000000002
2023.1260273972603,2.788,0.1394
2023.1287671232876,2.734,0.13670000000000002
2023.131506849315,2.771,0.13855
2023.1342465753426,2.828,0.1414
2023.1424657534246,2.943,0.14715
2023.145205479452,2.665,0.13325
2023.150684931507,2.764,0.1382
2023.1534246575343,2.625,0.13125
2023.158904109589,2.606,0.1303
2023.1616438356164,2.706,0.1353
2023.2465753424658,2.468,0.12340000000000001
2023.2493150684932,2.554,0.1277
2023.2520547945205,2.665,0.13325
2023.2547945205479,2.619,0.13095
2023.2575342465752,2.763,0.13815
2023.2602739726028,2.443,0.12215000000000001
2023.2630136986302,2.685,0.13425
2023.2657534246575,2.667,0.13335
2023.268493150685,2.657,0.13285
2023.2712328767122,2.432,0.1216
2023.323287671233,2.494,0.12470000000000002
2023.3260273972603,2.413,0.12065
2023.3342465753424,2.699,0.13495
2023.33698630137,2.609,0.13045
2023.3397260273973,2.673,0.13365000000000002
2023.3424657534247,2.817,0.14085
2023.345205479452,2.596,0.1298
2023.3506849315067,2.565,0.12825
2023.3534246575343,2.402,0.12010000000000001
2023.358904109589,2.582,0.1291
2023.3671232876711,2.535,0.12675
2023.3753424657534,2.63,0.1315
2023.3780821917808,2.686,0.1343
2023.3808219178081,2.608,0.13040000000000002
2023.3835616438357,2.471,0.12355000000000001
2023.386301369863,2.561,0.12805
2023.3890410958904,2.408,0.12040000000000001
2023.3917808219178,2.47,0.12350000000000001
2023.3945205479451,2.644,0.1322
2023.3972602739725,2.611,0.13055000000000003
2023.4,2.533,0.12665
2023.4027397260274,2.597,0.12985
2023.4054794520548,2.576,0.1288
2023.4109589041095,2.611,0.13055000000000003
2023.4931506849316,2.931,0.14655
2023.495890410959,2.808,0.1404
2023.4986301369863,2.79,0.1395
2023.5013698630137,2.884,0.1442
2023.504109589041,2.723,0.13615
2023.5068493150684,2.861,0.14305
2023.509589041096,2.814,0.14070000000000002
2023.5150684931507,2.864,0.1432
2023.5232876712328,2.899,0.14495
2023.5260273972603,2.751,0.13755
2023.5287671232877,2.675,0.13375
2023.531506849315,2.775,0.13875
2023.5369863013698,2.797,0.13985
2023.5397260273974,2.822,0.1411
2023.5424657534247,2.74,0.137
2023.545205479452,2.93,0.14650000000000002
2023.5479452054794,2.764,0.1382
2023.5506849315068,2.829,0.14145000000000002
2023.5534246575342,2.667,0.13335
2023.5561643835617,2.591,0.12955000000000003
2023.558904109589,2.711,0.13555
2023.5616438356165,2.621,0.13105
2023.5643835616438,2.58,0.129
2023.5671232876712,2.558,0.12789999999999999
2023.5698630136985,2.666,0.1333
2023.5753424657535,2.844,0.1422
2023.5808219178082,2.897,0.14485
2023.5835616438355,2.795,0.13975
2023.5863013698631,2.736,0.1368
2023.5890410958905,2.767,0.13835
2023.5917808219178,2.85,0.14250000000000002
2023.5945205479452,2.68,0.134
2023.5972602739726,2.779,0.13895
2023.6,2.605,0.13025
2023.6027397260275,2.636,0.1318
2023.6054794520549,2.959,0.14795
2023.6082191780822,2.705,0.13525
2023.6109589041096,2.839,0.14195
2023.613698630137,2.693,0.13465000000000002
2023.6164383561643,2.694,0.13470000000000001
2023.6191780821919,2.611,0.13055000000000003
2023.6219178082192,2.742,0.1371
2023.6246575342466,2.692,0.13460000000000003
2023.627397260274,2.706,0.1353
2023.6301369863013,2.697,0.13485
2023.6328767123289,2.699,0.13495
2023.6356164383562,2.584,0.1292
2023.6383561643836,2.577,0.12885
2023.641095890411,2.638,0.1319
2023.6438356164383,2.66,0.133
2023.6465753424657,2.636,0.1318
2023.6493150684933,2.654,0.1327
2023.6520547945206,2.582,0.1291
2023.654794520548,2.736,0.1368
2023.6575342465753,2.72,0.136
2023.6602739726027,2.693,0.13465000000000002
2023.66301369863,2.733,0.13665000000000002
2023.7534246575342,2.693,0.13465000000000002
2023.7561643835616,2.784,0.1392
2023.7589041095891,2.878,0.1439
2023.7616438356165,2.811,0.14055
2023.7643835616439,2.792,0.1396
2023.7671232876712,2.698,0.1349
2023.7698630136986,2.837,0.14185
2023.772602739726,2.693,0.13465000000000002
2023.7753424657535,3.007,0.15035
2023.7780821917809,2.894,0.14470000000000002
2023.7808219178082,2.858,0.1429
2023.7835616438356,2.803,0.14015
2023.786301369863,2.888,0.1444
2023.7890410958903,2.801,0.14005
2023.7917808219179,2.881,0.14404999999999998
2023.7945205479452,2.821,0.14105
2023.7972602739726,2.779,0.13895
2023.8,2.817,0.14085
2023.805479452055,2.656,0.1328
2023.8082191780823,2.777,0.13885
2023.8109589041096,2.755,0.13775
2023.813698630137,2.761,0.13805
2023.8164383561643,3.105,0.15525
2023.8191780821917,2.75,0.1375
2023.8219178082193,2.709,0.13545000000000001
2023.8246575342466,2.865,0.14325000000000002
2023.827397260274,2.915,0.14575000000000002
2023.8301369863013,3.051,0.15255000000000002
2023.8328767123287,2.628,0.13140000000000002
2023.835616438356,2.794,0.13970000000000002
2023.8383561643836,2.832,0.1416
2023.841095890411,2.708,0.13540000000000002
2023.8438356164384,2.675,0.13375
2023.8520547945207,2.753,0.13765000000000002
2023.8575342465754,2.755,0.13775
2023.8602739726027,2.603,0.13015000000000002
2023.86301369863,2.76,0.13799999999999998
2023.8657534246574,2.822,0.1411
2023.868493150685,2.859,0.14295
2023.8739726027397,3.049,0.15245
2023.876712328767,2.702,0.1351
