Epoch,Flux,Flux_err
2005.9150684931508,2.4539,0.09815600000000001
2005.9178082191781,2.4392,0.097568
2005.9205479452055,2.3853,0.095412
2005.9232876712329,2.4235,0.09694000000000001
2005.9287671232876,2.3618,0.094472
2005.9315068493152,2.4637,0.098548
2005.9342465753425,2.5096999999999996,0.10038799999999999
2005.9369863013699,2.4735,0.09894
2005.9397260273972,2.2696,0.090784
2005.9424657534246,2.3079,0.09231600000000001
2005.9479452054795,2.3843,0.09537200000000001
2005.9506849315069,2.3255,0.09301999999999999
2005.9534246575342,2.4245,0.09698000000000001
2005.9561643835616,2.4225,0.0969
2005.958904109589,2.4088000000000003,0.09635200000000001
2005.9616438356165,2.397,0.09587999999999999
2005.9698630136986,2.2765,0.09106
2005.972602739726,2.1785,0.08714000000000001
2005.9753424657533,2.351,0.09404
2005.978082191781,2.3118000000000003,0.09247200000000001
2005.9808219178083,2.2883,0.091532
2005.986301369863,2.1471,0.085884
2005.9890410958903,2.2059,0.08823600000000001
2005.9917808219177,2.1961,0.087844
2005.9945205479453,2.2138,0.088552
2005.9972602739726,2.2157,0.088628
2006.0027397260274,2.2598000000000003,0.09039200000000001
2006.0054794520547,2.299,0.09196
2006.0082191780823,2.1589,0.086356
2006.0109589041097,2.2863,0.091452
2006.013698630137,2.2657,0.090628
2006.0164383561644,2.3549,0.09419600000000002
2006.0191780821917,2.253,0.09012
2006.021917808219,2.25,0.09
2006.027397260274,2.1814,0.087256
2006.0301369863014,2.1579,0.086316
2006.0328767123287,2.1501,0.08600400000000001
2006.035616438356,2.1893000000000002,0.08757200000000001
2006.0383561643835,2.2451,0.089804
2006.0438356164384,2.2902,0.09160800000000001
2006.0465753424658,2.303,0.09212
2006.0493150684931,2.1961,0.087844
2006.0520547945205,2.2755,0.09102
2006.054794520548,2.1569000000000003,0.086276
2006.0575342465754,2.2736,0.09094400000000001
2006.0657534246575,2.1207,0.084828
2006.0684931506848,2.252,0.09008
2006.0821917808219,2.0942,0.083768
2006.0849315068492,2.0903,0.083612
2006.0876712328768,1.9903,0.079612
2006.0904109589042,2.0197,0.080788
2006.0931506849315,2.0265999999999997,0.081064
2006.0958904109589,2.0776,0.083104
2006.1013698630136,2.2422,0.089688
2006.1041095890412,1.9845,0.07937999999999999
2006.1068493150685,2.0364,0.081456
2006.109589041096,1.9775999999999998,0.079104
2006.1287671232876,1.9903,0.079612
2006.145205479452,1.959,0.07836
2006.150684931507,1.9285999999999999,0.07714399999999999
2006.158904109589,1.9168,0.076672
2006.1698630136987,2.1109,0.084436
2006.1917808219177,1.96,0.0784
2006.2465753424658,2.1158,0.08463200000000001
2006.2493150684932,1.9923,0.079692
2006.2547945205479,2.1599,0.086396
2006.2575342465752,2.1364,0.085456
2006.2602739726028,2.2441999999999998,0.08976799999999999
2006.2630136986302,2.2638000000000003,0.09055200000000001
2006.2657534246575,2.2216,0.088864
2006.268493150685,2.1010999999999997,0.084044
2006.2712328767122,2.0129,0.080516
2006.358904109589,2.1589,0.086356
2006.3698630136987,2.2138,0.088552
2006.3808219178081,2.0893,0.08357200000000001
2006.7452054794521,2.0707,0.082828
2006.7479452054795,2.1187,0.084748
2006.7506849315068,2.1403000000000003,0.08561200000000001
2006.7534246575342,2.1207,0.084828
2006.7561643835616,2.0805,0.08321999999999999
2006.7589041095891,2.1383,0.08553200000000001
2006.7671232876712,2.0031,0.080124
2006.8383561643836,2.349,0.09396000000000002
2006.8465753424657,2.2177,0.088708
2006.849315068493,2.1658000000000004,0.08663200000000001
2006.8520547945207,2.1158,0.08463200000000001
2006.854794520548,2.154,0.08616
2006.8575342465754,2.1422,0.085688
2006.86301369863,2.1677,0.086708
2006.868493150685,2.2451,0.089804
2006.8712328767124,2.1942,0.087768
2006.8739726027397,2.3912,0.095648
2006.8821917808218,2.154,0.08616
2006.8876712328768,2.2275,0.0891
2006.890410958904,2.2148000000000003,0.08859200000000002
2006.8931506849315,2.1893000000000002,0.08757200000000001
2006.8958904109588,2.152,0.08608
2006.8986301369864,2.1873,0.087492
2006.9013698630138,2.2275,0.0891
2006.9068493150685,2.35,0.094
2006.9123287671232,2.3059000000000003,0.09223600000000001
2006.9150684931508,2.2157,0.088628
2006.9178082191781,2.2922,0.09168799999999999
2006.9205479452055,2.3069,0.09227600000000001
2006.9260273972602,2.2950999999999997,0.09180399999999998
2006.9287671232876,2.2324,0.08929600000000001
2006.9315068493152,2.2481,0.089924
2006.9342465753425,2.3549,0.09419600000000002
2006.9369863013699,2.2676999999999996,0.09070799999999998
2006.9397260273972,2.3108,0.092432
2006.9424657534246,2.2725999999999997,0.09090399999999998
2006.945205479452,2.2285,0.08914
2006.9479452054795,2.2883,0.091532
2006.9506849315069,2.3146999999999998,0.09258799999999999
2006.9534246575342,2.2216,0.088864
2006.9561643835616,2.1736,0.08694400000000001
2006.958904109589,2.2304,0.089216
2006.964383561644,2.1726,0.08690400000000001
2006.9671232876713,2.2460999999999998,0.089844
2006.972602739726,2.0883000000000003,0.08353200000000001
2006.978082191781,2.0972,0.083888
2006.986301369863,2.0619,0.08247600000000001
2006.9890410958903,2.1119,0.084476
2006.9972602739726,2.1235999999999997,0.08494399999999999
2007.0,2.0374,0.081496
2007.0027397260274,2.0619,0.08247600000000001
2007.0054794520547,2.2843,0.091372
2007.0082191780823,2.0237,0.08094799999999999
2007.0109589041097,2.154,0.08616
2007.013698630137,2.1961,0.087844
2007.0164383561644,2.1176999999999997,0.08470799999999999
2007.0191780821917,2.0815,0.08326
2007.0246575342467,2.0393,0.08157199999999999
2007.027397260274,2.0099,0.08039600000000001
2007.0301369863014,2.0246,0.080984
2007.0328767123287,2.2314000000000003,0.08925600000000002
2007.035616438356,2.1873,0.087492
2007.041095890411,2.1814,0.087256
2007.0438356164384,2.1207,0.084828
2007.0465753424658,2.1393,0.085572
2007.0493150684931,2.1431999999999998,0.085728
2007.0520547945205,2.0668,0.08267200000000001
2007.054794520548,1.9992,0.07996800000000001
2007.0602739726028,2.0305,0.08122
2007.0630136986301,2.0815,0.08326
2007.0657534246575,2.0472,0.081888
2007.0684931506848,2.0913000000000004,0.08365200000000002
2007.0712328767124,2.1618000000000004,0.08647200000000002
2007.0739726027398,2.1226,0.084904
2007.0821917808219,2.0217,0.08086800000000001
2007.0849315068492,1.9423,0.077692
2007.1013698630136,1.9707000000000001,0.07882800000000001
2007.1041095890412,2.1109,0.084436
2007.1068493150685,2.1216999999999997,0.08486799999999999
2007.109589041096,2.0374,0.081496
2007.1123287671232,2.1844,0.08737600000000001
2007.1178082191782,1.9972,0.079888
2007.1205479452055,2.008,0.08032
2007.123287671233,2.0433,0.081732
2007.1260273972603,2.0295,0.08118
2007.1287671232876,2.1893000000000002,0.08757200000000001
2007.131506849315,2.0413,0.081652
2007.13698630137,2.1589,0.086356
2007.1397260273973,2.0736,0.082944
2007.1424657534246,2.203,0.08811999999999999
2007.145205479452,2.201,0.08804000000000001
2007.150684931507,2.006,0.08023999999999999
2007.1561643835616,2.0893,0.08357200000000001
2007.158904109589,2.2069,0.08827600000000001
2007.9178082191781,2.2666999999999997,0.09066799999999998
2007.9232876712329,2.1618000000000004,0.08647200000000002
2007.9260273972602,2.1628000000000003,0.08651200000000002
2007.9287671232876,2.2383,0.08953200000000001
2007.9315068493152,2.1403000000000003,0.08561200000000001
2007.9342465753425,2.1256,0.085024
2007.9369863013699,2.1285,0.08514
2007.9397260273972,2.2069,0.08827600000000001
2007.945205479452,2.2657,0.090628
2007.9479452054795,2.2059,0.08823600000000001
2007.9506849315069,2.2559,0.090236
2007.9534246575342,2.252,0.09008
2007.9561643835616,2.3146999999999998,0.09258799999999999
2007.9616438356165,2.2344,0.089376
2007.964383561644,2.2451,0.089804
2007.9671232876713,2.2843,0.091372
2007.9698630136986,2.2598000000000003,0.09039200000000001
2007.972602739726,2.2696,0.090784
2007.9753424657533,2.2638000000000003,0.09055200000000001
2007.9808219178083,2.2794,0.091176
2007.9835616438356,2.3069,0.09227600000000001
2007.9890410958903,2.3069,0.09227600000000001
2007.9917808219177,2.2745,0.09098
2007.9945205479453,2.2569,0.090276
2007.9972602739726,2.2608,0.09043200000000001
2008.0,2.3146999999999998,0.09258799999999999
2008.0027322404371,2.2363000000000004,0.08945200000000002
2008.0054644808743,2.205,0.0882
2008.0081967213114,2.1422,0.085688
2008.0109289617487,2.3098,0.092392
2008.0136612021859,2.1687,0.08674799999999999
2008.016393442623,2.2118,0.08847200000000001
2008.01912568306,2.2334,0.089336
2008.0245901639344,2.1638,0.086552
2008.0273224043715,2.2157,0.088628
2008.0300546448088,2.2275,0.0891
2008.032786885246,2.1589,0.086356
2008.0382513661202,2.1814,0.087256
2008.0409836065573,2.201,0.08804000000000001
2008.0437158469945,2.1893000000000002,0.08757200000000001
2008.0464480874316,2.1736,0.08694400000000001
2008.049180327869,2.153,0.08612
2008.051912568306,2.1765,0.08706
2008.0573770491803,2.1305,0.08522
2008.0601092896175,2.1452,0.085808
2008.0628415300546,2.2089000000000003,0.08835600000000002
2008.0655737704917,2.2108000000000003,0.08843200000000001
2008.068306010929,2.1471,0.085884
2008.0710382513662,2.203,0.08811999999999999
2008.0819672131147,2.2157,0.088628
2008.0846994535518,2.2736,0.09094400000000001
2008.0874316939892,2.1765,0.08706
2008.0901639344263,2.104,0.08416
2008.0956284153006,2.1511,0.086044
2008.0983606557377,2.2079,0.088316
2008.103825136612,2.1569000000000003,0.086276
2008.1065573770493,2.2725999999999997,0.09090399999999998
2008.1092896174864,2.251,0.09004
2008.1174863387978,2.1932,0.087728
2008.120218579235,2.2108000000000003,0.08843200000000001
2008.122950819672,2.1589,0.086356
2008.136612021858,2.2559,0.090236
2008.139344262295,2.2383,0.08953200000000001
2008.1420765027322,2.0923000000000003,0.08369200000000002
2008.1448087431695,2.1961,0.087844
2008.1475409836066,2.2687,0.090748
2008.1502732240438,2.2687,0.090748
2008.155737704918,2.2324,0.08929600000000001
2008.1584699453551,2.0844,0.083376
2008.1612021857923,2.202,0.08808
2008.1639344262296,2.2265,0.08906000000000001
2008.1666666666667,2.1648,0.086592
2008.9590163934427,2.646,0.10584
2008.964480874317,2.6244,0.104976
2008.9699453551912,2.7361,0.109444
2008.9754098360656,2.7224,0.10889599999999999
2008.9781420765028,2.7342,0.109368
2008.98087431694,2.6626,0.106504
2008.983606557377,2.6096999999999997,0.104388
2008.9863387978141,2.6175,0.10470000000000002
2008.9890710382513,2.6558,0.10623200000000001
2008.9972677595629,2.595,0.1038
2009.0,2.6509,0.106036
2009.0027397260274,2.595,0.1038
2009.0054794520547,2.5813,0.10325200000000001
2009.0082191780823,2.5342,0.101368
2009.0109589041097,2.6205,0.10482
2009.013698630137,2.5783,0.103132
2009.0164383561644,2.6576999999999997,0.10630799999999999
2009.0191780821917,2.6107,0.104428
2009.0246575342467,2.7293000000000003,0.10917200000000002
2009.027397260274,2.6635999999999997,0.10654399999999999
2009.0328767123287,2.6646,0.10658400000000001
2009.035616438356,2.7126,0.108504
2009.0383561643835,2.7371,0.109484
2009.041095890411,2.7136,0.108544
2009.0438356164384,2.8125999999999998,0.11250399999999999
2009.0465753424658,2.7380999999999998,0.109524
2009.0520547945205,2.6979,0.10791600000000001
2009.054794520548,2.7685,0.11074
2009.0575342465754,2.7949,0.111796
2009.0602739726028,2.7949,0.111796
2009.0630136986301,2.7273,0.10909200000000001
2009.0657534246575,2.7459000000000002,0.10983600000000002
2009.0712328767124,2.6489000000000003,0.10595600000000001
2009.0739726027398,2.7822,0.111288
2009.0767123287671,2.5862,0.103448
2009.0794520547945,2.7361,0.109444
2009.0821917808219,2.7546999999999997,0.110188
2009.0849315068492,2.7283000000000004,0.10913200000000002
2009.1123287671232,2.6695,0.10678000000000001
2009.1150684931506,2.6871,0.10748400000000001
2009.1178082191782,2.7714000000000003,0.11085600000000001
2009.1205479452055,2.7645,0.11058
2009.123287671233,2.7273,0.10909200000000001
2009.1287671232876,2.6714,0.106856
2009.131506849315,2.693,0.10772000000000001
2009.1342465753426,2.6548000000000003,0.10619200000000001
2009.13698630137,2.7626,0.110504
2009.1397260273973,2.6773000000000002,0.107092
2009.1424657534246,2.5499,0.101996
2009.145205479452,2.6381,0.105524
2009.150684931507,2.642,0.10568
2009.1534246575343,2.6881,0.107524
2009.1561643835616,2.6989,0.10795600000000001
2009.158904109589,2.6989,0.10795600000000001
2009.1616438356164,2.693,0.10772000000000001
2009.1671232876713,2.6361999999999997,0.10544799999999999
2009.1698630136987,2.6793,0.107172
2009.172602739726,2.7293000000000003,0.10917200000000002
2009.1753424657534,2.6048,0.104192
2009.1780821917807,2.5890999999999997,0.10356399999999999
2009.1808219178083,2.6342,0.105368
2009.1890410958904,2.6293,0.10517200000000002
2009.2054794520548,2.5725,0.10289999999999999
2009.3013698630136,2.5597,0.10238799999999999
2009.304109589041,2.5323,0.10129200000000001
2009.3068493150686,2.5039000000000002,0.10015600000000001
2009.309589041096,2.5284,0.101136
2009.3123287671233,2.5372,0.101488
2009.3150684931506,2.5284,0.101136
2009.317808219178,2.5107,0.100428
2009.3205479452056,2.498,0.09992000000000001
2009.323287671233,2.5351999999999997,0.10140799999999998
2009.3260273972603,2.5841999999999996,0.10336799999999999
2009.3342465753424,2.5509,0.102036
2009.7972602739726,3.0644,0.122576
2009.7972602739726,3.084,0.12336000000000001
2009.7972602739726,3.1252,0.125008
2009.7972602739726,3.1252,0.125008
2009.805479452055,3.3408,0.133632
2009.8082191780823,3.1634,0.126536
2009.8109589041096,3.2418,0.129672
2009.813698630137,3.0997,0.123988
2009.8164383561643,3.2447,0.129788
2009.8191780821917,3.2144,0.128576
2009.8219178082193,3.1899,0.12759600000000001
2009.8219178082193,3.2487,0.129948
2009.827397260274,3.2201999999999997,0.12880799999999998
2009.841095890411,3.3476,0.133904
2010.0164383561644,3.4064,0.13625600000000002
2010.0191780821917,3.3153,0.132612
2010.021917808219,3.3251,0.133004
2010.0246575342467,3.38,0.1352
2010.0301369863014,3.3270999999999997,0.13308399999999998
2010.0712328767124,3.4113,0.13645200000000002
2010.0739726027398,3.3996,0.135984
2010.3287671232877,3.3996,0.135984
2010.331506849315,3.4671999999999996,0.13868799999999998
2010.3342465753424,3.4172,0.136688
2010.33698630137,3.3427,0.133708
2010.3397260273973,3.3908,0.135632
2010.3424657534247,3.3859,0.135436
2010.3534246575343,3.624,0.14496
2010.358904109589,3.573,0.14292
2010.3616438356164,3.5476,0.141904
2010.3643835616438,3.6407,0.145628
2010.372602739726,3.7357,0.149428
2010.3753424657534,3.7102,0.148408
2010.3780821917808,3.2634000000000003,0.130536
2010.3835616438357,3.6407,0.145628
2010.386301369863,3.3369,0.133476
2010.3917808219178,3.5574,0.142296
2010.3945205479451,3.4945999999999997,0.139784
2010.3972602739725,3.5583,0.14233200000000001
2010.4,3.5485,0.14194
2010.4027397260274,3.4515,0.13806
2010.4054794520548,3.5926,0.143704
2010.4109589041095,3.5181999999999998,0.140728
2010.4438356164383,3.6779,0.147116
2010.5150684931507,3.5877,0.143508
2010.517808219178,3.6083000000000003,0.14433200000000002
2010.5232876712328,3.5406999999999997,0.141628
2010.5287671232877,3.6113000000000004,0.14445200000000002
2010.531506849315,3.5828,0.14331200000000002
2010.5342465753424,3.6779,0.147116
2010.5369863013698,3.5554,0.142216
2010.5397260273974,3.5946,0.143784
2010.5424657534247,3.5368000000000004,0.14147200000000001
2010.5479452054794,3.4917,0.139668
2010.5506849315068,3.5064,0.14025600000000002
2010.5534246575342,3.4574000000000003,0.138296
2010.5561643835617,3.4202,0.136808
2010.558904109589,3.3643,0.134572
2010.5616438356165,3.429,0.13716
2010.5643835616438,3.4495999999999998,0.137984
2010.5671232876712,3.3584,0.134336
2010.5698630136985,3.4006,0.136024
2010.572602739726,3.4133,0.13653200000000001
2010.5753424657535,3.4143000000000003,0.13657200000000003
2010.5780821917808,3.3996,0.135984
2010.5808219178082,3.3721,0.134884
2010.5945205479452,3.526,0.14104
2010.5972602739726,3.4455999999999998,0.137824
2010.6,3.2918000000000003,0.131672
2010.6027397260275,3.3535,0.13414
2010.6054794520549,3.4535,0.13814
2010.6082191780822,3.4240999999999997,0.136964
2010.6191780821919,3.4594,0.138376
2010.6246575342466,3.5397,0.141588
2010.6301369863013,3.6985,0.14794000000000002
2010.6356164383562,3.4104,0.136416
2010.641095890411,3.5603000000000002,0.142412
2010.6520547945206,3.7651,0.150604
2010.6575342465753,3.7436,0.149744
2010.66301369863,3.675,0.147
2010.6986301369864,3.9729,0.158916
2010.7013698630137,3.9356,0.157424
2010.704109589041,3.968,0.15872
2010.7068493150684,3.8416,0.153664
2010.7095890410958,4.0042,0.160168
2010.7123287671234,3.9141,0.156564
2010.7150684931507,3.9120999999999997,0.15648399999999998
2010.717808219178,3.867,0.15468
2010.7205479452055,3.9827,0.159308
2010.9150684931508,3.6612,0.146448
2010.9178082191781,3.7583,0.15033200000000002
2010.9205479452055,3.6593,0.146372
2010.9232876712329,3.6838,0.147352
2010.9260273972602,3.5652,0.142608
2010.9315068493152,3.6808,0.147232
2010.9342465753425,3.5985,0.14394
2010.9369863013699,3.7514000000000003,0.15005600000000002
2010.9397260273972,3.7739000000000003,0.150956
2010.9424657534246,3.8955,0.15582000000000001
2010.9506849315069,3.772,0.15088
2010.9534246575342,3.87,0.15480000000000002
2010.958904109589,3.8749000000000002,0.15499600000000002
2010.9616438356165,3.8171,0.15268400000000001
2011.0191780821917,4.115,0.16460000000000002
2011.021917808219,3.7053000000000003,0.148212
2011.0246575342467,3.8876,0.155504
2011.027397260274,4.2845,0.17138000000000003
2011.0301369863014,3.9719,0.15887600000000002
2011.0328767123287,4.0454,0.161816
2011.035616438356,4.0003,0.16001200000000002
2011.0383561643835,4.0786999999999995,0.163148
2011.041095890411,4.0758,0.163032
2011.0520547945205,4.0601,0.16240400000000002
2011.054794520548,4.0856,0.163424
2011.0575342465754,4.018,0.16072
2011.0602739726028,3.9806999999999997,0.15922799999999998
2011.0630136986301,4.0964,0.163856
2011.0657534246575,4.0013000000000005,0.16005200000000003
2011.0684931506848,4.0944,0.163776
2011.0712328767124,4.0258,0.161032
2011.0739726027398,4.106199999999999,0.16424799999999998
2011.0767123287671,4.0826,0.163304
2011.0794520547945,4.1307,0.165228
2011.2054794520548,3.7318000000000002,0.14927200000000002
2011.2082191780821,3.7543,0.150172
2011.2109589041097,3.6975,0.1479
2011.213698630137,3.8346999999999998,0.153388
2011.2191780821918,3.7808,0.151232
2011.2219178082191,3.7534,0.15013600000000002
2011.227397260274,3.7416,0.149664
2011.2301369863014,3.6505,0.14602
2011.2328767123288,3.7494,0.149976
2011.2356164383561,3.7308000000000003,0.149232
2011.2383561643835,3.8808000000000002,0.155232
2011.2410958904109,3.8327,0.153308
2011.2438356164384,3.7405999999999997,0.14962399999999998
2011.2465753424658,3.8171,0.15268400000000001
2011.2493150684932,3.8514,0.154056
2011.2520547945205,3.7836999999999996,0.15134799999999998
2011.2547945205479,3.8288,0.153152
2011.2575342465752,3.9935,0.15974
2011.2602739726028,3.9523,0.158092
2011.2630136986302,3.969,0.15875999999999998
2011.2657534246575,3.9993000000000003,0.159972
2011.268493150685,3.6779,0.147116
2011.2712328767122,3.8259000000000003,0.153036
2011.2767123287672,3.8396,0.153584
2011.282191780822,3.9729,0.158916
2011.2849315068493,3.8611999999999997,0.154448
2011.2876712328766,3.6877,0.147508
2011.2904109589042,4.065,0.16260000000000002
2011.2931506849316,3.9846,0.159384
2011.3150684931506,4.0464,0.161856
2011.3205479452056,3.9405,0.15762
2011.323287671233,4.0248,0.160992
2011.3260273972603,4.0552,0.16220800000000002
2011.3287671232877,3.625,0.145
2011.331506849315,3.7749,0.15099600000000002
2011.3342465753424,4.0072,0.160288
2011.33698630137,3.9739,0.15895600000000001
2011.3397260273973,4.0444,0.16177600000000003
2011.3424657534247,4.0131,0.160524
2011.345205479452,4.0572,0.162288
2011.3479452054794,3.9709,0.158836
2011.3506849315067,4.067,0.16268000000000002
2011.3534246575343,4.0366,0.161464
2011.3561643835617,3.9572,0.15828799999999998
2011.3616438356164,4.1365,0.16546
2011.3671232876711,4.015,0.1606
2011.3698630136987,4.0091,0.160364
2011.372602739726,3.9709,0.158836
2011.3753424657534,3.9120999999999997,0.15648399999999998
2011.3780821917808,3.8817,0.155268
2011.3808219178081,3.9219,0.156876
2011.3835616438357,3.9249,0.156996
2011.3890410958904,3.9611,0.158444
2011.3945205479451,3.918,0.15672
2011.3972602739725,3.8602,0.154408
2011.4,3.8581999999999996,0.154328
2011.4027397260274,3.8592,0.154368
2011.4054794520548,3.8346999999999998,0.153388
2011.4082191780822,3.8376,0.153504
2011.4109589041095,3.7563,0.150252
2011.4136986301369,3.8445,0.15378
2011.4191780821918,3.7779000000000003,0.151116
2011.4246575342465,3.7475,0.1499
2011.4301369863015,3.7121999999999997,0.14848799999999998
2011.4356164383562,3.6407,0.145628
2011.441095890411,3.6769000000000003,0.147076
2011.4438356164383,3.6397,0.145588
2011.4438356164383,3.6201,0.144804
2011.4465753424658,3.5662,0.142648
2011.4493150684932,3.5819,0.14327600000000001
2011.4520547945206,3.622,0.14488
2011.454794520548,3.5711,0.142844
2011.4575342465753,3.5603000000000002,0.142412
2011.4602739726026,3.4888000000000003,0.139552
2011.4630136986302,3.5289,0.141156
2011.4657534246576,3.6073000000000004,0.14429200000000003
2011.468493150685,3.5093,0.140372
2011.4712328767123,3.574,0.14296
2011.4739726027397,3.5151999999999997,0.14060799999999998
2011.4767123287672,3.5917,0.143668
2011.4794520547946,3.5534,0.142136
2011.4876712328767,3.6161999999999996,0.144648
2011.490410958904,3.5701,0.14280400000000001
2011.4931506849316,3.4564,0.138256
2011.495890410959,3.7151,0.148604
2011.4986301369863,3.5848,0.143392
2011.5013698630137,3.4671999999999996,0.13868799999999998
2011.504109589041,3.5446,0.141784
2011.509589041096,3.6603000000000003,0.14641200000000001
2011.5123287671233,3.478,0.13912000000000002
2011.5150684931507,3.6505,0.14602
2011.517808219178,3.5025,0.1401
2011.5205479452054,3.3849,0.13539600000000002
2011.5260273972603,3.6358,0.145432
2011.5287671232877,3.6358,0.145432
2011.531506849315,3.5613,0.142452
2011.5342465753424,3.5711,0.142844
2011.5369863013698,3.5574,0.142296
2011.5397260273974,3.7357,0.149428
2011.5424657534247,3.7044,0.148176
2011.545205479452,3.6005,0.14402
2011.5479452054794,3.6103,0.144412
2011.5506849315068,3.5966,0.143864
2011.5534246575342,3.6151999999999997,0.144608
2011.5561643835617,3.5681,0.142724
2011.558904109589,3.6269,0.145076
2011.5616438356165,3.4113,0.13645200000000002
2011.5643835616438,3.6348000000000003,0.14539200000000002
2011.5671232876712,3.5151999999999997,0.14060799999999998
2011.5698630136985,3.5896999999999997,0.143588
2011.572602739726,3.5671999999999997,0.14268799999999998
2011.5753424657535,3.6318,0.145272
2011.5780821917808,3.3966,0.13586399999999998
2011.5808219178082,3.5681,0.142724
2011.5835616438355,3.5907,0.143628
2011.5863013698631,3.6034,0.14413600000000001
2011.5890410958905,3.5828,0.14331200000000002
2011.5917808219178,3.6034,0.14413600000000001
2011.5945205479452,3.625,0.145
2011.5972602739726,3.6622,0.146488
2011.6,3.6524,0.146096
2011.6054794520549,3.6005,0.14402
2011.6109589041096,3.7681,0.150724
2011.613698630137,3.7191,0.148764
2011.6164383561643,3.7671,0.150684
2011.6191780821919,3.7514000000000003,0.15005600000000002
2011.6219178082192,3.822,0.15288000000000002
2011.6246575342466,3.8298,0.153192
2011.627397260274,3.6161999999999996,0.144648
2011.6301369863013,3.7485,0.14994
2011.6328767123289,3.8249,0.152996
2011.6356164383562,3.6789,0.147156
2011.6383561643836,3.7994,0.151976
2011.641095890411,3.7191,0.148764
2011.6438356164383,3.6632,0.146528
2011.6465753424657,3.7346999999999997,0.149388
2011.6493150684933,3.7102,0.148408
2011.6520547945206,3.6475,0.1459
2011.654794520548,3.6514,0.14605600000000002
2011.6575342465753,3.6015,0.14406000000000002
2011.6602739726027,3.6397,0.145588
2011.6657534246576,3.5583,0.14233200000000001
2011.668493150685,3.5231,0.140924
2011.6712328767123,3.4084,0.13633599999999998
2011.6739726027397,3.4486,0.137944
2011.6794520547944,3.4202,0.136808
2011.682191780822,3.3947,0.135788
2011.6849315068494,3.3633,0.134532
2011.690410958904,3.3721,0.134884
2011.695890410959,3.3701999999999996,0.13480799999999998
2011.6986301369864,3.3565,0.13426000000000002
2011.7013698630137,3.3065,0.13226000000000002
2011.704109589041,3.3516,0.134064
2011.7068493150684,3.4231,0.136924
2011.7123287671234,3.3574,0.134296
2011.7150684931507,3.3436999999999997,0.13374799999999998
2011.717808219178,3.3398000000000003,0.13359200000000002
2011.7205479452055,3.4153000000000002,0.136612
2011.7232876712328,3.427,0.13708
2011.7369863013698,3.3947,0.135788
2011.7397260273972,3.4084,0.13633599999999998
2011.7424657534248,3.476,0.13904
2011.7479452054795,3.4446999999999997,0.137788
2011.7534246575342,3.577,0.14308
2011.849315068493,3.4799,0.13919600000000001
2011.8520547945207,3.3878000000000004,0.13551200000000002
2011.854794520548,3.4172,0.136688
2011.8575342465754,3.5544000000000002,0.14217600000000002
2011.8602739726027,3.6534,0.14613600000000002
2011.86301369863,3.624,0.14496
2011.8657534246574,3.5690999999999997,0.142764
2011.868493150685,3.6622,0.146488
2011.8739726027397,3.723,0.14892
2011.876712328767,3.672,0.14688
2011.8794520547945,3.6985,0.14794000000000002
2011.8821917808218,3.7504,0.150016
2011.8849315068494,3.7121999999999997,0.14848799999999998
2011.8876712328768,3.6995,0.14798
2011.890410958904,3.7583,0.15033200000000002
2011.8931506849315,3.6397,0.145588
2011.8958904109588,3.7455,0.14982
2011.8986301369864,3.7142,0.148568
2011.9013698630138,3.7357,0.149428
2011.9041095890411,3.6955,0.14782
2011.9068493150685,3.6367,0.145468
2011.9095890410958,3.7818,0.15127200000000002
2011.9123287671232,3.5671999999999997,0.14268799999999998
2011.9150684931508,3.6965,0.14786
2011.9178082191781,3.7377,0.149508
2011.9205479452055,3.6759,0.147036
2011.9232876712329,3.7121999999999997,0.14848799999999998
2011.9287671232876,3.5515,0.14206
2011.9315068493152,3.4985999999999997,0.13994399999999999
2011.9342465753425,3.4888000000000003,0.139552
2011.9369863013699,3.72,0.14880000000000002
2011.9397260273972,3.6435999999999997,0.14574399999999998
2011.9424657534246,3.5799000000000003,0.14319600000000002
2011.9479452054795,3.5231,0.140924
2011.9506849315069,3.5564,0.142256
2011.9534246575342,3.5642,0.142568
2012.3032786885246,3.4221,0.136884
2012.3060109289618,3.3937,0.135748
2012.308743169399,3.3565,0.13426000000000002
2012.311475409836,3.3369,0.133476
2012.3142076502731,3.4545,0.13818
2012.3169398907103,3.328,0.13312
2012.3196721311476,3.4094,0.13637600000000002
2012.3224043715848,3.3075,0.1323
2012.3251366120219,3.3349,0.13339600000000001
2012.327868852459,3.426,0.13704000000000002
2012.3306010928961,3.3819,0.135276
2012.3333333333333,3.3859,0.135436
2012.3360655737704,3.3643,0.134572
2012.3387978142077,3.3829000000000002,0.13531600000000002
2012.3415300546449,3.4162,0.136648
2012.344262295082,3.3966,0.13586399999999998
2012.3469945355191,3.4123,0.136492
2012.3497267759562,3.428,0.13712
2012.3524590163934,3.3584,0.134336
2012.3551912568305,3.3956999999999997,0.135828
2012.3579234972678,3.4094,0.13637600000000002
2012.360655737705,3.4221,0.136884
2012.363387978142,3.4113,0.13645200000000002
2012.3661202185792,3.3839,0.135356
2012.3715846994535,3.3261,0.133044
2012.3743169398906,3.4309000000000003,0.13723600000000002
2012.377049180328,3.3916999999999997,0.13566799999999998
2012.379781420765,3.4181999999999997,0.136728
2012.3825136612022,3.4240999999999997,0.136964
2012.3852459016393,3.2859000000000003,0.13143600000000003
2012.3879781420765,3.2525999999999997,0.130104
2012.3907103825136,3.3623000000000003,0.13449200000000003
2012.3934426229507,3.3937,0.135748
2012.396174863388,3.2781,0.131124
2012.3989071038252,3.2525999999999997,0.130104
2012.4016393442623,3.3555,0.13422
2012.4098360655737,3.232,0.12928
2012.4125683060108,3.1918,0.127672
2012.4153005464482,3.2691999999999997,0.130768
2012.4180327868853,3.2477,0.129908
2012.4207650273224,3.1869,0.127476
2012.4234972677596,3.2781,0.131124
2012.4262295081967,3.2428000000000003,0.12971200000000002
2012.4289617486338,3.1565,0.12625999999999998
2012.4344262295083,3.2104,0.128416
2012.4371584699454,3.281,0.13124
2012.4398907103825,3.2683,0.13073200000000001
2012.4426229508197,3.283,0.13132
2012.4426229508197,3.3143000000000002,0.13257200000000002
2012.4453551912568,3.2525999999999997,0.130104
2012.448087431694,3.3211999999999997,0.132848
2012.450819672131,3.378,0.13512000000000002
2012.4535519125684,3.331,0.13324
2012.4562841530055,3.4701,0.138804
2012.4590163934427,3.378,0.13512000000000002
2012.4617486338798,3.4015,0.13606000000000001
2012.464480874317,3.4349000000000003,0.13739600000000002
2012.467213114754,3.4799,0.13919600000000001
2012.4699453551912,3.4731,0.13892400000000002
2012.4726775956285,3.4368000000000003,0.137472
2012.4754098360656,3.4652,0.138608
2012.4781420765028,3.5603000000000002,0.142412
2012.48087431694,3.4858000000000002,0.139432
2012.483606557377,3.5378000000000003,0.14151200000000003
2012.4863387978141,3.5299,0.14119600000000002
2012.4918032786886,3.5564,0.142256
2012.5,3.4064,0.13625600000000002
2012.5027322404371,3.4671999999999996,0.13868799999999998
2012.5054644808743,3.4084,0.13633599999999998
2012.5081967213114,3.3329,0.133316
2012.5109289617487,3.3359,0.133436
2012.5136612021859,3.3731,0.13492400000000002
2012.516393442623,3.3418,0.133672
2012.51912568306,3.2624,0.130496
2012.5218579234972,3.2359,0.129436
2012.5245901639344,3.2536,0.130144
2012.5273224043715,3.2466999999999997,0.12986799999999998
2012.5300546448088,3.2173000000000003,0.128692
2012.532786885246,3.2163000000000004,0.12865200000000002
2012.535519125683,3.2163000000000004,0.12865200000000002
2012.5382513661202,3.0997,0.123988
2012.5409836065573,3.2281,0.129124
2012.5437158469945,3.1448,0.12579200000000001
2012.5464480874316,3.0213,0.120852
2012.549180327869,3.0919,0.123676
2012.551912568306,3.1379,0.12551600000000002
2012.5546448087432,3.1526,0.126104
2012.5573770491803,3.0919,0.123676
2012.5601092896175,3.1458000000000004,0.12583200000000003
2012.5628415300546,3.0889,0.12355600000000001
2012.5655737704917,3.0899,0.12359600000000001
2012.568306010929,3.1056,0.124224
2012.5710382513662,3.0968,0.123872
2012.5737704918033,3.0781,0.12312400000000001
2012.5792349726776,3.0429,0.121716
2012.5819672131147,3.0683000000000002,0.12273200000000001
2012.5846994535518,3.0301,0.121204
2012.5874316939892,2.9586,0.118344
2012.5928961748634,2.9703000000000004,0.11881200000000001
2012.5956284153006,2.9135,0.11654
2012.5983606557377,2.9272,0.117088
2012.6010928961748,2.7939000000000003,0.11175600000000001
2012.603825136612,3.0664000000000002,0.12265600000000002
2012.6092896174864,2.838,0.11352000000000001
2012.6120218579235,2.8184,0.112736
2012.6174863387978,2.7734,0.110936
2012.622950819672,2.7704,0.110816
2012.6256830601094,2.7626,0.110504
2012.6284153005465,2.7743,0.11097200000000002
2012.639344262295,2.7636,0.11054399999999999
2012.6420765027322,2.6656,0.106624
2012.6448087431695,2.6381,0.105524
2012.6502732240438,2.6293,0.10517200000000002
2012.6530054644809,2.6499,0.105996
2012.655737704918,2.6244,0.104976
2012.6584699453551,2.6616,0.106464
2012.6612021857923,2.6273,0.105092
2012.6639344262296,2.7096999999999998,0.108388
2012.6666666666667,2.6489000000000003,0.10595600000000001
2012.6693989071039,2.6695,0.10678000000000001
2012.672131147541,2.6783,0.107132
2012.691256830601,2.8301999999999996,0.11320799999999999
2012.6939890710382,2.792,0.11168
2012.72131147541,2.7331999999999996,0.10932799999999998
2012.7267759562842,2.8243,0.112972
2012.7295081967213,2.7832,0.111328
2012.7322404371585,2.7870999999999997,0.11148399999999999
2012.7349726775956,2.7302,0.109208
2012.7377049180327,2.7792,0.111168
2012.74043715847,2.7273,0.10909200000000001
2012.7431693989072,2.7792,0.111168
2012.7459016393443,2.7675,0.1107
2012.7650273224044,2.7342,0.109368
2012.7677595628415,2.7753,0.111012
2012.7704918032787,2.7675,0.1107
2012.7732240437158,2.6803000000000003,0.10721200000000002
2012.775956284153,2.5616999999999996,0.10246799999999999
2012.77868852459,2.842,0.11368
2012.7814207650274,2.8036999999999996,0.11214799999999998
2012.7841530054645,2.8429,0.11371600000000001
2012.7868852459017,2.7498,0.109992
2012.7896174863388,2.792,0.11168
2012.792349726776,2.8155,0.11262000000000001
2012.795081967213,2.7096999999999998,0.108388
2012.7978142076502,2.7743,0.11097200000000002
2012.8005464480875,2.7586999999999997,0.11034799999999999
2012.8032786885246,2.6812,0.10724800000000001
2012.8060109289618,2.7841,0.111364
2012.808743169399,2.7165,0.10865999999999999
2012.811475409836,2.7204,0.10881600000000001
2012.8142076502731,2.691,0.10764
2012.8169398907103,2.7753,0.111012
2012.8196721311476,2.7704,0.110816
2012.8224043715848,2.6812,0.10724800000000001
2012.8251366120219,2.7734,0.110936
2012.827868852459,2.6126,0.104504
2012.8306010928961,2.6567,0.106268
2012.8333333333333,2.6871,0.10748400000000001
2012.8360655737704,2.7861,0.11144399999999999
2012.8387978142077,2.7273,0.10909200000000001
2012.8415300546449,2.6489000000000003,0.10595600000000001
2012.844262295082,2.6793,0.107172
2012.8497267759562,2.8125999999999998,0.11250399999999999
2012.9043715846994,2.7048,0.10819200000000001
2012.9071038251366,2.7959,0.111836
2012.9098360655737,2.789,0.11156
2012.9125683060108,2.8635,0.11454
2012.9153005464482,2.8085999999999998,0.112344
2012.9180327868853,2.9419,0.117676
2012.9289617486338,2.7939000000000003,0.11175600000000001
2012.931693989071,2.9164,0.116656
2012.9398907103825,2.7881,0.111524
2012.9426229508197,2.7175,0.10869999999999999
2012.9617486338798,2.8066999999999998,0.11226799999999999
2012.964480874317,2.8988,0.115952
2012.967213114754,2.7557,0.110228
2013.1561643835616,2.9272,0.117088
2013.158904109589,2.9781999999999997,0.119128
2013.1616438356164,2.937,0.11748
2013.164383561644,2.8802,0.11520799999999999
2013.1753424657534,2.9272,0.117088
2013.1780821917807,2.9458,0.117832
2013.1808219178083,2.8704,0.114816
2013.1835616438357,2.8263000000000003,0.11305200000000001
2013.186301369863,2.8066999999999998,0.11226799999999999
2013.1917808219177,2.8194,0.112776
2013.1972602739727,2.8175,0.1127
2013.2,2.7704,0.110816
2013.2109589041097,2.8743000000000003,0.11497200000000002
2013.213698630137,2.9449,0.11779600000000001
2013.2164383561644,2.7048,0.10819200000000001
2013.2191780821918,2.8322,0.113288
2013.2219178082191,2.7822,0.111288
2013.2246575342465,2.743,0.10972
2013.2301369863014,2.8106,0.112424
2013.2328767123288,2.8665,0.11466
2013.2356164383561,2.8586,0.114344
2013.2383561643835,2.7596,0.110384
2013.2410958904109,2.9174,0.11669600000000001
2013.2438356164384,2.8312,0.113248
2013.2465753424658,2.8527,0.114108
2013.2493150684932,2.7783,0.11113200000000001
2013.2520547945205,2.8429,0.11371600000000001
2013.2547945205479,2.8704,0.114816
2013.2575342465752,2.9027,0.11610799999999999
2013.2602739726028,2.7763,0.111052
2013.2630136986302,2.7822,0.111288
2013.2657534246575,2.7959,0.111836
2013.268493150685,2.8106,0.112424
2013.2739726027398,2.8047,0.112188
2013.2767123287672,2.7959,0.111836
2013.2794520547945,2.8556999999999997,0.114228
2013.282191780822,2.7811999999999997,0.11124799999999999
2013.2849315068493,2.9066,0.116264
2013.2876712328766,2.8135,0.11254
2013.3698630136987,2.8273,0.11309200000000001
2013.372602739726,2.7655,0.11062
2013.3753424657534,2.8175,0.1127
2013.3780821917808,2.7479,0.109916
2013.3808219178081,2.889,0.11556
2013.3835616438357,2.744,0.10976000000000001
2013.386301369863,2.8547,0.114188
2013.3890410958904,2.7811999999999997,0.11124799999999999
2013.3917808219178,2.7783,0.11113200000000001
2013.3972602739725,2.8018,0.112072
2013.4,2.7283000000000004,0.10913200000000002
2013.4027397260274,2.7146,0.108584
2013.4054794520548,2.7136,0.108544
2013.4082191780822,2.7351,0.109404
2013.4109589041095,2.6959,0.107836
2013.4136986301369,2.742,0.10968
2013.4164383561645,2.7596,0.110384
2013.4191780821918,2.7391,0.10956400000000001
2013.4219178082192,2.7792,0.111168
2013.4246575342465,2.8224,0.112896
2013.427397260274,2.792,0.11168
2013.4301369863015,2.8036999999999996,0.11214799999999998
2013.4328767123288,2.838,0.11352000000000001
2013.4356164383562,2.694,0.10776
2013.4383561643835,2.789,0.11156
2013.441095890411,2.8556999999999997,0.114228
2013.4438356164383,2.8291999999999997,0.11316799999999999
2013.4438356164383,2.8361,0.113444
2013.4465753424658,2.8469,0.113876
2013.4493150684932,2.7802,0.11120799999999999
2013.4520547945206,2.9036999999999997,0.11614799999999999
2013.4575342465753,2.8615999999999997,0.114464
2013.4602739726026,2.7969,0.111876
2013.4657534246576,2.9253,0.117012
2013.468493150685,2.7802,0.11120799999999999
2013.4712328767123,2.791,0.11164
2013.4739726027397,2.7331999999999996,0.10932799999999998
2013.4767123287672,2.7116,0.10846399999999999
2013.4794520547946,2.6979,0.10791600000000001
2013.482191780822,2.7469,0.109876
2013.4849315068493,2.8085999999999998,0.112344
2013.4876712328767,2.6763000000000003,0.10705200000000002
2013.490410958904,2.7361,0.109444
2013.4931506849316,2.6370999999999998,0.105484
2013.4986301369863,2.691,0.10764
2013.5013698630137,2.8018,0.112072
2013.504109589041,2.7557,0.110228
2013.5068493150684,2.7988000000000004,0.11195200000000002
2013.509589041096,2.8165,0.11266
2013.5123287671233,2.8106,0.112424
2013.5150684931507,2.7783,0.11113200000000001
2013.517808219178,2.6754000000000002,0.10701600000000001
2013.5205479452054,2.8978,0.11591200000000002
2013.5232876712328,2.7528,0.110112
2013.5260273972603,2.8096,0.11238400000000001
2013.5287671232877,2.8282,0.11312799999999999
2013.531506849315,2.8723,0.11489200000000001
2013.5342465753424,2.8488,0.11395200000000001
2013.5369863013698,2.8586,0.114344
2013.5397260273974,2.9076,0.116304
2013.545205479452,2.9155,0.11662000000000002
2013.5479452054794,2.8478000000000003,0.11391200000000001
2013.5506849315068,2.8556999999999997,0.114228
2013.5534246575342,2.8371,0.113484
2013.5561643835617,2.8959,0.11583600000000001
2013.558904109589,2.7870999999999997,0.11148399999999999
2013.5616438356165,2.7959,0.111836
2013.5643835616438,2.8085999999999998,0.112344
2013.5671232876712,2.8116,0.112464
2013.572602739726,2.7136,0.108544
2013.5753424657535,2.7605999999999997,0.110424
2013.5780821917808,2.7449,0.109796
2013.5808219178082,2.7087,0.108348
2013.5835616438355,2.7195,0.10878
2013.5863013698631,2.6881,0.107524
2013.5890410958905,2.6342,0.105368
2013.5945205479452,2.6586999999999996,0.10634799999999998
2013.5972602739726,2.5852,0.103408
2013.6,2.6401,0.105604
2013.6027397260275,2.6283000000000003,0.10513200000000002
2013.6054794520549,2.5725,0.10289999999999999
2013.613698630137,2.6146,0.104584
2013.6164383561643,2.5685,0.10274
2013.6191780821919,2.8684000000000003,0.11473600000000002
2013.6219178082192,2.8322,0.113288
2013.627397260274,2.6675,0.1067
2013.6301369863013,2.6656,0.106624
2013.6328767123289,2.6714,0.106856
2013.6356164383562,2.5764,0.10305600000000001
2013.6383561643836,2.6411,0.10564399999999999
2013.641095890411,2.6126,0.104504
2013.6438356164383,2.6635999999999997,0.10654399999999999
2013.6465753424657,2.7538,0.110152
2013.6493150684933,2.6224000000000003,0.10489600000000002
2013.6520547945206,2.7253000000000003,0.10901200000000001
2013.654794520548,2.7126,0.108504
2013.6575342465753,2.7851,0.111404
2013.6602739726027,2.7253000000000003,0.10901200000000001
2013.66301369863,2.7106,0.10842399999999999
2013.6657534246576,2.7312,0.109248
2013.668493150685,2.8312,0.113248
2013.6712328767123,2.7734,0.110936
2013.676712328767,2.691,0.10764
2013.682191780822,2.7283000000000004,0.10913200000000002
2013.6849315068494,2.6675,0.1067
2013.6876712328767,2.741,0.10964
2013.690410958904,2.6616,0.106464
2013.6931506849314,2.6558,0.10623200000000001
2013.695890410959,2.6234,0.10493600000000002
2013.6986301369864,2.6607,0.106428
2013.7013698630137,2.6734,0.106936
2013.786301369863,2.3716,0.094864
2013.7890410958903,2.4833000000000003,0.09933200000000002
2013.7945205479452,2.5391,0.101564
2013.7972602739726,2.5235,0.10094
2013.8,2.5205,0.10082
2013.8027397260273,2.5088000000000004,0.10035200000000001
2013.805479452055,2.5362,0.101448
2013.8082191780823,2.5048000000000004,0.10019200000000002
2013.8109589041096,2.5568,0.102272
2013.813698630137,2.5587,0.102348
2013.8164383561643,2.5734,0.102936
2013.8191780821917,2.6019,0.104076
2013.8219178082193,2.5333,0.101332
2013.8246575342466,2.5274,0.101096
2013.827397260274,2.5725,0.10289999999999999
2013.8301369863013,2.5391,0.101564
2013.8328767123287,2.5499,0.101996
2013.835616438356,2.545,0.1018
2013.8383561643836,2.5254000000000003,0.10101600000000001
2013.841095890411,2.5351999999999997,0.10140799999999998
2013.8438356164384,2.5126999999999997,0.10050799999999999
2013.8465753424657,2.5568,0.102272
2013.849315068493,2.546,0.10184
2013.8520547945207,2.4421,0.09768399999999999
2013.854794520548,2.4451,0.097804
2013.8575342465754,2.4774000000000003,0.09909600000000002
2013.8602739726027,2.5606999999999998,0.10242799999999999
2013.86301369863,2.6077,0.104308
2013.8657534246574,2.4108,0.096432
2013.868493150685,2.6107,0.104428
2013.876712328767,2.4774000000000003,0.09909600000000002
2013.8794520547945,2.4313000000000002,0.097252
2013.8821917808218,2.4215,0.09686
2013.8849315068494,2.3598000000000003,0.09439200000000002
2013.8876712328768,2.4068,0.09627200000000001
2013.890410958904,2.4745,0.09898
2013.8931506849315,2.4794,0.099176
2013.8958904109588,2.4813,0.099252
2013.8986301369864,2.4068,0.09627200000000001
2013.9013698630138,2.4294000000000002,0.09717600000000001
2013.9068493150685,2.4049,0.096196
2013.9095890410958,2.4431,0.09772399999999999
2013.9123287671232,2.4696,0.098784
2013.9150684931508,2.3931,0.095724
2013.9178082191781,2.4882,0.099528
2013.9232876712329,2.4823000000000004,0.09929200000000002
2013.9260273972602,2.4402,0.097608
2013.9287671232876,2.3265,0.09305999999999999
2013.9315068493152,2.4440999999999997,0.09776399999999999
2013.9342465753425,2.4871999999999996,0.099488
2013.9369863013699,2.3265,0.09305999999999999
2013.9561643835616,2.3695999999999997,0.094784
2013.9808219178083,2.4823000000000004,0.09929200000000002
2013.9835616438356,2.4676,0.098704
2013.986301369863,2.5029,0.100116
2013.9890410958903,2.4568000000000003,0.09827200000000001
2013.9917808219177,2.3725,0.0949
2013.9397260273972,2.4715,0.09885999999999999
2013.9945205479453,2.544,0.10176
2014.0027397260274,2.4627,0.098508
2014.0054794520547,2.4901,0.099604
2014.0082191780823,2.4519,0.09807600000000001
2014.0109589041097,2.5519000000000003,0.10207600000000001
2014.013698630137,2.3549,0.09419600000000002
2014.0164383561644,2.4411,0.09764400000000001
2014.0191780821917,2.4852,0.099408
2014.1123287671232,2.6479,0.105916
2014.1150684931506,2.6234,0.10493600000000002
2014.1178082191782,2.546,0.10184
2014.1260273972603,2.6166,0.10466400000000001
2014.131506849315,2.5793000000000004,0.10317200000000001
2014.1342465753426,2.4696,0.098784
2014.1424657534246,2.6254,0.105016
2014.150684931507,2.6812,0.10724800000000001
2014.158904109589,2.5410999999999997,0.10164399999999998
2014.1698630136987,2.4931,0.09972400000000001
2014.1753424657534,2.5568,0.102272
2014.1780821917807,2.4823000000000004,0.09929200000000002
2014.1808219178083,2.6019,0.104076
2014.1835616438357,2.5225,0.1009
2014.186301369863,2.5509,0.102036
2014.1917808219177,2.5989,0.103956
2014.194520547945,2.5225,0.1009
2014.1972602739727,2.4892,0.09956799999999999
2014.2,2.5019,0.100076
2014.2027397260274,2.4196,0.096784
2014.2082191780821,2.5068,0.10027200000000001
2014.2109589041097,2.5185999999999997,0.10074399999999999
2014.213698630137,2.4715,0.09885999999999999
2014.2164383561644,2.5254000000000003,0.10101600000000001
2014.2191780821918,2.5166,0.100664
2014.2219178082191,2.5088000000000004,0.10035200000000001
2014.227397260274,2.4745,0.09898
2014.2301369863014,2.4353000000000002,0.09741200000000001
2014.2328767123288,2.4372,0.09748799999999999
2014.2356164383561,2.4882,0.099528
2014.2383561643835,2.4794,0.099176
2014.2410958904109,2.446,0.09784000000000001
2014.2438356164384,2.496,0.09984
2014.2465753424658,2.5587,0.102348
2014.2493150684932,2.4402,0.097608
2014.2547945205479,2.4833000000000003,0.09933200000000002
2014.2575342465752,2.4186,0.09674400000000001
2014.2602739726028,2.4715,0.09885999999999999
2014.2630136986302,2.3470999999999997,0.093884
2014.268493150685,2.4019,0.096076
2014.2712328767122,2.4676,0.098704
2014.2739726027398,2.4098,0.096392
2014.2767123287672,2.3745,0.09498
2014.2794520547945,2.4245,0.09698000000000001
2014.2849315068493,2.3716,0.094864
2014.2876712328766,2.4519,0.09807600000000001
2014.2904109589042,2.3392,0.093568
2014.2931506849316,2.3921,0.095684
2014.295890410959,2.3921,0.095684
2014.2986301369863,2.2657,0.090628
2014.3123287671233,2.3636999999999997,0.094548
2014.3150684931506,2.3667,0.09466799999999999
2014.3205479452056,2.301,0.09204000000000001
2014.323287671233,2.2579000000000002,0.09031600000000001
2014.3260273972603,2.2834,0.091336
2014.3287671232877,2.3314,0.09325599999999999
2014.331506849315,2.3421999999999996,0.093688
2014.3342465753424,2.3343000000000003,0.09337200000000001
2014.33698630137,2.3304,0.09321600000000001
2014.3397260273973,2.35,0.094
2014.3424657534247,2.3,0.092
2014.3479452054794,2.3245,0.09298000000000001
2014.3506849315067,2.3618,0.094472
2014.3534246575343,2.3539,0.094156
2014.3561643835617,2.3951,0.095804
2014.358904109589,2.3430999999999997,0.09372399999999999
2014.3616438356164,2.3823000000000003,0.09529200000000002
2014.3698630136987,2.3725,0.0949
2014.372602739726,2.3921,0.095684
2014.386301369863,2.5313000000000003,0.10125200000000001
2014.3890410958904,2.4323,0.097292
2014.4,2.5117,0.100468
2014.4027397260274,2.6146,0.104584
2014.4054794520548,2.5881,0.10352399999999999
2014.4082191780822,2.5519000000000003,0.10207600000000001
2014.4109589041095,2.5558,0.102232
2014.4164383561645,2.5558,0.102232
2014.4191780821918,2.5999,0.10399599999999999
2014.4219178082192,2.5734,0.102936
2014.4246575342465,2.5235,0.10094
2014.427397260274,2.448,0.09792000000000001
2014.4301369863015,2.4549000000000003,0.09819600000000002
2014.4328767123288,2.4754,0.099016
2014.4356164383562,2.5999,0.10399599999999999
2014.4383561643835,2.5558,0.102232
2014.441095890411,2.5333,0.101332
2014.4465753424658,2.5606999999999998,0.10242799999999999
2014.4493150684932,2.5695,0.10278000000000001
2014.4520547945206,2.5410999999999997,0.10164399999999998
2014.454794520548,2.5145999999999997,0.10058399999999999
2014.4575342465753,2.4999000000000002,0.09999600000000002
2014.4602739726026,2.4627,0.098508
2014.4630136986302,2.4794,0.099176
2014.4657534246576,2.5715,0.10286
2014.468493150685,2.5627,0.102508
2014.4712328767123,2.4803,0.09921200000000001
2014.4739726027397,2.3373000000000004,0.09349200000000002
2014.4767123287672,2.448,0.09792000000000001
2014.4794520547946,2.5009,0.10003600000000001
2014.482191780822,2.3156999999999996,0.09262799999999999
2014.4849315068493,2.4882,0.099528
2014.4876712328767,2.449,0.09795999999999999
2014.490410958904,2.4794,0.099176
2014.4931506849316,2.4049,0.096196
2014.495890410959,2.4529,0.09811600000000001
2014.4986301369863,2.2618,0.090472
2014.5013698630137,2.398,0.09592
2014.504109589041,2.4235,0.09694000000000001
2014.509589041096,2.3381999999999996,0.09352799999999999
2014.5123287671233,2.3823000000000003,0.09529200000000002
2014.5150684931507,2.3588,0.094352
2014.5205479452054,2.3765,0.09506
2014.5232876712328,2.4274,0.097096
2014.5260273972603,2.2197,0.088788
2014.5287671232877,2.2745,0.09098
2014.531506849315,2.251,0.09004
2014.5342465753424,2.3245,0.09298000000000001
2014.5369863013698,2.3245,0.09298000000000001
2014.5397260273974,2.4323,0.097292
2014.5424657534247,2.3079,0.09231600000000001
2014.545205479452,2.2745,0.09098
2014.5479452054794,2.2941,0.091764
2014.5506849315068,2.2814,0.091256
2014.5534246575342,2.349,0.09396000000000002
2014.5561643835617,2.2775,0.0911
2014.558904109589,2.2981,0.09192399999999999
2014.5616438356165,2.2647,0.090588
2014.5643835616438,2.1932,0.087728
2014.5671232876712,2.254,0.09016
2014.5698630136985,2.303,0.09212
2014.572602739726,2.303,0.09212
2014.5753424657535,2.1431999999999998,0.085728
2014.5780821917808,2.205,0.0882
2014.5808219178082,2.2275,0.0891
2014.5835616438355,2.152,0.08608
2014.5863013698631,2.252,0.09008
2014.5890410958905,2.2471,0.089884
2014.5917808219178,2.2001,0.088004
2014.5972602739726,2.2971,0.091884
2014.6,2.3177,0.092708
2014.6027397260275,2.3079,0.09231600000000001
2014.6054794520549,2.3226,0.092904
2014.6082191780822,2.3146999999999998,0.09258799999999999
2014.6109589041096,2.2324,0.08929600000000001
2014.613698630137,2.3804000000000003,0.09521600000000001
2014.6164383561643,2.3647,0.094588
2014.6191780821919,2.2422,0.089688
2014.6219178082192,2.351,0.09404
2014.6246575342466,2.2471,0.089884
2014.627397260274,2.3324000000000003,0.09329600000000002
2014.6328767123289,2.3912,0.095648
2014.6356164383562,2.351,0.09404
2014.6383561643836,2.1942,0.087768
2014.641095890411,2.2638000000000003,0.09055200000000001
2014.6438356164383,2.2971,0.091884
2014.6465753424657,2.2891999999999997,0.09156799999999998
2014.6493150684933,2.3304,0.09321600000000001
2014.6520547945206,2.2638000000000003,0.09055200000000001
2014.654794520548,2.3294,0.09317600000000001
2014.6575342465753,2.3186,0.09274400000000001
2014.6602739726027,2.2579000000000002,0.09031600000000001
2014.66301369863,2.2981,0.09192399999999999
2014.6657534246576,2.2863,0.091452
2014.668493150685,2.2579000000000002,0.09031600000000001
2014.6712328767123,2.3441,0.093764
2014.6739726027397,2.3402,0.093608
2014.676712328767,2.349,0.09396000000000002
2014.6794520547944,2.3381999999999996,0.09352799999999999
2014.682191780822,2.3156999999999996,0.09262799999999999
2014.690410958904,2.3647,0.094588
2014.6931506849314,2.351,0.09404
2014.7013698630137,2.2353,0.089412
2014.7095890410958,2.2950999999999997,0.09180399999999998
2014.717808219178,2.3461,0.093844
2014.7205479452055,2.3745,0.09498
2014.7232876712328,2.4186,0.09674400000000001
2014.7260273972602,2.4284,0.097136
2014.7287671232878,2.498,0.09992000000000001
2014.7342465753425,2.4235,0.09694000000000001
2014.7369863013698,2.4019,0.096076
2014.7424657534248,2.4431,0.09772399999999999
2014.7452054794521,2.4764,0.099056
2014.7479452054795,2.4813,0.099252
2014.7506849315068,2.4372,0.09748799999999999
2014.7534246575342,2.3901999999999997,0.09560799999999998
2014.7589041095891,2.4892,0.09956799999999999
2014.7616438356165,2.5391,0.101564
2014.7643835616439,2.4255,0.09702
2014.7671232876712,2.4206,0.096824
2014.7698630136986,2.4255,0.09702
2014.772602739726,2.3755,0.09502000000000001
2014.7780821917809,2.398,0.09592
2014.7835616438356,2.3765,0.09506
2014.7890410958903,2.3657,0.094628
2014.7945205479452,2.3618,0.094472
2014.7972602739726,2.3695999999999997,0.094784
2014.805479452055,2.3049,0.092196
2014.8082191780823,2.4843,0.09937200000000002
2014.813698630137,2.4598,0.09839200000000001
2014.8164383561643,2.4166,0.096664
2014.8191780821917,2.3167,0.092668
2014.8219178082193,2.4175999999999997,0.096704
2014.8246575342466,2.3226,0.092904
2014.8328767123287,2.4166,0.096664
2014.8383561643836,2.3451,0.093804
2014.841095890411,2.3804000000000003,0.09521600000000001
2014.8438356164384,2.3951,0.095804
2014.8465753424657,2.3853,0.095412
2014.849315068493,2.449,0.09795999999999999
2014.8520547945207,2.4392,0.097568
2014.854794520548,2.4,0.096
2014.8712328767124,2.2236,0.088944
2014.8739726027397,2.2314000000000003,0.08925600000000002
2014.8794520547945,2.2226,0.088904
2014.8821917808218,2.1912,0.08764799999999999
2014.8849315068494,2.2206,0.088824
2014.8876712328768,2.2411999999999996,0.08964799999999999
2014.890410958904,2.2363000000000004,0.08945200000000002
2014.8931506849315,2.2206,0.088824
2014.8958904109588,2.1952,0.087808
2014.8986301369864,2.202,0.08808
2014.9013698630138,2.2304,0.089216
2014.9041095890411,2.2314000000000003,0.08925600000000002
2014.9095890410958,2.299,0.09196
2014.9123287671232,2.254,0.09016
2014.9178082191781,2.2941,0.091764
2014.9205479452055,2.2079,0.088316
2014.9232876712329,2.2647,0.090588
2014.9260273972602,2.2265,0.08906000000000001
2014.9287671232876,2.2451,0.089804
2014.9315068493152,2.2559,0.090236
2014.9369863013699,2.2853000000000003,0.09141200000000002
2014.9424657534246,2.25,0.09
2014.945205479452,2.2432,0.089728
2014.9479452054795,2.2755,0.09102
2014.9561643835616,2.2285,0.08914
2014.958904109589,2.254,0.09016
2014.9616438356165,2.2118,0.08847200000000001
2014.964383561644,2.2598000000000003,0.09039200000000001
2014.9671232876713,2.2441999999999998,0.08976799999999999
2014.9698630136986,2.2579000000000002,0.09031600000000001
2014.9753424657533,2.252,0.09008
2014.978082191781,2.205,0.0882
2014.9808219178083,2.2255,0.08901999999999999
2014.9835616438356,2.3353,0.09341200000000001
2014.986301369863,2.2863,0.091452
2014.9945205479453,2.253,0.09012
2015.0027397260274,2.2775,0.0911
2015.0054794520547,2.2401999999999997,0.089608
2015.0082191780823,2.2785,0.09114000000000001
2015.0109589041097,2.1912,0.08764799999999999
2015.0191780821917,2.2666999999999997,0.09066799999999998
2015.021917808219,2.1403000000000003,0.08561200000000001
2015.0246575342467,2.3853,0.095412
2015.027397260274,2.2657,0.090628
2015.0328767123287,2.3891999999999998,0.09556799999999999
2015.035616438356,2.2647,0.090588
2015.0383561643835,2.2324,0.08929600000000001
2015.041095890411,2.2344,0.089376
2015.0438356164384,2.3156999999999996,0.09262799999999999
2015.0465753424658,2.3128,0.09251200000000001
2015.0520547945205,2.3284000000000002,0.09313600000000001
2015.054794520548,2.3921,0.095684
2015.0575342465754,2.3069,0.09227600000000001
2015.0602739726028,2.2873,0.091492
2015.0630136986301,2.2853000000000003,0.09141200000000002
2015.0657534246575,2.3059000000000003,0.09223600000000001
2015.0712328767124,2.3216,0.092864
2015.0739726027398,2.2950999999999997,0.09180399999999998
2015.0767123287671,2.2716,0.090864
2015.0794520547945,2.2755,0.09102
2015.0821917808219,2.299,0.09196
2015.0849315068492,2.2891999999999997,0.09156799999999998
2015.0904109589042,2.2765,0.09106
2015.0931506849315,2.2687,0.090748
2015.0958904109589,2.3901999999999997,0.09560799999999998
2015.0986301369862,2.3539,0.094156
2015.1013698630136,2.3381999999999996,0.09352799999999999
2015.1041095890412,2.3314,0.09325599999999999
2015.109589041096,2.3451,0.093804
2015.1123287671232,2.3421999999999996,0.093688
2015.1178082191782,2.2804,0.091216
2015.1205479452055,2.2441999999999998,0.08976799999999999
2015.123287671233,2.3196,0.09278399999999999
2015.1287671232876,2.2344,0.089376
2015.131506849315,2.2775,0.0911
2015.1342465753426,2.2579000000000002,0.09031600000000001
2015.1397260273973,2.2295,0.08918
2015.1424657534246,2.2471,0.089884
2015.145205479452,2.2725999999999997,0.09090399999999998
2015.150684931507,2.2647,0.090588
2015.1534246575343,2.1715999999999998,0.086864
2015.1561643835616,2.1980999999999997,0.08792399999999999
2015.158904109589,2.154,0.08616
2015.1616438356164,2.2099,0.08839600000000002
2015.1698630136987,2.1795,0.08718000000000001
2015.172602739726,2.201,0.08804000000000001
2015.1753424657534,2.1942,0.087768
2015.1780821917807,2.1266,0.085064
2015.1808219178083,2.1266,0.085064
2015.1890410958904,2.0844,0.083376
2015.1917808219177,2.1275,0.0851
2015.194520547945,2.0932,0.083728
2015.2054794520548,2.103,0.08412000000000001
2015.2082191780821,2.1413,0.085652
2015.2109589041097,2.154,0.08616
2015.213698630137,2.1431999999999998,0.085728
2015.2191780821918,2.2059,0.08823600000000001
2015.2246575342465,2.1462,0.085848
2015.2301369863014,2.253,0.09012
2015.2328767123288,2.2226,0.088904
2015.2356164383561,2.2344,0.089376
2015.2383561643835,2.2941,0.091764
2015.2410958904109,2.301,0.09204000000000001
2015.2438356164384,2.2167,0.088668
2015.2465753424658,2.2696,0.090784
2015.2493150684932,2.3137,0.09254799999999999
2015.2520547945205,2.3833,0.09533200000000001
2015.2547945205479,2.3695999999999997,0.094784
2015.2575342465752,2.3716,0.094864
2015.2602739726028,2.2931999999999997,0.09172799999999999
2015.2630136986302,2.3255,0.09301999999999999
2015.2657534246575,2.3430999999999997,0.09372399999999999
2015.268493150685,2.4166,0.096664
2015.2794520547945,2.3598000000000003,0.09439200000000002
2015.282191780822,2.3774,0.09509600000000001
2015.2849315068493,2.3294,0.09317600000000001
2015.2876712328766,2.3118000000000003,0.09247200000000001
2015.2904109589042,2.2961,0.09184400000000001
2015.2931506849316,2.3843,0.09537200000000001
2015.295890410959,2.3569,0.094276
2015.3013698630136,2.1952,0.087808
2015.3068493150686,2.3314,0.09325599999999999
2015.309589041096,2.2981,0.09192399999999999
2015.3123287671233,2.2824,0.091296
2015.3150684931506,2.2883,0.091532
2015.317808219178,2.2794,0.091176
2015.3205479452056,2.3961,0.09584400000000001
2015.323287671233,2.2657,0.090628
2015.3287671232877,2.2422,0.089688
2015.331506849315,2.2275,0.0891
2015.3342465753424,2.2245999999999997,0.088984
2015.33698630137,2.2471,0.089884
2015.3424657534247,2.1765,0.08706
2015.3479452054794,2.1814,0.087256
2015.3506849315067,2.202,0.08808
2015.3534246575343,2.1599,0.086396
2015.358904109589,2.1912,0.08764799999999999
2015.3616438356164,2.1628000000000003,0.08651200000000002
2015.3643835616438,2.155,0.0862
2015.3671232876711,2.1648,0.086592
2015.3753424657534,2.1579,0.086316
2015.3808219178081,2.1579,0.086316
2015.3835616438357,2.1795,0.08718000000000001
2015.386301369863,2.2069,0.08827600000000001
2015.3890410958904,2.1569000000000003,0.086276
2015.3917808219178,2.1795,0.08718000000000001
2015.3945205479451,2.1903,0.08761200000000001
2015.3972602739725,2.1216999999999997,0.08486799999999999
2015.4,2.2001,0.088004
2015.4027397260274,2.1912,0.08764799999999999
2015.4027397260274,2.2265,0.08906000000000001
2015.4082191780822,2.1814,0.087256
2015.4109589041095,2.1148000000000002,0.08459200000000001
2015.4136986301369,2.1441999999999997,0.08576799999999998
2015.4164383561645,2.1481,0.085924
2015.4191780821918,2.1501,0.08600400000000001
2015.4219178082192,2.2216,0.088864
2015.4246575342465,2.2314000000000003,0.08925600000000002
2015.427397260274,2.1354,0.085416
2015.4301369863015,2.1491,0.085964
2015.4328767123288,2.0972,0.083888
2015.4356164383562,2.1648,0.086592
2015.4383561643835,2.0707,0.082828
2015.441095890411,2.107,0.08428000000000001
2015.4438356164383,2.0638,0.082552
2015.4465753424658,2.1138000000000003,0.08455200000000002
2015.4493150684932,2.0599000000000003,0.08239600000000001
2015.454794520548,1.9609,0.078436
2015.4575342465753,2.0981,0.083924
2015.4602739726026,2.0530999999999997,0.08212399999999999
2015.4630136986302,2.0295,0.08118
2015.468493150685,2.0227,0.080908
2015.4712328767123,2.0354,0.081416
2015.4739726027397,2.1609000000000003,0.08643600000000001
2015.4767123287672,1.9923,0.079692
2015.482191780822,2.0609,0.08243600000000001
2015.4849315068493,2.0276,0.08110400000000001
2015.490410958904,2.0335,0.08134000000000001
2015.495890410959,2.0168,0.080672
2015.4986301369863,1.9541,0.078164
2015.5013698630137,2.0099,0.08039600000000001
2015.504109589041,1.9482000000000002,0.07792800000000001
2015.5068493150684,2.056,0.08224000000000001
2015.509589041096,1.9550999999999998,0.078204
2015.5123287671233,2.0031,0.080124
2015.5150684931507,2.0482,0.081928
2015.517808219178,1.958,0.07832
2015.5205479452054,1.9717,0.07886800000000001
2015.5232876712328,1.9982,0.079928
2015.5260273972603,1.9678,0.078712
2015.5287671232877,1.9825,0.0793
2015.531506849315,1.9247,0.076988
2015.5342465753424,1.9874,0.079496
2015.5369863013698,1.9296,0.077184
2015.5397260273974,2.0148,0.08059200000000001
2015.5424657534247,1.9854,0.079416
2015.545205479452,1.9952,0.079808
2015.5479452054794,2.0501,0.08200400000000001
2015.5534246575342,2.0433,0.081732
2015.5561643835617,2.0991,0.083964
2015.558904109589,2.0286,0.081144
2015.5616438356165,2.105,0.0842
2015.5643835616438,2.0286,0.081144
2015.5671232876712,2.1010999999999997,0.084044
2015.5698630136985,1.9550999999999998,0.078204
2015.572602739726,2.0932,0.083728
2015.5753424657535,2.1079,0.084316
2015.5780821917808,2.205,0.0882
2015.5808219178082,2.1422,0.085688
2015.5835616438355,2.1462,0.085848
2015.5863013698631,2.0981,0.083924
2015.5890410958905,2.0785,0.08314
2015.5917808219178,2.1235999999999997,0.08494399999999999
2015.5945205479452,2.1138000000000003,0.08455200000000002
2015.5972602739726,2.1226,0.084904
2015.6027397260275,2.104,0.08416
2015.6054794520549,2.2304,0.089216
2015.6082191780822,2.1354,0.085416
2015.6109589041096,2.1854,0.08741600000000001
2015.613698630137,2.0923000000000003,0.08369200000000002
2015.6164383561643,2.1471,0.085884
2015.6191780821919,2.1873,0.087492
2015.6219178082192,2.1344000000000003,0.08537600000000001
2015.6246575342466,2.1452,0.085808
2015.627397260274,2.2245999999999997,0.088984
2015.6301369863013,2.155,0.0862
2015.6328767123289,2.1912,0.08764799999999999
2015.6356164383562,2.1824,0.087296
2015.6383561643836,2.1706999999999996,0.08682799999999999
2015.641095890411,2.1413,0.085652
2015.6465753424657,2.1422,0.085688
2015.6520547945206,2.1648,0.086592
2015.654794520548,2.0825,0.0833
2015.6575342465753,2.0589,0.082356
2015.6602739726027,2.0766,0.083064
2015.66301369863,2.058,0.08231999999999999
2015.6657534246576,2.056,0.08224000000000001
2015.668493150685,2.0031,0.080124
2015.6712328767123,2.0462000000000002,0.08184800000000002
2015.6739726027397,2.058,0.08231999999999999
2015.676712328767,2.058,0.08231999999999999
2015.6794520547944,2.0413,0.081652
2015.682191780822,1.9982,0.079928
2015.6849315068494,2.0462000000000002,0.08184800000000002
2015.6876712328767,1.9864000000000002,0.07945600000000001
2015.690410958904,1.9678,0.078712
2015.6931506849314,2.006,0.08023999999999999
2015.695890410959,1.9433,0.07773200000000001
2015.7013698630137,1.909,0.07636
2015.704109589041,1.9845,0.07937999999999999
2015.7068493150684,1.9609,0.078436
2015.7150684931507,1.9912999999999998,0.079652
2015.717808219178,1.9355,0.07742
2015.7205479452055,1.9462000000000002,0.07784800000000001
2015.7232876712328,2.0903,0.083612
2015.7260273972602,2.007,0.08028
2015.7287671232878,2.0178,0.08071199999999999
2015.731506849315,1.9374,0.077496
2015.7342465753425,1.9795999999999998,0.07918399999999999
2015.7369863013698,2.0286,0.081144
2015.7397260273972,2.0462000000000002,0.08184800000000002
2015.7424657534248,2.0276,0.08110400000000001
2015.7452054794521,2.0286,0.081144
2015.7479452054795,2.0482,0.081928
2015.7506849315068,2.0423,0.081692
2015.7534246575342,1.9472,0.077888
2015.7561643835616,2.0619,0.08247600000000001
2015.7589041095891,2.0619,0.08247600000000001
2015.7616438356165,2.0011,0.080044
2015.7671232876712,2.0903,0.083612
2015.7698630136986,1.9492,0.07796800000000001
2015.772602739726,2.0011,0.080044
2015.7753424657535,2.0178,0.08071199999999999
2015.7780821917809,2.0286,0.081144
2015.7808219178082,2.0217,0.08086800000000001
2015.8,2.1295,0.08518
2015.8027397260273,2.007,0.08028
2015.805479452055,1.9894,0.07957600000000001
2015.8082191780823,2.0472,0.081888
2015.8109589041096,2.1001,0.084004
2015.813698630137,2.1275,0.0851
2015.8164383561643,1.9932999999999998,0.079732
2015.8191780821917,1.9903,0.079612
2015.8219178082193,1.9168,0.076672
2015.8246575342466,1.9413,0.077652
2015.8383561643836,2.0217,0.08086800000000001
2015.849315068493,1.9462000000000002,0.07784800000000001
2015.8520547945207,1.9943,0.079772
2015.8575342465754,1.9678,0.078712
2015.86301369863,1.9766,0.079064
2015.868493150685,1.9296,0.077184
2015.8739726027397,2.0766,0.083064
2015.876712328767,2.0325,0.08130000000000001
2015.8794520547945,2.009,0.08036
2015.8821917808218,2.0119000000000002,0.080476
2015.8849315068494,2.005,0.0802
2015.8876712328768,1.9805,0.07922
2015.890410958904,2.0227,0.080908
2015.8958904109588,1.9912999999999998,0.079652
2015.8986301369864,1.9845,0.07937999999999999
2015.9013698630138,1.9747000000000001,0.078988
2015.9041095890411,1.9923,0.079692
2015.9068493150685,1.9737,0.078948
2015.9095890410958,2.0011,0.080044
2015.9123287671232,1.9962,0.079848
2015.9150684931508,1.9443,0.077772
2015.9205479452055,1.9649,0.078596
2015.9232876712329,1.911,0.07644000000000001
2015.9260273972602,1.8522,0.074088
2015.9287671232876,1.9002000000000001,0.076008
2015.9315068493152,1.909,0.07636
2015.9342465753425,1.9265999999999999,0.077064
2015.9369863013699,1.8992,0.07596800000000001
2015.9397260273972,1.9178,0.076712
2015.9424657534246,1.8865,0.07546
2015.945205479452,1.9285999999999999,0.07714399999999999
2015.9479452054795,1.9453,0.077812
2015.9534246575342,1.8737000000000001,0.074948
2015.9561643835616,1.909,0.07636
2015.958904109589,1.9257,0.077028
2015.9616438356165,1.8972,0.075888
2015.964383561644,1.8904,0.075616
2015.9698630136986,2.0825,0.0833
2015.972602739726,1.9002000000000001,0.076008
2015.9753424657533,1.9315,0.07726
2015.978082191781,1.9502000000000002,0.07800800000000001
2015.9808219178083,1.9031,0.076124
2015.9835616438356,1.91,0.0764
2015.986301369863,1.9168,0.076672
2015.9917808219177,1.958,0.07832
2015.9972602739726,2.0776,0.083104
2016.0027322404371,1.9766,0.079064
2016.0054644808743,1.9453,0.077812
2016.0081967213114,2.0109,0.080436
2016.0109289617487,2.0265999999999997,0.081064
2016.0136612021859,2.054,0.08216
2016.016393442623,2.0354,0.081416
2016.01912568306,2.0139,0.080556
2016.0218579234972,2.0168,0.080672
2016.0245901639344,2.0482,0.081928
2016.0300546448088,2.0031,0.080124
2016.032786885246,1.9912999999999998,0.079652
2016.0382513661202,2.0648,0.082592
2016.0409836065573,2.0521,0.08208399999999999
2016.0437158469945,1.9041,0.076164
2016.049180327869,2.0629,0.082516
2016.051912568306,2.0815,0.08326
2016.0546448087432,2.007,0.08028
2016.0573770491803,2.0109,0.080436
2016.068306010929,1.9805,0.07922
2016.0710382513662,1.9727000000000001,0.078908
2016.0737704918033,1.9667999999999999,0.07867199999999999
2016.0765027322404,2.0227,0.080908
2016.0792349726776,2.0854,0.083416
2016.0819672131147,1.9658,0.07863200000000001
2016.0874316939892,2.0197,0.080788
2016.0901639344263,2.106,0.08424
2016.0956284153006,2.0188,0.080752
2016.0983606557377,2.0384,0.08153600000000001
2016.1065573770493,2.0315,0.08126
2016.1092896174864,2.0433,0.081732
2016.1120218579235,1.9815,0.07926
2016.1147540983607,2.0305,0.08122
2016.1174863387978,2.005,0.0802
2016.120218579235,2.058,0.08231999999999999
2016.1256830601094,2.0619,0.08247600000000001
2016.1284153005465,2.0237,0.08094799999999999
2016.1311475409836,2.0265999999999997,0.081064
2016.1338797814208,2.0413,0.081652
2016.139344262295,1.9972,0.079888
2016.1420765027322,1.9835,0.07934000000000001
2016.1502732240438,1.9687999999999999,0.078752
2016.1530054644809,1.9982,0.079928
2016.1584699453551,1.8747,0.074988
2016.1639344262296,1.9737,0.078948
2016.1666666666667,1.9658,0.07863200000000001
2016.1693989071039,2.0452,0.08180799999999999
2016.172131147541,1.9658,0.07863200000000001
2016.1748633879781,2.0139,0.080556
2016.1803278688524,2.008,0.08032
2016.1830601092897,1.9698,0.078792
2016.188524590164,1.9825,0.0793
2016.191256830601,1.9874,0.079496
2016.1939890710382,1.9962,0.079848
2016.1967213114754,1.9530999999999998,0.078124
2016.2021857923498,1.91,0.0764
2016.204918032787,1.9178,0.076712
2016.207650273224,1.9178,0.076712
2016.2103825136612,1.9198,0.076792
2016.2131147540983,1.9119000000000002,0.076476
2016.2185792349726,1.8512,0.074048
2016.22131147541,1.9355,0.07742
2016.224043715847,1.8904,0.075616
2016.2267759562842,1.9188,0.076752
2016.2322404371585,1.9002000000000001,0.076008
2016.2377049180327,1.8874000000000002,0.07549600000000001
2016.2431693989072,1.8914000000000002,0.07565600000000001
2016.2459016393443,1.8825,0.0753
2016.2486338797814,1.9139000000000002,0.07655600000000001
2016.2513661202186,1.9168,0.076672
2016.2540983606557,2.008,0.08032
2016.2568306010928,1.9208,0.076832
2016.25956284153,1.9394,0.077576
2016.2622950819673,1.9707000000000001,0.07882800000000001
2016.2650273224044,1.9208,0.076832
2016.2677595628415,1.91,0.0764
2016.2704918032787,1.9198,0.076792
2016.2732240437158,1.9884000000000002,0.07953600000000001
2016.27868852459,1.8982,0.07592800000000001
2016.2814207650274,1.9404000000000001,0.077616
2016.2841530054645,1.9355,0.07742
2016.2868852459017,1.9482000000000002,0.07792800000000001
2016.2896174863388,1.9364000000000001,0.07745600000000001
2016.292349726776,1.9678,0.078712
2016.295081967213,1.9119000000000002,0.076476
2016.2978142076502,1.9462000000000002,0.07784800000000001
2016.3005464480875,1.8502,0.074008
2016.3032786885246,2.007,0.08028
2016.3060109289618,1.9394,0.077576
2016.308743169399,1.9619000000000002,0.078476
2016.311475409836,1.9835,0.07934000000000001
2016.3142076502731,1.9894,0.07957600000000001
2016.3169398907103,1.9727000000000001,0.078908
2016.3196721311476,1.9698,0.078792
2016.3224043715848,1.9766,0.079064
2016.3251366120219,1.9453,0.077812
2016.327868852459,2.0000999999999998,0.08000399999999999
2016.3306010928961,2.0099,0.08039600000000001
2016.3333333333333,1.956,0.07824
2016.3360655737704,2.0305,0.08122
2016.3387978142077,2.0305,0.08122
2016.3415300546449,2.0011,0.080044
2016.344262295082,1.9874,0.079496
2016.3497267759562,2.0276,0.08110400000000001
2016.3524590163934,2.0099,0.08039600000000001
2016.3551912568305,1.9864000000000002,0.07945600000000001
2016.3579234972678,1.9737,0.078948
2016.360655737705,1.9923,0.079692
2016.363387978142,1.9492,0.07796800000000001
2016.3661202185792,2.0158,0.08063200000000001
2016.3688524590164,1.9687999999999999,0.078752
2016.3715846994535,2.0168,0.080672
2016.3743169398906,2.0638,0.082552
2016.377049180328,2.0295,0.08118
2016.3825136612022,1.9687999999999999,0.078752
2016.3852459016393,1.9786,0.07914399999999999
2016.3879781420765,1.9717,0.07886800000000001
2016.3907103825136,1.9786,0.07914399999999999
2016.396174863388,2.008,0.08032
2016.4016393442623,1.9629,0.078516
2016.4071038251366,1.9894,0.07957600000000001
2016.4125683060108,2.0315,0.08126
2016.4234972677596,1.9962,0.079848
2016.4289617486338,1.9658,0.07863200000000001
2016.4398907103825,1.9972,0.079888
2016.4426229508197,2.0217,0.08086800000000001
2016.4453551912568,2.0139,0.080556
2016.448087431694,2.0991,0.083964
2016.450819672131,2.0031,0.080124
2016.4535519125684,2.0139,0.080556
2016.4562841530055,2.0207,0.08082800000000001
2016.4590163934427,2.0609,0.08243600000000001
2016.4617486338798,2.0325,0.08130000000000001
2016.464480874317,2.0981,0.083924
2016.467213114754,2.0364,0.081456
2016.4699453551912,2.0756,0.083024
2016.4726775956285,2.0452,0.08180799999999999
2016.4754098360656,2.0178,0.08071199999999999
2016.4781420765028,2.057,0.08228
2016.48087431694,2.0668,0.08267200000000001
2016.483606557377,2.0237,0.08094799999999999
2016.4863387978141,2.103,0.08412000000000001
2016.4890710382513,2.055,0.08220000000000001
2016.4918032786886,2.0951999999999997,0.083808
2016.4945355191257,2.058,0.08231999999999999
2016.4972677595629,2.0686999999999998,0.08274799999999999
2016.5,2.0325,0.08130000000000001
2016.5027322404371,2.0932,0.083728
2016.5054644808743,2.0354,0.081416
2016.5081967213114,2.0374,0.081496
2016.5109289617487,2.0501,0.08200400000000001
2016.5136612021859,1.9649,0.078596
2016.516393442623,1.8649,0.074596
2016.51912568306,1.9609,0.078436
2016.5245901639344,2.0000999999999998,0.08000399999999999
2016.5273224043715,2.0000999999999998,0.08000399999999999
2016.5300546448088,1.9943,0.079772
2016.532786885246,2.0197,0.080788
2016.535519125683,2.0305,0.08122
2016.5382513661202,1.9541,0.078164
2016.5409836065573,1.9992,0.07996800000000001
2016.5437158469945,1.9698,0.078792
2016.5464480874316,1.9061,0.07624399999999999
2016.551912568306,1.9482000000000002,0.07792800000000001
2016.5546448087432,1.9355,0.07742
2016.5573770491803,1.8982,0.07592800000000001
2016.5601092896175,1.8217999999999999,0.07287199999999999
2016.5628415300546,1.8678,0.074712
2016.5655737704917,1.8492,0.073968
2016.568306010929,1.8522,0.074088
2016.5710382513662,1.7452999999999999,0.069812
2016.5737704918033,1.8217999999999999,0.07287199999999999
2016.5765027322404,1.8659000000000001,0.07463600000000001
2016.5792349726776,1.8267,0.07306800000000001
2016.5819672131147,1.8296,0.073184
2016.5846994535518,1.8159,0.072636
2016.5874316939892,1.7463,0.069852
2016.5901639344263,1.7943,0.071772
2016.5956284153006,1.8825,0.0753
2016.5983606557377,1.8051,0.072204
2016.6010928961748,1.8149000000000002,0.07259600000000001
2016.603825136612,1.8404,0.073616
2016.6092896174864,1.7757,0.07102800000000001
2016.6120218579235,1.7835999999999999,0.07134399999999999
2016.6147540983607,1.7395,0.06958
2016.620218579235,1.7199,0.068796
2016.6284153005465,1.7315999999999998,0.06926399999999999
2016.6311475409836,1.6983,0.06793199999999999
2016.6338797814208,1.7414,0.06965600000000001
2016.636612021858,1.6738,0.066952
2016.639344262295,1.8197999999999999,0.072792
2016.6420765027322,1.7101,0.068404
2016.6448087431695,1.7267000000000001,0.069068
2016.6475409836066,1.7199,0.068796
2016.6502732240438,1.714,0.06856
2016.6530054644809,1.7512,0.070048
2016.655737704918,1.6895,0.06758
2016.6584699453551,1.7169,0.068676
2016.6612021857923,1.7315999999999998,0.06926399999999999
2016.6639344262296,1.7199,0.068796
2016.6693989071039,1.76,0.0704
2016.672131147541,1.7826,0.071304
2016.6748633879781,1.6954,0.067816
2016.6775956284152,1.7326,0.069304
2016.6803278688524,1.7452999999999999,0.069812
2016.6857923497269,1.7365,0.06946
2016.691256830601,1.8217999999999999,0.07287199999999999
2016.6967213114754,1.7550999999999999,0.070204
2016.7021857923498,1.7375,0.0695
2016.707650273224,1.7826,0.071304
2016.7131147540983,1.8316,0.073264
2016.7185792349726,1.812,0.07248
2016.7295081967213,1.8149000000000002,0.07259600000000001
2016.7459016393443,1.8247,0.072988
2016.7486338797814,1.7875,0.07150000000000001
2016.7513661202186,1.812,0.07248
2016.7540983606557,1.7787,0.071148
2016.7568306010928,1.8169000000000002,0.072676
2016.75956284153,1.8463,0.073852
2016.7622950819673,1.762,0.07048
2016.7650273224044,1.8414000000000001,0.07365600000000001
2016.7677595628415,1.8159,0.072636
2016.7704918032787,1.7983,0.071932
2016.7732240437158,1.6825999999999999,0.067304
2016.775956284153,1.6728,0.066912
2016.77868852459,1.6601,0.06640399999999999
2016.7814207650274,1.6865,0.06746
2016.7841530054645,1.7169,0.068676
2016.792349726776,1.7238,0.068952
2016.7978142076502,1.6905,0.06762
2016.8005464480875,1.7472999999999999,0.069892
2016.8060109289618,1.7483,0.069932
2016.811475409836,1.7570999999999999,0.070284
2016.8142076502731,1.712,0.06848
2016.8169398907103,1.7169,0.068676
2016.8196721311476,1.7277,0.069108
2016.8224043715848,1.6718,0.066872
2016.8251366120219,1.7404000000000002,0.06961600000000001
2016.8306010928961,1.7385,0.06954
2016.8333333333333,1.7708,0.07083199999999999
2016.8360655737704,1.7414,0.06965600000000001
2016.8387978142077,1.6767,0.067068
2016.8415300546449,1.8962999999999999,0.075852
2016.844262295082,1.7355,0.06942000000000001
2016.8469945355191,1.7238,0.068952
2016.8524590163934,1.8384,0.073536
2016.8579234972678,1.7355,0.06942000000000001
2016.8661202185792,1.7385,0.06954
2016.879781420765,1.7238,0.068952
2016.8825136612022,1.6482999999999999,0.06593199999999999
2016.8934426229507,1.7395,0.06958
2016.8989071038252,1.7247999999999999,0.068992
2016.9016393442623,1.7385,0.06954
2016.9043715846994,1.7218,0.068872
2016.9098360655737,1.7346,0.069384
2016.9153005464482,1.7199,0.068796
2016.9207650273224,1.7992000000000001,0.071968
2016.9289617486338,1.6728,0.066912
2016.9344262295083,1.6856,0.067424
2016.9371584699454,1.6924000000000001,0.067696
2016.9398907103825,1.7346,0.069384
2016.9426229508197,1.6787,0.067148
2016.950819672131,1.7326,0.069304
2016.9562841530055,1.6954,0.067816
2016.9617486338798,1.6807,0.06722800000000001
2016.967213114754,1.7483,0.069932
2016.9726775956285,1.7355,0.06942000000000001
2016.9781420765028,1.6571,0.066284
2016.9890710382513,1.6591,0.066364
2016.9945355191257,1.6825999999999999,0.067304
2017.0027397260274,1.6464,0.065856
2017.0054794520547,1.6944000000000001,0.067776
2017.0082191780823,1.7179,0.068716
2017.0109589041097,1.714,0.06856
2017.013698630137,1.6875,0.0675
2017.0164383561644,1.6669,0.066676
2017.0191780821917,1.6924000000000001,0.067696
2017.0246575342467,1.6591,0.066364
2017.027397260274,1.7227999999999999,0.068912
2017.0301369863014,1.6522000000000001,0.06608800000000001
2017.0328767123287,1.6356,0.065424
2017.035616438356,1.6522000000000001,0.06608800000000001
2017.0383561643835,1.6973,0.06789200000000001
2017.0438356164384,1.6532,0.066128
2017.0465753424658,1.6356,0.065424
2017.0520547945205,1.6415,0.06566
2017.054794520548,1.6669,0.066676
2017.0575342465754,1.6542000000000001,0.066168
2017.0630136986301,1.6307,0.06522800000000001
2017.0657534246575,1.6464,0.065856
2017.0712328767124,1.6317000000000002,0.065268
2017.0739726027398,1.5827,0.063308
2017.0767123287671,1.7012,0.068048
2017.0821917808219,1.5582,0.062328
2017.0876712328768,1.6258,0.06503199999999999
2017.0931506849315,1.5757999999999999,0.06303199999999999
2017.0958904109589,1.6072,0.064288
2017.1013698630136,1.6845999999999999,0.067384
2017.1041095890412,1.6562000000000001,0.066248
2017.1068493150685,1.6434000000000002,0.065736
2017.109589041096,1.6189,0.06475600000000001
2017.1123287671232,1.6345999999999998,0.065384
2017.1150684931506,1.6699000000000002,0.06679600000000001
2017.1205479452055,1.6405,0.06562
2017.123287671233,1.6179000000000001,0.06471600000000001
2017.1260273972603,1.6552,0.066208
2017.1287671232876,1.6542000000000001,0.066168
2017.131506849315,1.6209,0.064836
2017.1342465753426,1.6336,0.065344
2017.1397260273973,1.6787,0.067148
2017.1424657534246,1.6699000000000002,0.06679600000000001
2017.145205479452,1.6885,0.06754
2017.150684931507,1.6865,0.06746
2017.1616438356164,1.666,0.06664
2017.1671232876713,1.6787,0.067148
2017.172602739726,1.7335999999999998,0.06934399999999999
2017.1780821917807,1.6258,0.06503199999999999
2017.1835616438357,1.617,0.06468
2017.1890410958904,1.6709,0.066836
2017.194520547945,1.6345999999999998,0.065384
2017.2,1.6679000000000002,0.06671600000000001
2017.2027397260274,1.665,0.0666
2017.2054794520548,1.7012,0.068048
2017.2082191780821,1.715,0.06860000000000001
2017.2109589041097,1.712,0.06848
2017.213698630137,1.6552,0.066208
2017.2164383561644,1.7081,0.068324
2017.2219178082191,1.6238,0.064952
2017.2246575342465,1.6807,0.06722800000000001
2017.227397260274,1.6689,0.06675600000000001
2017.2328767123288,1.6493,0.065972
2017.2356164383561,1.764,0.07056
2017.2383561643835,1.616,0.06464
2017.2410958904109,1.6914,0.06765600000000001
2017.2438356164384,1.6562000000000001,0.066248
2017.2493150684932,1.617,0.06468
2017.2547945205479,1.5552000000000001,0.062208000000000006
2017.2575342465752,1.712,0.06848
2017.2602739726028,1.6825999999999999,0.067304
2017.2630136986302,1.6905,0.06762
2017.2657534246575,1.6747999999999998,0.066992
2017.2712328767122,1.662,0.06648
2017.2739726027398,1.713,0.06852000000000001
2017.2767123287672,1.7179,0.068716
2017.2794520547945,1.7070999999999998,0.068284
2017.282191780822,1.7218,0.068872
2017.2849315068493,1.7238,0.068952
2017.2876712328766,1.7101,0.068404
2017.2904109589042,1.6601,0.06640399999999999
2017.2931506849316,1.6610999999999998,0.06644399999999999
2017.2986301369863,1.6856,0.067424
2017.3068493150686,1.666,0.06664
2017.3123287671233,1.616,0.06464
2017.317808219178,1.6434000000000002,0.065736
2017.323287671233,1.6434000000000002,0.065736
2017.3287671232877,1.6562000000000001,0.066248
2017.3342465753424,1.6993,0.067972
2017.3397260273973,1.6562000000000001,0.066248
2017.345205479452,1.5885,0.06354
2017.358904109589,1.6787,0.067148
2017.3616438356164,1.6895,0.06758
2017.3643835616438,1.6934,0.067736
2017.3671232876711,1.6571,0.066284
2017.372602739726,1.7012,0.068048
2017.3753424657534,1.7483,0.069932
2017.3835616438357,1.6581,0.066324
2017.386301369863,1.7052,0.068208
2017.3972602739725,1.6767,0.067068
2017.4027397260274,1.6856,0.067424
2017.4082191780822,1.6895,0.06758
2017.4109589041095,1.7207999999999999,0.06883199999999999
2017.4136986301369,1.7218,0.068872
2017.4164383561645,1.7012,0.068048
2017.4191780821918,1.7335999999999998,0.06934399999999999
2017.4219178082192,1.7169,0.068676
2017.4246575342465,1.7081,0.068324
2017.427397260274,1.6747999999999998,0.066992
2017.4301369863015,1.8071,0.072284
2017.4328767123288,1.7012,0.068048
2017.4356164383562,1.7297,0.069188
2017.4383561643835,1.6454000000000002,0.06581600000000001
2017.441095890411,1.6836,0.067344
2017.4438356164383,1.6482999999999999,0.06593199999999999
2017.4465753424658,1.666,0.06664
2017.4520547945206,1.6934,0.067736
2017.454794520548,1.6513,0.066052
2017.4575342465753,1.6679000000000002,0.06671600000000001
2017.4657534246576,1.6522000000000001,0.06608800000000001
2017.468493150685,1.6552,0.066208
2017.4739726027397,1.6825999999999999,0.067304
2017.4767123287672,1.6199000000000001,0.064796
2017.482191780822,1.6454000000000002,0.06581600000000001
2017.4849315068493,1.5777999999999999,0.063112
2017.4876712328767,1.7179,0.068716
2017.490410958904,1.7452999999999999,0.069812
2017.4931506849316,1.5915,0.06366
2017.495890410959,1.6473,0.065892
2017.4986301369863,1.7472999999999999,0.069892
2017.5013698630137,1.5993,0.063972
2017.5068493150684,1.6464,0.065856
2017.509589041096,1.6042,0.064168
2017.5123287671233,1.6209,0.064836
2017.5150684931507,1.6100999999999999,0.06440399999999999
2017.517808219178,1.5620999999999998,0.06248399999999999
2017.531506849315,1.5600999999999998,0.062403999999999994
2017.5342465753424,1.5944,0.063776
2017.5369863013698,1.6797,0.067188
2017.5424657534247,1.6120999999999999,0.064484
2017.545205479452,1.5836,0.063344
2017.5479452054794,1.5464,0.061856
2017.5506849315068,1.5934000000000001,0.063736
2017.5534246575342,1.5934000000000001,0.063736
2017.5561643835617,1.6258,0.06503199999999999
2017.558904109589,1.6571,0.066284
2017.5616438356165,1.6238,0.064952
2017.5643835616438,1.6072,0.064288
2017.5671232876712,1.616,0.06464
2017.5698630136985,1.5719,0.062876
2017.572602739726,1.5689000000000002,0.062756
2017.5753424657535,1.6228,0.064912
2017.5780821917808,1.6473,0.065892
2017.5808219178082,1.6699000000000002,0.06679600000000001
2017.5835616438355,1.6679000000000002,0.06671600000000001
2017.5863013698631,1.761,0.07044
2017.5890410958905,1.7218,0.068872
2017.5917808219178,1.7070999999999998,0.068284
2017.5945205479452,1.6601,0.06640399999999999
2017.5972602739726,1.7022,0.068088
2017.6,1.6924000000000001,0.067696
2017.6027397260275,1.6091,0.064364
2017.6054794520549,1.6591,0.066364
2017.6082191780822,1.7718,0.070872
2017.6109589041096,1.7522,0.070088
2017.613698630137,1.713,0.06852000000000001
2017.6164383561643,1.7199,0.068796
2017.6191780821919,1.6836,0.067344
2017.6219178082192,1.7346,0.069384
2017.6246575342466,1.664,0.06656
2017.627397260274,1.6934,0.067736
2017.6301369863013,1.6973,0.06789200000000001
2017.6328767123289,1.712,0.06848
2017.6356164383562,1.7355,0.06942000000000001
2017.6383561643836,1.6532,0.066128
2017.641095890411,1.7159,0.068636
2017.6438356164383,1.6767,0.067068
2017.6465753424657,1.7081,0.068324
2017.6493150684933,1.7472999999999999,0.069892
2017.6520547945206,1.7179,0.068716
2017.654794520548,1.6845999999999999,0.067384
2017.6575342465753,1.715,0.06860000000000001
2017.6602739726027,1.7042,0.06816799999999999
2017.6657534246576,1.6963,0.067852
2017.668493150685,1.6973,0.06789200000000001
2017.6712328767123,1.7012,0.068048
2017.6739726027397,1.6924000000000001,0.067696
2017.7260273972602,1.7904,0.071616
2017.7287671232878,1.7826,0.071304
2017.731506849315,1.7649000000000001,0.070596
2017.7342465753425,1.8071,0.072284
2017.7369863013698,1.7885,0.07154
2017.7397260273972,1.7452999999999999,0.069812
2017.7424657534248,1.6502999999999999,0.066012
2017.7479452054795,1.7943,0.071772
2017.7506849315068,1.7365,0.06946
2017.7534246575342,1.8080999999999998,0.072324
2017.7561643835616,1.761,0.07044
2017.7589041095891,1.8071,0.072284
2017.7616438356165,1.8032000000000001,0.07212800000000001
2017.7917808219179,1.7207999999999999,0.06883199999999999
2017.8,1.7679,0.070716
2017.8027397260273,1.7865,0.07146
2017.8082191780823,1.7502,0.070008
2017.8109589041096,1.713,0.06852000000000001
2017.813698630137,1.76,0.0704
2017.8164383561643,1.6502999999999999,0.066012
2017.8191780821917,1.6473,0.065892
2017.8219178082193,1.8040999999999998,0.07216399999999999
2017.8246575342466,1.7679,0.070716
2017.835616438356,1.663,0.06652
2017.8383561643836,1.666,0.06664
2017.841095890411,1.7335999999999998,0.06934399999999999
2017.8438356164384,1.6395,0.06558
2017.8465753424657,1.6679000000000002,0.06671600000000001
2017.849315068493,1.6581,0.066324
2017.8520547945207,1.6562000000000001,0.066248
2017.854794520548,1.6268,0.065072
2017.8575342465754,1.7179,0.068716
2017.8602739726027,1.6581,0.066324
2017.9260273972602,1.6268,0.065072
2017.9287671232876,1.6581,0.066324
2017.9315068493152,1.662,0.06648
2017.9342465753425,1.6963,0.067852
2017.9369863013699,1.6934,0.067736
2017.9397260273972,1.5964,0.063856
2017.9424657534246,1.6758,0.067032
2017.945205479452,1.6444,0.065776
2017.9479452054795,1.6120999999999999,0.064484
2017.9506849315069,1.6003,0.064012
2017.9534246575342,1.6042,0.064168
2017.9561643835616,1.6385,0.06554
2017.958904109589,1.6307,0.06522800000000001
2017.9616438356165,1.6042,0.064168
2017.9698630136986,1.6317000000000002,0.065268
2017.972602739726,1.6375,0.0655
2017.978082191781,1.6444,0.065776
2017.9808219178083,1.6080999999999999,0.06432399999999999
2017.9835616438356,1.6219000000000001,0.064876
2018.0493150684931,1.5591,0.062363999999999996
2018.0520547945205,1.5944,0.063776
2018.054794520548,1.5836,0.063344
2018.0602739726028,1.5533,0.062132
2018.0630136986301,1.5925,0.0637
2018.0657534246575,1.5974000000000002,0.06389600000000001
2018.0684931506848,1.6415,0.06566
2018.0712328767124,1.6080999999999999,0.06432399999999999
2018.0739726027398,1.6258,0.06503199999999999
2018.0794520547945,1.5856,0.063424
2018.0821917808219,1.518,0.06072
2018.0986301369862,1.5797,0.06318800000000001
2018.1013698630136,1.5474,0.06189600000000001
2018.1041095890412,1.5043,0.060172
2018.1068493150685,1.6385,0.06554
2018.109589041096,1.5777999999999999,0.063112
2018.1123287671232,1.5268,0.061072
2018.1178082191782,1.6120999999999999,0.064484
2018.1205479452055,1.6228,0.064912
2018.123287671233,1.6091,0.064364
2018.1260273972603,1.5552000000000001,0.062208000000000006
2018.1287671232876,1.5484,0.061936
2018.131506849315,1.5807,0.063228
2018.13698630137,1.5827,0.063308
2018.1397260273973,1.518,0.06072
2018.1424657534246,1.5631,0.062524
2018.145205479452,1.5110999999999999,0.060444
2018.1479452054793,1.5620999999999998,0.06248399999999999
2018.150684931507,1.5503,0.062012000000000005
2018.1561643835616,1.5817,0.063268
2018.158904109589,1.5023,0.060092
2018.1808219178083,1.5974000000000002,0.06389600000000001
2018.1890410958904,1.6747999999999998,0.066992
2018.1917808219177,1.5719,0.062876
2018.194520547945,1.5337,0.06134800000000001
2018.1972602739727,1.5562,0.062248000000000005
2018.2,1.4798,0.059192
2018.2054794520548,1.4915,0.059660000000000005
2018.2082191780821,1.6072,0.064288
2018.2109589041097,1.567,0.06268
2018.213698630137,1.5435,0.06174
2018.2164383561644,1.5248,0.060992
2018.2191780821918,1.5582,0.062328
2018.2219178082191,1.5346,0.061384
2018.2246575342465,1.5366,0.061464
2018.227397260274,1.5631,0.062524
2018.2301369863014,1.6522000000000001,0.06608800000000001
2018.2328767123288,1.5219,0.060876
2018.2356164383561,1.6023,0.06409200000000001
2018.2383561643835,1.5307,0.061228
2018.2438356164384,1.5562,0.062248000000000005
2018.2465753424658,1.6042,0.064168
2018.2493150684932,1.6091,0.064364
2018.2520547945205,1.567,0.06268
2018.2547945205479,1.5239,0.060956
2018.2575342465752,1.5454,0.061816
2018.2602739726028,1.5885,0.06354
2018.2630136986302,1.5709000000000002,0.062836
2018.2657534246575,1.4650999999999998,0.058603999999999996
2018.2712328767122,1.5631,0.062524
2018.2739726027398,1.5591,0.062363999999999996
2018.2767123287672,1.5876,0.06350399999999999
2018.2794520547945,1.5337,0.06134800000000001
2018.282191780822,1.5885,0.06354
2018.2849315068493,1.5983,0.063932
2018.2876712328766,1.5582,0.062328
2018.2904109589042,1.5709000000000002,0.062836
2018.2931506849316,1.5757999999999999,0.06303199999999999
2018.295890410959,1.5493,0.061972
2018.2986301369863,1.5435,0.06174
2018.3013698630136,1.5229000000000001,0.060916000000000005
2018.304109589041,1.5787,0.063148
2018.3068493150686,1.5454,0.061816
2018.309589041096,1.5709000000000002,0.062836
2018.3123287671233,1.5355999999999999,0.06142399999999999
2018.3150684931506,1.5737999999999999,0.062952
2018.317808219178,1.613,0.06452
2018.3205479452056,1.5817,0.063268
2018.323287671233,1.5974000000000002,0.06389600000000001
2018.3260273972603,1.6052,0.064208
2018.3287671232877,1.6179000000000001,0.06471600000000001
2018.331506849315,1.5974000000000002,0.06389600000000001
2018.3342465753424,1.5777999999999999,0.063112
2018.33698630137,1.5925,0.0637
2018.3397260273973,1.5895,0.06358
2018.3424657534247,1.6415,0.06566
2018.3506849315067,1.5993,0.063972
2018.3534246575343,1.6268,0.065072
2018.3561643835617,1.6003,0.064012
2018.358904109589,1.6738,0.066952
2018.3643835616438,1.6219000000000001,0.064876
2018.3671232876711,1.6277000000000001,0.06510800000000001
2018.3698630136987,1.5484,0.061936
2018.4657534246576,1.6522000000000001,0.06608800000000001
2018.468493150685,1.6473,0.065892
2018.4712328767123,1.6777,0.067108
2018.4739726027397,1.6699000000000002,0.06679600000000001
2018.4767123287672,1.616,0.06464
2018.4794520547946,1.6444,0.065776
2018.482191780822,1.5689000000000002,0.062756
2018.4849315068493,1.665,0.0666
2018.4876712328767,1.6885,0.06754
2018.490410958904,1.6032,0.064128
2018.4931506849316,1.6444,0.065776
2018.495890410959,1.6875,0.0675
2018.4986301369863,1.663,0.06652
2018.5013698630137,1.5748,0.062992
2018.504109589041,1.6747999999999998,0.066992
2018.509589041096,1.6405,0.06562
2018.5123287671233,1.6325999999999998,0.065304
2018.5150684931507,1.6718,0.066872
2018.5260273972603,1.6610999999999998,0.06644399999999999
2018.5287671232877,1.6375,0.0655
2018.531506849315,1.6385,0.06554
2018.5369863013698,1.6307,0.06522800000000001
2018.5397260273974,1.5993,0.063972
2018.5424657534247,1.6415,0.06566
2018.545205479452,1.6454000000000002,0.06581600000000001
2018.5479452054794,1.6179000000000001,0.06471600000000001
2018.5561643835617,1.615,0.0646
2018.558904109589,1.6581,0.066324
2018.5616438356165,1.6199000000000001,0.064796
2018.5643835616438,1.568,0.06272
2018.5671232876712,1.6228,0.064912
2018.5698630136985,1.6502999999999999,0.066012
2018.572602739726,1.6963,0.067852
2018.5753424657535,1.6562000000000001,0.066248
2018.5780821917808,1.5797,0.06318800000000001
2018.5808219178082,1.5925,0.0637
2018.5835616438355,1.5787,0.063148
2018.5863013698631,1.6482999999999999,0.06593199999999999
2018.5890410958905,1.6111,0.064444
2018.5917808219178,1.615,0.0646
2018.5945205479452,1.6562000000000001,0.066248
2018.5972602739726,1.6944000000000001,0.067776
2018.6,1.6219000000000001,0.064876
2018.6027397260275,1.7101,0.068404
2018.6054794520549,1.6532,0.066128
2018.6082191780822,1.6914,0.06765600000000001
2018.6109589041096,1.7042,0.06816799999999999
2018.613698630137,1.7032,0.06812800000000001
2018.6164383561643,1.7081,0.068324
2018.6191780821919,1.7003,0.068012
2018.6219178082192,1.7081,0.068324
2018.6328767123289,1.7003,0.068012
2018.6356164383562,1.7550999999999999,0.070204
2018.6383561643836,1.6885,0.06754
2018.641095890411,1.711,0.06844
2018.6438356164383,1.7267000000000001,0.069068
2018.6465753424657,1.7385,0.06954
2018.6493150684933,1.7512,0.070048
2018.6520547945206,1.7238,0.068952
2018.654794520548,1.7532,0.07012800000000001
2018.6575342465753,1.7953,0.071812
2018.6602739726027,1.7845,0.07138
2018.66301369863,1.7815999999999999,0.071264
2018.8082191780823,1.6522000000000001,0.06608800000000001
2018.8191780821917,1.7561,0.070244
2018.8219178082193,1.7875,0.07150000000000001
2018.8246575342466,1.7835999999999999,0.07134399999999999
2018.827397260274,1.7973,0.071892
2018.8301369863013,1.8002,0.072008
2018.8328767123287,1.7385,0.06954
2018.835616438356,1.7590999999999999,0.070364
2018.8383561643836,1.7542,0.070168
2018.841095890411,1.7542,0.070168
2018.8438356164384,1.7561,0.070244
2018.8465753424657,1.8197999999999999,0.072792
2018.849315068493,1.7904,0.071616
2018.8520547945207,1.7561,0.070244
2018.854794520548,1.7512,0.070048
2018.8575342465754,1.7894,0.071576
2018.8602739726027,1.8051,0.072204
2018.86301369863,1.7767,0.071068
2018.8657534246574,1.7590999999999999,0.070364
2018.868493150685,1.7708,0.07083199999999999
2018.8712328767124,1.7581,0.070324
2018.8739726027397,1.7728,0.070912
2018.876712328767,1.763,0.07052
2018.8794520547945,1.7404000000000002,0.06961600000000001
2018.8821917808218,1.7257,0.069028
2018.8849315068494,1.7218,0.068872
2018.8876712328768,1.7767,0.071068
2018.890410958904,1.763,0.07052
2018.8931506849315,1.7287000000000001,0.069148
2018.8958904109588,1.7189,0.06875600000000001
2018.9013698630138,1.6444,0.065776
2018.9041095890411,1.6983,0.06793199999999999
2018.9068493150685,1.7395,0.06958
2018.9095890410958,1.7346,0.069384
2018.9123287671232,1.7444000000000002,0.069776
2018.964383561644,1.8080999999999998,0.072324
2018.9671232876713,1.7189,0.06875600000000001
2018.9698630136986,1.7659,0.070636
2018.972602739726,1.7385,0.06954
2018.9753424657533,1.81,0.0724
2018.9808219178083,1.715,0.06860000000000001
2018.986301369863,1.7679,0.070716
2018.9890410958903,1.7522,0.070088
2018.9917808219177,1.7698,0.07079200000000001
2018.9945205479453,1.8237,0.072948
2019.0027397260274,1.7885,0.07154
2019.0054794520547,1.8060999999999998,0.07224399999999999
2019.0082191780823,1.7708,0.07083199999999999
2019.0109589041097,1.8316,0.073264
2019.013698630137,1.7659,0.070636
2019.0164383561644,1.7787,0.071148
2019.0191780821917,1.7738,0.070952
2019.0246575342467,1.7101,0.068404
2019.027397260274,1.7992000000000001,0.071968
2019.0301369863014,1.8492,0.073968
2019.0328767123287,1.8375,0.0735
2019.0383561643835,1.7795999999999998,0.071184
2019.041095890411,1.7943,0.071772
2019.0438356164384,1.8060999999999998,0.07224399999999999
2019.0465753424658,1.7953,0.071812
2019.0493150684931,1.8217999999999999,0.07287199999999999
2019.0520547945205,1.8188,0.072752
2019.0575342465754,1.7983,0.071932
2019.0602739726028,1.8179,0.072716
2019.0630136986301,1.8188,0.072752
2019.0657534246575,1.8835,0.07534
2019.0684931506848,1.811,0.07244
2019.0712328767124,1.8345,0.07338
2019.0767123287671,1.8228,0.072912
2019.0794520547945,1.7698,0.07079200000000001
2019.0821917808219,1.8757000000000001,0.07502800000000001
2019.0849315068492,1.8414000000000001,0.07365600000000001
2019.0876712328768,1.7815999999999999,0.071264
2019.0904109589042,1.8169000000000002,0.072676
2019.0958904109589,1.7708,0.07083199999999999
2019.0986301369862,1.8179,0.072716
2019.1013698630136,1.761,0.07044
2019.1041095890412,1.7257,0.069028
2019.1068493150685,1.8159,0.072636
2019.109589041096,1.907,0.07628
2019.1150684931506,1.7904,0.071616
2019.1178082191782,1.8208,0.072832
2019.1205479452055,1.7885,0.07154
2019.123287671233,1.7718,0.070872
2019.1287671232876,1.8071,0.072284
2019.1342465753426,1.8040999999999998,0.07216399999999999
2019.145205479452,1.7826,0.071304
2019.150684931507,1.7953,0.071812
2019.1561643835616,1.7747,0.070988
2019.164383561644,1.8571,0.074284
2019.1698630136987,1.7689000000000001,0.07075600000000001
2019.172602739726,1.8482,0.07392800000000001
2019.1753424657534,1.7550999999999999,0.070204
2019.1808219178083,1.809,0.07236
2019.1835616438357,1.762,0.07048
2019.186301369863,1.8257,0.07302800000000001
2019.1890410958904,1.7992000000000001,0.071968
2019.1917808219177,1.7777,0.071108
2019.194520547945,1.7777,0.071108
2019.1972602739727,1.711,0.06844
2019.2,1.7679,0.070716
2019.2027397260274,1.7257,0.069028
2019.2054794520548,1.763,0.07052
2019.2082191780821,1.7267000000000001,0.069068
2019.2109589041097,1.712,0.06848
2019.213698630137,1.6944000000000001,0.067776
2019.2164383561644,1.7502,0.070008
2019.2191780821918,1.665,0.0666
2019.2219178082191,1.7875,0.07150000000000001
2019.2328767123288,1.8188,0.072752
2019.2410958904109,1.8217999999999999,0.07287199999999999
2019.2438356164384,1.8306,0.073224
2019.2739726027398,1.7444000000000002,0.069776
2019.2767123287672,1.7247999999999999,0.068992
2019.2931506849316,1.7277,0.069108
2019.3013698630136,1.7081,0.068324
2019.304109589041,1.7395,0.06958
2019.3068493150686,1.7590999999999999,0.070364
2019.309589041096,1.7169,0.068676
2019.3123287671233,1.6934,0.067736
2019.3150684931506,1.7404000000000002,0.06961600000000001
2019.317808219178,1.7207999999999999,0.06883199999999999
2019.3205479452056,1.7502,0.070008
2019.323287671233,1.7267000000000001,0.069068
2019.3260273972603,1.7052,0.068208
2019.3287671232877,1.6905,0.06762
2019.331506849315,1.6758,0.067032
2019.33698630137,1.7081,0.068324
2019.3397260273973,1.6728,0.066912
2019.3424657534247,1.6209,0.064836
2019.345205479452,1.663,0.06652
2019.3506849315067,1.6023,0.06409200000000001
2019.3534246575343,1.6482999999999999,0.06593199999999999
2019.3534246575343,1.682,0.06727999999999999
2019.3561643835617,1.615,0.0646
2019.490410958904,1.949,0.07796
2019.4931506849316,1.967,0.07868
2019.495890410959,1.943,0.07772
2019.4986301369863,1.977,0.07908000000000001
2019.5013698630137,1.958,0.07832
2019.504109589041,2.01,0.0804
2019.5068493150684,1.977,0.07908000000000001
2019.509589041096,1.96,0.0784
2019.5123287671233,1.991,0.07964
2019.5150684931507,1.954,0.07816
2019.517808219178,1.931,0.07724
2019.5205479452054,1.949,0.07796
2019.5232876712328,1.976,0.07904
2019.5260273972603,1.994,0.07976
2019.5287671232877,1.98,0.0792
2019.531506849315,1.985,0.07940000000000001
2019.5342465753424,1.962,0.07848
2019.5369863013698,1.99,0.0796
2019.5397260273974,1.974,0.07896
2019.5424657534247,1.943,0.07772
2019.545205479452,1.972,0.07888
2019.5479452054794,1.963,0.07852
2019.5534246575342,1.973,0.07892
2019.5561643835617,1.967,0.07868
2019.558904109589,2.02,0.0808
2019.5616438356165,1.951,0.07804
2019.5643835616438,2.076,0.08304
2019.5671232876712,1.963,0.07852
2019.5698630136985,1.992,0.07968
2019.572602739726,1.982,0.07928
2019.5753424657535,1.969,0.07876000000000001
2019.5780821917808,1.994,0.07976
2019.5808219178082,1.943,0.07772
2019.5835616438355,1.951,0.07804
2019.5863013698631,2.004,0.08016
2019.5890410958905,1.981,0.07924
2019.5917808219178,1.962,0.07848
2019.5945205479452,2.029,0.08116
2019.5972602739726,2.044,0.08176
2019.6,1.996,0.07984000000000001
2019.6027397260275,1.974,0.07896
2019.6082191780822,1.969,0.07876000000000001
2019.6109589041096,1.999,0.07996
2019.613698630137,2.008,0.08032
2019.6164383561643,1.989,0.07956
2019.6191780821919,1.929,0.07716
2019.6246575342466,2.008,0.08032
2019.627397260274,1.979,0.07916000000000001
2019.6301369863013,1.963,0.07852
2019.6328767123289,1.908,0.07632
2019.6356164383562,1.946,0.07784
2019.6383561643836,1.94,0.0776
2019.641095890411,1.921,0.07684
2019.6438356164383,1.943,0.07772
2019.8109589041096,2.012,0.08048
2019.8191780821917,1.914,0.07656
2019.8219178082193,2.007,0.08028
2019.8246575342466,1.982,0.07928
2019.827397260274,1.911,0.07644000000000001
2019.8301369863013,1.916,0.07664
2019.8328767123287,1.926,0.07704
2019.835616438356,1.974,0.07896
2019.8383561643836,1.996,0.07984000000000001
2019.841095890411,1.95,0.078
2019.8438356164384,1.957,0.07828
2019.8465753424657,1.962,0.07848
2019.849315068493,1.927,0.07708000000000001
2019.8520547945207,1.956,0.07824
2019.854794520548,1.947,0.07788
2019.8575342465754,2.027,0.08108000000000001
2019.868493150685,1.899,0.07596
2019.8712328767124,1.974,0.07896
2019.8739726027397,1.962,0.07848
2019.876712328767,1.925,0.077
2019.8794520547945,1.958,0.07832
2019.8821917808218,1.926,0.07704
2019.8849315068494,1.952,0.07808
2019.8876712328768,1.854,0.07416
2019.890410958904,1.909,0.07636
2019.8931506849315,1.92,0.0768
2019.8958904109588,1.951,0.07804
2019.8986301369864,1.956,0.07824
2019.9013698630138,1.956,0.07824
2019.9041095890411,1.98,0.0792
2019.9095890410958,1.973,0.07892
2019.9123287671232,2.014,0.08055999999999999
2019.9150684931508,1.994,0.07976
2019.9178082191781,1.932,0.07728
2019.9205479452055,1.92,0.0768
2019.9260273972602,1.952,0.07808
2019.9287671232876,1.98,0.0792
2019.9315068493152,1.984,0.07936
2019.9342465753425,1.996,0.07984000000000001
2019.9397260273972,2.026,0.08103999999999999
2019.9424657534246,1.974,0.07896
2019.945205479452,2.006,0.08023999999999999
2019.9479452054795,2.044,0.08176
2019.9506849315069,2.058,0.08231999999999999
2019.9534246575342,2.144,0.08576
2019.958904109589,2.087,0.08348000000000001
2019.9616438356165,2.057,0.08228
2019.964383561644,2.073,0.08292
2019.9671232876713,2.098,0.08392
2019.9698630136986,2.074,0.08295999999999999
2019.972602739726,2.096,0.08384000000000001
2019.978082191781,2.078,0.08312
2019.9808219178083,2.138,0.08552
2019.9835616438356,2.173,0.08692
2019.986301369863,2.112,0.08448
2019.9890410958903,2.086,0.08344
2019.9917808219177,2.121,0.08484
2019.9972602739726,2.158,0.08632
2020.0027322404371,2.136,0.08544
2020.0054644808743,2.157,0.08628000000000001
2020.0081967213114,2.142,0.08567999999999999
2020.0109289617487,2.142,0.08567999999999999
2020.0136612021859,2.132,0.08528000000000001
2020.016393442623,2.124,0.08496000000000001
2020.01912568306,2.137,0.08548
2020.0218579234972,2.098,0.08392
2020.0245901639344,2.114,0.08456
2020.0273224043715,2.13,0.0852
2020.0300546448088,2.14,0.08560000000000001
2020.035519125683,2.087,0.08348000000000001
2020.0382513661202,2.168,0.08672
2020.0409836065573,2.101,0.08404
2020.0437158469945,2.127,0.08507999999999999
2020.0464480874316,2.287,0.09147999999999999
2020.049180327869,2.202,0.08808
2020.0546448087432,2.191,0.08764
2020.0601092896175,2.159,0.08635999999999999
2020.0628415300546,2.211,0.08843999999999999
2020.0655737704917,2.184,0.08736000000000001
2020.068306010929,2.194,0.08776
2020.0737704918033,2.157,0.08628000000000001
2020.0765027322404,2.157,0.08628000000000001
2020.0792349726776,2.153,0.08612
2020.0846994535518,2.185,0.0874
2020.0874316939892,2.123,0.08492000000000001
2020.0928961748634,2.121,0.08484
2020.0956284153006,2.185,0.0874
2020.0983606557377,2.065,0.08259999999999999
2020.1010928961748,2.151,0.08603999999999999
2020.1065573770493,2.066,0.08263999999999999
2020.1120218579235,2.094,0.08376
2020.1147540983607,2.098,0.08392
2020.1174863387978,2.119,0.08476000000000002
2020.120218579235,2.122,0.08488
2020.122950819672,2.116,0.08464
2020.1448087431695,2.074,0.08295999999999999
2020.1475409836066,2.122,0.08488
2020.1530054644809,2.08,0.08320000000000001
2020.155737704918,2.131,0.08524
2020.1584699453551,2.063,0.08252000000000001
2020.1612021857923,2.076,0.08304
2020.1639344262296,2.107,0.08428000000000001
2020.2486338797814,2.099,0.08396
2020.2540983606557,2.217,0.08868000000000001
2020.2568306010928,2.141,0.08564000000000001
2020.25956284153,2.096,0.08384000000000001
2020.2622950819673,2.11,0.0844
2020.2650273224044,2.043,0.08172
2020.2677595628415,2.247,0.08988
2020.2704918032787,2.192,0.08768000000000001
2020.275956284153,2.244,0.08976
2020.2814207650274,2.213,0.08852
2020.2841530054645,2.104,0.08416
2020.2868852459017,2.192,0.08768000000000001
2020.2896174863388,2.068,0.08272
2020.292349726776,2.147,0.08588
2020.295081967213,2.12,0.0848
2020.2978142076502,2.128,0.08512
2020.3005464480875,2.112,0.08448
2020.3060109289618,2.086,0.08344
2020.308743169399,2.005,0.0802
2020.311475409836,2.172,0.08688000000000001
2020.3142076502731,2.172,0.08688000000000001
2020.3169398907103,2.193,0.08772
2020.3196721311476,2.224,0.08896000000000001
2020.3224043715848,2.08,0.08320000000000001
2020.3251366120219,2.059,0.08236
2020.327868852459,2.109,0.08436
2020.3306010928961,2.172,0.08688000000000001
2020.3387978142077,2.107,0.08428000000000001
2020.3415300546449,2.201,0.08804000000000001
2020.344262295082,2.18,0.08720000000000001
2020.3497267759562,2.137,0.08548
2020.3524590163934,2.171,0.08684
2020.3551912568305,2.157,0.08628000000000001
2020.3579234972678,2.112,0.08448
2020.360655737705,2.209,0.08836000000000001
2020.363387978142,1.985,0.07940000000000001
2020.3661202185792,2.201,0.08804000000000001
2020.3688524590164,2.108,0.08432
2020.3715846994535,2.207,0.08828
2020.3743169398906,2.058,0.08231999999999999
2020.377049180328,2.126,0.08503999999999999
2020.379781420765,2.156,0.08624000000000001
2020.3825136612022,2.152,0.08608
2020.3852459016393,2.121,0.08484
2020.3879781420765,2.175,0.087
2020.4043715846994,2.045,0.0818
2020.4098360655737,2.082,0.08327999999999999
2020.4125683060108,2.1,0.084
2020.4153005464482,2.177,0.08708
2020.4207650273224,2.141,0.08564000000000001
2020.4234972677596,2.071,0.08284000000000001
2020.4262295081967,2.084,0.08336
2020.4289617486338,2.071,0.08284000000000001
2020.431693989071,2.135,0.08539999999999999
2020.4344262295083,2.095,0.08380000000000001
2020.4371584699454,2.083,0.08332
2020.4398907103825,2.123,0.08492000000000001
2020.4426229508197,2.183,0.08732
2020.4426229508197,2.193,0.08772
2020.448087431694,2.163,0.08652
2020.467213114754,2.201,0.08804000000000001
2020.4699453551912,2.224,0.08896000000000001
2020.4726775956285,2.18,0.08720000000000001
2020.4754098360656,2.269,0.09076000000000001
2020.4781420765028,2.234,0.08936
2020.48087431694,2.212,0.08848
2020.483606557377,2.159,0.08635999999999999
2020.4863387978141,2.213,0.08852
2020.4890710382513,2.198,0.08792
2020.4918032786886,2.178,0.08712
2020.4945355191257,2.125,0.085
2020.4972677595629,2.204,0.08816
2020.5,2.19,0.0876
2020.5027322404371,2.159,0.08635999999999999
2020.5054644808743,2.128,0.08512
2020.5081967213114,2.184,0.08736000000000001
2020.5109289617487,2.122,0.08488
2020.5136612021859,2.116,0.08464
2020.516393442623,2.176,0.08704
2020.51912568306,2.116,0.08464
2020.5218579234972,2.164,0.08656000000000001
2020.5245901639344,2.131,0.08524
2020.5273224043715,2.104,0.08416
2020.5300546448088,2.154,0.08616
2020.532786885246,2.083,0.08332
2020.535519125683,2.116,0.08464
2020.5382513661202,2.106,0.08424
2020.5409836065573,2.172,0.08688000000000001
2020.5437158469945,2.081,0.08324
2020.5464480874316,2.137,0.08548
2020.549180327869,2.158,0.08632
2020.5546448087432,2.09,0.0836
2020.5573770491803,2.094,0.08376
2020.5601092896175,2.128,0.08512
2020.5628415300546,2.144,0.08576
2020.5655737704917,2.017,0.08068
2020.5710382513662,2.075,0.083
2020.5737704918033,2.07,0.0828
2020.5765027322404,2.128,0.08512
2020.5792349726776,2.036,0.08144
2020.5819672131147,1.992,0.07968
2020.5846994535518,2.063,0.08252000000000001
2020.5874316939892,2.277,0.09108000000000001
2020.5901639344263,2.068,0.08272
2020.5956284153006,2.04,0.0816
2020.5983606557377,2.103,0.08412000000000001
2020.6065573770493,2.007,0.08028
2020.6120218579235,2.057,0.08228
2020.6147540983607,2.002,0.08008
2020.620218579235,2.01,0.0804
2020.622950819672,2.063,0.08252000000000001
2020.6256830601094,1.96,0.0784
2020.6284153005465,2.064,0.08256000000000001
2020.6311475409836,2.104,0.08416
2020.6338797814208,2.071,0.08284000000000001
2020.639344262295,2.07,0.0828
2020.6420765027322,2.098,0.08392
2020.6448087431695,2.126,0.08503999999999999
2020.6475409836066,2.092,0.08368
2020.6530054644809,2.15,0.086
2020.655737704918,2.138,0.08552
2020.6584699453551,2.136,0.08544
2020.6612021857923,2.162,0.08648
2020.6639344262296,2.184,0.08736000000000001
2020.6666666666667,2.206,0.08824
2020.6693989071039,2.191,0.08764
2020.672131147541,2.186,0.08744
2020.7540983606557,2.269,0.09076000000000001
2020.7568306010928,2.255,0.0902
2020.75956284153,2.201,0.08804000000000001
2020.7622950819673,2.254,0.09016
2020.7650273224044,2.219,0.08875999999999999
2020.7677595628415,2.258,0.09032
2020.7704918032787,2.268,0.09072
2020.7732240437158,2.214,0.08856
2020.775956284153,2.217,0.08868000000000001
2020.77868852459,2.186,0.08744
2020.7814207650274,2.282,0.09128
2020.7841530054645,2.224,0.08896000000000001
2020.7868852459017,2.244,0.08976
2020.7896174863388,2.226,0.08904
2020.792349726776,2.217,0.08868000000000001
2020.795081967213,2.191,0.08764
2020.8196721311476,2.139,0.08556
2020.8224043715848,2.129,0.08516
2020.8415300546449,2.182,0.08728
2020.844262295082,2.086,0.08344
2020.8497267759562,2.143,0.08571999999999999
2020.8524590163934,2.229,0.08916
2020.8551912568305,2.166,0.08664
2020.860655737705,2.173,0.08692
2020.8661202185792,2.161,0.08644
2020.8688524590164,2.161,0.08644
2020.8715846994535,2.167,0.08668
2020.8743169398906,2.162,0.08648
2020.877049180328,2.107,0.08428000000000001
2020.879781420765,2.281,0.09124
2020.8825136612022,2.059,0.08236
2020.8852459016393,2.062,0.08248
2020.8879781420765,2.053,0.08212
2020.8907103825136,2.036,0.08144
2020.896174863388,2.115,0.08460000000000001
2020.8989071038252,2.106,0.08424
2020.9016393442623,2.06,0.0824
2020.9043715846994,2.069,0.08276
2020.9071038251366,2.004,0.08016
2020.9098360655737,2.048,0.08192
2020.9125683060108,2.037,0.08148
2021.0027397260274,2.133,0.08532000000000001
2021.0054794520547,2.154,0.08616
2021.0082191780823,2.139,0.08556
2021.0109589041097,2.136,0.08544
2021.013698630137,2.191,0.08764
2021.0164383561644,2.118,0.08472
2021.0191780821917,2.177,0.08708
2021.021917808219,2.148,0.08592000000000001
2021.0246575342467,2.131,0.08524
2021.0301369863014,2.161,0.08644
2021.0383561643835,2.206,0.08824
2021.041095890411,2.16,0.0864
2021.0438356164384,2.12,0.0848
2021.0493150684931,2.102,0.08408
2021.0520547945205,2.155,0.0862
2021.054794520548,2.184,0.08736000000000001
2021.0575342465754,2.212,0.08848
2021.0602739726028,2.266,0.09064
2021.0630136986301,2.247,0.08988
2021.0684931506848,2.252,0.09008
2021.0712328767124,2.286,0.09144000000000001
2021.0739726027398,2.249,0.08996000000000001
2021.0794520547945,2.197,0.08788
2021.0821917808219,2.326,0.09304
2021.0876712328768,2.205,0.0882
2021.0904109589042,2.246,0.08984
2021.0931506849315,2.248,0.08992000000000001
2021.0958904109589,2.181,0.08724
2021.0986301369862,2.3,0.092
2021.1013698630136,2.311,0.09244
2021.1068493150685,2.344,0.09376
2021.109589041096,2.298,0.09192
2021.1123287671232,2.262,0.09048
2021.1150684931506,2.283,0.09132
2021.1178082191782,2.316,0.09264
2021.1205479452055,2.329,0.09316
2021.1342465753426,2.202,0.08808
2021.13698630137,2.165,0.0866
2021.1397260273973,2.191,0.08764
2021.1424657534246,2.237,0.08948
2021.150684931507,2.178,0.08712
2021.1534246575343,2.177,0.08708
2021.1561643835616,2.226,0.08904
2021.158904109589,2.204,0.08816
2021.2465753424658,2.176,0.08704
2021.2520547945205,2.186,0.08744
2021.2547945205479,2.081,0.08324
2021.2575342465752,2.166,0.08664
2021.2602739726028,2.221,0.08884
2021.2630136986302,2.166,0.08664
2021.2657534246575,2.16,0.0864
2021.2739726027398,2.165,0.0866
2021.2767123287672,2.184,0.08736000000000001
2021.2794520547945,2.188,0.08752000000000001
2021.282191780822,2.181,0.08724
2021.2849315068493,2.142,0.08567999999999999
2021.2876712328766,2.205,0.0882
2021.2904109589042,2.21,0.0884
2021.2931506849316,2.215,0.0886
2021.3068493150686,2.198,0.08792
2021.309589041096,2.171,0.08684
2021.3123287671233,2.217,0.08868000000000001
2021.3287671232877,2.24,0.08960000000000001
2021.331506849315,2.257,0.09028000000000001
2021.3342465753424,2.218,0.08872000000000001
2021.33698630137,2.04,0.0816
2021.3397260273973,2.234,0.08936
2021.3424657534247,2.332,0.09328
2021.345205479452,2.286,0.09144000000000001
2021.3479452054794,2.27,0.0908
2021.3534246575343,2.207,0.08828
2021.3561643835617,2.288,0.09151999999999999
2021.358904109589,2.336,0.09344
2021.3616438356164,2.249,0.08996000000000001
2021.3643835616438,2.206,0.08824
2021.4438356164383,2.205,0.0882
2021.4465753424658,2.097,0.08388
2021.4520547945206,2.151,0.08603999999999999
2021.454794520548,2.181,0.08724
2021.4575342465753,2.09,0.0836
2021.4602739726026,2.14,0.08560000000000001
2021.4630136986302,2.17,0.0868
2021.4657534246576,2.178,0.08712
2021.468493150685,2.222,0.08888
2021.4712328767123,2.188,0.08752000000000001
2021.4739726027397,2.149,0.08596000000000001
2021.4767123287672,2.201,0.08804000000000001
2021.4794520547946,2.104,0.08416
2021.482191780822,2.308,0.09232
2021.4849315068493,2.22,0.0888
2021.490410958904,2.196,0.08784000000000002
2021.4931506849316,2.163,0.08652
2021.495890410959,2.102,0.08408
2021.4986301369863,2.217,0.08868000000000001
2021.5013698630137,2.139,0.08556
2021.504109589041,2.153,0.08612
2021.5068493150684,2.183,0.08732
2021.509589041096,2.221,0.08884
2021.5123287671233,2.207,0.08828
2021.5150684931507,2.114,0.08456
2021.517808219178,2.13,0.0852
2021.5205479452054,2.104,0.08416
2021.5232876712328,2.104,0.08416
2021.5260273972603,2.166,0.08664
2021.5287671232877,2.143,0.08571999999999999
2021.531506849315,2.109,0.08436
2021.5342465753424,2.157,0.08628000000000001
2021.5369863013698,2.195,0.08779999999999999
2021.5397260273974,2.209,0.08836000000000001
2021.5424657534247,2.182,0.08728
2021.545205479452,2.2,0.08800000000000001
2021.5479452054794,2.206,0.08824
2021.5506849315068,2.155,0.0862
2021.5534246575342,2.163,0.08652
2021.5561643835617,2.055,0.08220000000000001
2021.558904109589,2.167,0.08668
2021.5616438356165,2.132,0.08528000000000001
2021.572602739726,2.035,0.08140000000000001
2021.5753424657535,2.189,0.08756
2021.5780821917808,2.167,0.08668
2021.5808219178082,2.148,0.08592000000000001
2021.5835616438355,2.161,0.08644
2021.5863013698631,2.163,0.08652
2021.5890410958905,2.265,0.0906
2021.5917808219178,2.229,0.08916
2021.5945205479452,2.269,0.09076000000000001
2021.5972602739726,2.224,0.08896000000000001
2021.676712328767,2.429,0.09716
2021.6794520547944,2.341,0.09364000000000001
2021.682191780822,2.246,0.08984
2021.6849315068494,2.455,0.09820000000000001
2021.690410958904,2.406,0.09624
2021.6986301369864,2.402,0.09608000000000001
2021.7013698630137,2.418,0.09672000000000001
2021.704109589041,2.444,0.09776
2021.7068493150684,2.404,0.09616
2021.7095890410958,2.368,0.09472
2021.7123287671234,2.447,0.09788000000000001
2021.7150684931507,2.42,0.0968
2021.717808219178,2.512,0.10048
2021.7205479452055,2.461,0.09844
2021.7287671232878,2.391,0.09564
2021.731506849315,2.355,0.0942
2021.7342465753425,2.448,0.09792000000000001
2021.7397260273972,2.387,0.09548000000000001
2021.7452054794521,2.333,0.09332000000000001
2021.7479452054795,2.333,0.09332000000000001
2021.7506849315068,2.487,0.09948000000000001
2021.7643835616439,2.316,0.09264
2021.7671232876712,2.409,0.09636
2021.7698630136986,2.434,0.09736
2021.772602739726,2.464,0.09856
2021.7753424657535,2.385,0.0954
2021.7780821917809,2.435,0.0974
2021.7808219178082,2.417,0.09667999999999999
2021.7835616438356,2.333,0.09332000000000001
2021.786301369863,2.4,0.096
2021.7890410958903,2.473,0.09892
2021.7917808219179,2.368,0.09472
2021.8027397260273,2.405,0.0962
2021.805479452055,2.408,0.09632
2021.8082191780823,2.36,0.0944
2021.8109589041096,2.337,0.09348000000000001
2021.813698630137,2.236,0.08944
2021.8164383561643,2.274,0.09096
2021.8191780821917,2.241,0.08964000000000001
2021.8219178082193,2.245,0.0898
2021.8246575342466,2.26,0.0904
2021.827397260274,2.241,0.08964000000000001
2021.8301369863013,2.248,0.08992000000000001
2021.8328767123287,2.205,0.0882
2021.841095890411,2.286,0.09144000000000001
2021.8438356164384,2.228,0.08912
2021.9095890410958,2.291,0.09164
2021.9123287671232,2.309,0.09236000000000001
2021.9150684931508,2.319,0.09276
2021.9178082191781,2.295,0.09179999999999999
2021.9205479452055,2.312,0.09247999999999999
2021.9232876712329,2.344,0.09376
2021.9260273972602,2.298,0.09192
2021.9287671232876,2.372,0.09487999999999999
2021.9342465753425,2.415,0.0966
2021.9369863013699,2.323,0.09292
2021.9397260273972,2.381,0.09523999999999999
2021.9424657534246,2.365,0.09460000000000002
2021.945205479452,2.339,0.09356
2021.9506849315069,2.352,0.09408
2021.9534246575342,2.366,0.09464
2021.9561643835616,2.448,0.09792000000000001
2021.958904109589,2.379,0.09516000000000001
2021.9616438356165,2.4,0.096
2021.964383561644,2.375,0.095
2021.9698630136986,2.296,0.09183999999999999
2021.972602739726,2.312,0.09247999999999999
2021.9753424657533,2.379,0.09516000000000001
2021.978082191781,2.278,0.09112
2021.9808219178083,2.346,0.09384
2021.9835616438356,2.378,0.09512000000000001
2021.9890410958903,2.397,0.09587999999999999
2021.9917808219177,2.411,0.09644
2021.9945205479453,2.405,0.0962
2021.9972602739726,2.373,0.09492
2022.0054794520547,2.428,0.09712
2022.0082191780823,2.468,0.09872
2022.0109589041097,2.394,0.09576000000000001
2022.013698630137,2.271,0.09084
2022.0164383561644,2.387,0.09548000000000001
2022.0191780821917,2.368,0.09472
2022.021917808219,2.408,0.09632
2022.027397260274,2.311,0.09244
2022.0301369863014,2.309,0.09236000000000001
2022.0328767123287,2.401,0.09604
2022.035616438356,2.327,0.09308
2022.041095890411,2.277,0.09108000000000001
2022.0465753424658,2.364,0.09455999999999999
2022.0493150684931,2.338,0.09352
2022.0520547945205,2.299,0.09196
2022.0575342465754,2.369,0.09476000000000001
2022.0602739726028,2.354,0.09416000000000001
2022.0657534246575,2.301,0.09204000000000001
2022.0684931506848,2.248,0.08992000000000001
2022.0712328767124,2.245,0.0898
2022.0739726027398,2.267,0.09068
2022.0767123287671,2.258,0.09032
2022.0794520547945,2.286,0.09144000000000001
2022.0794520547945,2.407,0.09628
2022.0849315068492,2.466,0.09864
2022.0876712328768,2.472,0.09888
2022.0904109589042,2.397,0.09587999999999999
2022.0931506849315,2.468,0.09872
2022.0958904109589,2.374,0.09496
2022.0986301369862,2.297,0.09188
2022.1041095890412,2.372,0.09487999999999999
2022.1068493150685,2.379,0.09516000000000001
2022.109589041096,2.444,0.09776
2022.1123287671232,2.323,0.09292
2022.1150684931506,2.342,0.09368
2022.1178082191782,2.35,0.094
2022.123287671233,2.375,0.095
2022.1260273972603,2.474,0.09896
2022.1287671232876,2.486,0.09944000000000001
2022.131506849315,2.404,0.09616
2022.1342465753426,2.386,0.09544000000000001
2022.13698630137,2.399,0.09596
2022.1424657534246,2.406,0.09624
2022.145205479452,2.441,0.09763999999999999
2022.1479452054793,2.45,0.098
2022.150684931507,2.466,0.09864
2022.1534246575343,2.401,0.09604
2022.1561643835616,2.461,0.09844
2022.2465753424658,2.505,0.1002
2022.2493150684932,2.549,0.10196
2022.2520547945205,2.583,0.10332000000000001
2022.2547945205479,2.565,0.1026
2022.2575342465752,2.535,0.1014
2022.2602739726028,2.534,0.10135999999999999
2022.2657534246575,2.626,0.10504
2022.268493150685,2.703,0.10812
2022.2712328767122,2.577,0.10308
2022.2739726027398,2.529,0.10116
2022.2794520547945,2.658,0.10632
2022.282191780822,2.698,0.10792
2022.2849315068493,2.75,0.11
2022.2876712328766,2.706,0.10824
2022.2904109589042,2.607,0.10428000000000001
2022.2931506849316,2.74,0.10960000000000002
2022.295890410959,2.658,0.10632
2022.3013698630136,2.728,0.10912000000000001
2022.304109589041,2.662,0.10648
2022.3068493150686,2.633,0.10532
2022.309589041096,2.703,0.10812
2022.3123287671233,2.615,0.10460000000000001
2022.3150684931506,2.658,0.10632
2022.317808219178,2.624,0.10496000000000001
2022.3205479452056,2.622,0.10488
2022.3342465753424,2.716,0.10864000000000001
2022.345205479452,2.738,0.10952
2022.3479452054794,2.705,0.1082
2022.3506849315067,2.812,0.11248
2022.3534246575343,2.806,0.11224
2022.3561643835617,2.856,0.11424
2022.358904109589,2.904,0.11616
2022.3643835616438,2.895,0.1158
2022.3671232876711,2.831,0.11324000000000001
2022.3698630136987,2.852,0.11408
2022.372602739726,2.922,0.11688000000000001
2022.3753424657534,2.769,0.11076000000000001
2022.3780821917808,2.84,0.11359999999999999
2022.3808219178081,2.854,0.11416000000000001
2022.3835616438357,2.688,0.10752
2022.386301369863,2.807,0.11228
2022.3890410958904,2.814,0.11256000000000001
2022.3917808219178,2.743,0.10972
2022.3945205479451,2.815,0.1126
2022.3972602739725,2.773,0.11092
2022.4,2.771,0.11084
2022.4027397260274,2.752,0.11008
2022.4054794520548,2.738,0.10952
2022.4082191780822,2.712,0.10848000000000001
2022.4109589041095,2.728,0.10912000000000001
2022.4136986301369,2.763,0.11052
2022.4164383561645,2.679,0.10715999999999999
2022.4931506849316,2.645,0.1058
2022.495890410959,2.662,0.10648
2022.4986301369863,2.656,0.10624
2022.5013698630137,2.645,0.1058
2022.504109589041,2.736,0.10944000000000001
2022.5068493150684,2.753,0.11012000000000001
2022.509589041096,2.682,0.10728
2022.5123287671233,2.735,0.1094
2022.5150684931507,2.792,0.11168
2022.517808219178,2.744,0.10976000000000001
2022.531506849315,2.808,0.11231999999999999
2022.5342465753424,2.815,0.1126
2022.5397260273974,2.856,0.11424
2022.545205479452,2.721,0.10884
2022.5479452054794,2.708,0.10832000000000001
2022.5506849315068,2.78,0.1112
2022.5534246575342,2.796,0.11184
2022.5561643835617,2.776,0.11104
2022.558904109589,2.801,0.11204000000000001
2022.5616438356165,2.858,0.11432
2022.5643835616438,2.813,0.11252000000000001
2022.5671232876712,2.772,0.11087999999999999
2022.5698630136985,2.832,0.11327999999999999
2022.572602739726,2.802,0.11208
2022.5753424657535,2.849,0.11396
2022.5780821917808,2.85,0.114
2022.5863013698631,2.856,0.11424
2022.5890410958905,2.854,0.11416000000000001
2022.5945205479452,2.744,0.10976000000000001
2022.6,2.812,0.11248
2022.6054794520549,2.772,0.11087999999999999
2022.6109589041096,2.868,0.11472
2022.613698630137,2.889,0.11556
2022.6191780821919,3.043,0.12172000000000001
2022.6219178082192,2.905,0.1162
2022.6246575342466,2.746,0.10984000000000001
2022.627397260274,2.92,0.1168
2022.6301369863013,3.053,0.12212
2022.6356164383562,2.962,0.11848000000000002
2022.6383561643836,2.976,0.11904
2022.641095890411,3.025,0.121
2022.6438356164383,2.98,0.1192
2022.6465753424657,2.928,0.11712
2022.5945205479452,2.744,0.10976000000000001
2022.6,2.812,0.11248
2022.6054794520549,2.772,0.11087999999999999
2022.6109589041096,2.868,0.11472
2022.613698630137,2.889,0.11556
2022.6191780821919,3.043,0.12172000000000001
2022.6219178082192,2.905,0.1162
2022.6246575342466,2.746,0.10984000000000001
2022.627397260274,2.92,0.1168
2022.6301369863013,3.053,0.12212
2022.6356164383562,2.962,0.11848000000000002
2022.6383561643836,2.976,0.11904
2022.641095890411,3.025,0.121
2022.6438356164383,2.98,0.1192
2022.6465753424657,2.928,0.11712
2022.6493150684933,2.947,0.11788
2022.6520547945206,3.001,0.12004
2022.654794520548,2.92,0.1168
2022.6575342465753,2.994,0.11976
2022.6602739726027,2.949,0.11796
2022.66301369863,2.934,0.11736
2022.6931506849314,2.913,0.11652
2022.7013698630137,2.952,0.11808
2022.7452054794521,2.831,0.11324000000000001
2022.7479452054795,2.819,0.11276
2022.7506849315068,2.769,0.11076000000000001
2022.7534246575342,2.8,0.11199999999999999
2022.7616438356165,2.876,0.11504
2022.7643835616439,2.891,0.11564
2022.7671232876712,2.944,0.11776
2022.772602739726,2.806,0.11224
2022.7753424657535,2.939,0.11756
2022.7780821917809,3.028,0.12112
2022.7808219178082,2.958,0.11832000000000001
2022.7835616438356,2.979,0.11916
2022.786301369863,2.892,0.11568
2022.7890410958903,2.936,0.11744
2022.8027397260273,2.98,0.1192
2022.805479452055,3.015,0.12060000000000001
2022.8082191780823,3.083,0.12332000000000001
2022.8109589041096,2.981,0.11924
2022.813698630137,3.05,0.122
2022.8164383561643,3.051,0.12204000000000001
2022.8301369863013,3.12,0.12480000000000001
2022.8328767123287,2.982,0.11928000000000001
2022.835616438356,2.842,0.11368
2022.841095890411,3.115,0.12460000000000002
2022.8438356164384,2.979,0.11916
2022.8465753424657,3.123,0.12492000000000002
2022.849315068493,3.111,0.12444000000000001
2022.8520547945207,3.03,0.12119999999999999
2022.854794520548,2.988,0.11952
2022.8575342465754,2.99,0.11960000000000001
2022.8602739726027,2.996,0.11984
2022.86301369863,3.107,0.12428000000000002
2022.8657534246574,2.891,0.11564
2022.868493150685,2.891,0.11564
2022.8712328767124,2.86,0.1144
2022.8739726027397,2.816,0.11263999999999999
2022.876712328767,2.805,0.11220000000000001
2022.8794520547945,2.774,0.11096
2022.8821917808218,2.692,0.10768000000000001
2022.8849315068494,2.687,0.10747999999999999
2022.8958904109588,2.712,0.10848000000000001
2023.0027397260274,2.695,0.10779999999999999
2023.0054794520547,2.714,0.10856
2023.0082191780823,2.723,0.10892
2023.0109589041097,2.773,0.11092
2023.013698630137,2.729,0.10916000000000001
2023.0164383561644,2.688,0.10752
2023.0191780821917,2.736,0.10944000000000001
2023.0246575342467,2.61,0.10439999999999999
2023.027397260274,2.752,0.11008
2023.0301369863014,2.741,0.10964
2023.0328767123287,2.748,0.10992000000000002
2023.035616438356,2.747,0.10987999999999999
2023.0383561643835,2.764,0.11055999999999999
2023.0438356164384,2.715,0.1086
2023.0465753424658,2.846,0.11384000000000001
2023.0493150684931,2.821,0.11284000000000001
2023.0520547945205,2.824,0.11295999999999999
2023.054794520548,2.732,0.10928000000000002
2023.0575342465754,2.762,0.11048000000000001
2023.0630136986301,2.777,0.11108000000000001
2023.0657534246575,2.825,0.113
2023.0684931506848,2.849,0.11396
2023.0712328767124,2.765,0.1106
2023.0739726027398,2.897,0.11588
2023.0767123287671,2.947,0.11788
2023.0821917808219,2.927,0.11708
2023.0849315068492,2.996,0.11984
2023.0931506849315,2.851,0.11404
2023.0958904109589,2.922,0.11688000000000001
2023.1013698630136,2.882,0.11528000000000001
2023.1068493150685,2.937,0.11748
2023.109589041096,2.861,0.11444000000000001
2023.1123287671232,2.823,0.11292
2023.1150684931506,2.871,0.11484
2023.1260273972603,2.704,0.10816
2023.1287671232876,2.858,0.11432
2023.131506849315,2.693,0.10772000000000001
2023.1342465753426,2.712,0.10848000000000001
2023.1424657534246,2.659,0.10636
2023.145205479452,2.678,0.10711999999999999
2023.1479452054793,2.686,0.10744
2023.150684931507,2.683,0.10732
2023.1534246575343,2.701,0.10804000000000001
2023.1616438356164,2.649,0.10596
2023.2465753424658,2.481,0.09924
2023.2493150684932,2.422,0.09688000000000001
2023.2520547945205,2.524,0.10096000000000001
2023.2547945205479,2.585,0.1034
2023.2575342465752,2.654,0.10616
2023.2602739726028,2.587,0.10348000000000002
2023.2657534246575,2.622,0.10488
2023.268493150685,2.606,0.10424
2023.2712328767122,2.657,0.10628
2023.2849315068493,2.554,0.10216
2023.2876712328766,2.589,0.10356
2023.2931506849316,2.573,0.10292
2023.295890410959,2.576,0.10304
2023.304109589041,2.655,0.10619999999999999
2023.3068493150686,2.593,0.10372
2023.309589041096,2.59,0.1036
2023.3123287671233,2.558,0.10232
2023.323287671233,2.566,0.10264
2023.3260273972603,2.441,0.09763999999999999
2023.331506849315,2.639,0.10555999999999999
2023.3342465753424,2.681,0.10724
2023.33698630137,2.723,0.10892
2023.3397260273973,2.648,0.10592000000000001
2023.3424657534247,2.817,0.11268
2023.345205479452,2.663,0.10651999999999999
2023.3506849315067,2.703,0.10812
2023.3534246575343,2.703,0.10812
2023.358904109589,2.756,0.11023999999999999
2023.3671232876711,2.841,0.11364
2023.3698630136987,2.708,0.10832000000000001
2023.3753424657534,2.664,0.10656
2023.3780821917808,2.647,0.10587999999999999
2023.3808219178081,2.572,0.10288
2023.3835616438357,2.746,0.10984000000000001
2023.386301369863,2.552,0.10208
2023.3890410958904,2.654,0.10616
2023.3917808219178,2.781,0.11124
2023.3945205479451,2.693,0.10772000000000001
2023.3972602739725,2.725,0.109
2023.4,2.621,0.10484
2023.4027397260274,2.637,0.10548
2023.4054794520548,2.574,0.10296
2023.4109589041095,2.638,0.10552
2023.4931506849316,2.929,0.11716
2023.495890410959,2.859,0.11436
2023.4986301369863,2.916,0.11664
2023.5013698630137,2.955,0.1182
2023.504109589041,2.763,0.11052
2023.5068493150684,2.922,0.11688000000000001
2023.509589041096,2.922,0.11688000000000001
2023.5150684931507,2.997,0.11988
2023.5232876712328,3.022,0.12088
2023.5260273972603,2.941,0.11764
2023.5287671232877,2.968,0.11872
2023.531506849315,2.884,0.11536
2023.5369863013698,2.877,0.11507999999999999
2023.5397260273974,2.874,0.11496
2023.5424657534247,2.818,0.11272
2023.545205479452,2.785,0.11140000000000001
2023.5479452054794,2.892,0.11568
2023.5506849315068,2.779,0.11116
2023.5534246575342,2.88,0.1152
2023.5561643835617,2.818,0.11272
2023.558904109589,2.887,0.11548
2023.5616438356165,2.741,0.10964
2023.5643835616438,2.823,0.11292
2023.5671232876712,2.764,0.11055999999999999
2023.5698630136985,2.829,0.11316000000000001
2023.572602739726,2.807,0.11228
2023.5753424657535,2.85,0.114
2023.5780821917808,2.888,0.11552
2023.5808219178082,2.786,0.11144
2023.5835616438355,2.787,0.11148
2023.5863013698631,2.809,0.11236000000000002
2023.5890410958905,2.791,0.11164
2023.5917808219178,2.839,0.11356
2023.5945205479452,2.857,0.11428
2023.5972602739726,2.786,0.11144
2023.6,2.717,0.10868
2023.6054794520549,2.795,0.1118
2023.6082191780822,2.828,0.11312
2023.6109589041096,2.783,0.11132
2023.613698630137,2.764,0.11055999999999999
2023.6164383561643,2.854,0.11416000000000001
2023.6191780821919,2.919,0.11676
2023.6219178082192,2.932,0.11728
2023.6246575342466,2.898,0.11592000000000001
2023.627397260274,2.908,0.11631999999999999
2023.6301369863013,2.978,0.11912
2023.6328767123289,2.9,0.11599999999999999
2023.6356164383562,2.873,0.11492000000000001
2023.6383561643836,2.858,0.11432
2023.641095890411,2.829,0.11316000000000001
2023.6438356164383,2.904,0.11616
2023.6465753424657,2.774,0.11096
2023.6493150684933,2.853,0.11412000000000001
2023.6520547945206,2.797,0.11188000000000001
2023.654794520548,2.915,0.11660000000000001
2023.6575342465753,2.898,0.11592000000000001
2023.6602739726027,2.991,0.11964000000000001
2023.66301369863,2.911,0.11644
2023.7534246575342,2.834,0.11336
2023.7561643835616,2.992,0.11968000000000001
2023.7589041095891,2.999,0.11996000000000001
2023.7616438356165,2.956,0.11824
2023.7643835616439,2.911,0.11644
2023.7671232876712,2.836,0.11344
2023.7698630136986,2.958,0.11832000000000001
2023.772602739726,2.915,0.11660000000000001
2023.7753424657535,2.879,0.11516
2023.7780821917809,2.879,0.11516
2023.7808219178082,2.946,0.11784000000000001
2023.7835616438356,2.899,0.11596000000000001
2023.786301369863,2.922,0.11688000000000001
2023.7890410958903,2.944,0.11776
2023.7917808219179,2.999,0.11996000000000001
2023.7945205479452,2.8,0.11199999999999999
2023.7972602739726,2.88,0.1152
2023.8,2.904,0.11616
2023.8027397260273,2.939,0.11756
2023.805479452055,2.879,0.11516
2023.8082191780823,2.791,0.11164
2023.8109589041096,2.827,0.11308
2023.813698630137,2.811,0.11244
2023.8164383561643,2.872,0.11488
2023.8191780821917,2.758,0.11032
2023.8219178082193,2.916,0.11664
2023.8246575342466,3.035,0.12140000000000001
2023.827397260274,2.886,0.11544
2023.8301369863013,2.833,0.11332
2023.8328767123287,2.89,0.11560000000000001
2023.841095890411,2.854,0.11416000000000001
2023.8438356164384,2.785,0.11140000000000001
2023.849315068493,2.947,0.11788
2023.8520547945207,2.855,0.1142
2023.854794520548,2.877,0.11507999999999999
2023.8575342465754,2.92,0.1168
2023.8602739726027,3.008,0.12032
2023.868493150685,2.709,0.10836000000000001
2023.8739726027397,2.936,0.11744
2023.876712328767,2.869,0.11476000000000001
2023.9698630136986,2.644,0.10576
2023.972602739726,2.668,0.10672000000000001
2024.068306010929,2.653,0.10612
2024.0710382513662,2.544,0.10176
2024.0737704918033,2.608,0.10432000000000001
2024.0792349726776,2.697,0.10788
2024.0819672131147,2.652,0.10608000000000001
2024.0846994535518,2.676,0.10704000000000001
2024.0874316939892,2.591,0.10364000000000001
2024.0901639344263,2.6,0.10400000000000001
2024.0928961748634,2.562,0.10248
2024.0983606557377,2.697,0.10788
2024.103825136612,2.709,0.10836000000000001
2024.1065573770493,2.539,0.10156000000000001
2024.1092896174864,2.731,0.10924
2024.1120218579235,2.617,0.10468
2024.1174863387978,2.663,0.10651999999999999
2024.120218579235,2.671,0.10683999999999999
2024.1256830601094,2.631,0.10524
2024.1284153005465,2.596,0.10384
2024.1311475409836,2.698,0.10792
2024.1338797814208,2.698,0.10792
2024.136612021858,2.676,0.10704000000000001
2024.139344262295,2.706,0.10824
2024.1420765027322,2.887,0.11548
2024.1448087431695,2.759,0.11036
2024.1475409836066,2.724,0.10896000000000002
2024.1502732240438,2.683,0.10732
2024.1530054644809,2.687,0.10747999999999999
2024.2513661202186,2.614,0.10456
2024.2540983606557,2.627,0.10507999999999999
2024.2568306010928,2.565,0.1026
2024.25956284153,2.524,0.10096000000000001
2024.2622950819673,2.665,0.1066
2024.2650273224044,2.586,0.10343999999999999
2024.2677595628415,2.565,0.1026
2024.2704918032787,2.663,0.10651999999999999
2024.2868852459017,2.458,0.09832
2024.2896174863388,2.534,0.10135999999999999
2024.292349726776,2.678,0.10711999999999999
2024.295081967213,2.623,0.10492000000000001
2024.2978142076502,2.566,0.10264
2024.3005464480875,2.665,0.1066
2024.3032786885246,2.584,0.10336000000000001
2024.3060109289618,2.661,0.10644
2024.308743169399,2.61,0.10439999999999999
2024.311475409836,2.63,0.1052
2024.3142076502731,2.604,0.10416
2024.3169398907103,2.575,0.10300000000000001
2024.3196721311476,2.674,0.10696
2024.3224043715848,2.563,0.10252000000000001
2024.3251366120219,2.619,0.10476
2024.327868852459,2.622,0.10488
2024.3306010928961,2.595,0.1038
2024.3333333333333,2.626,0.10504
2024.3360655737704,2.628,0.10512
2024.3387978142077,2.671,0.10683999999999999
2024.344262295082,2.578,0.10311999999999999
2024.3469945355191,2.533,0.10132
2024.3497267759562,2.569,0.10276
2024.3524590163934,2.639,0.10555999999999999
2024.3551912568305,2.599,0.10396000000000001
2024.3579234972678,2.589,0.10356
2024.360655737705,2.461,0.09844
2024.3715846994535,2.504,0.10016
2024.379781420765,2.532,0.10128000000000001
2024.3825136612022,2.601,0.10404000000000001
2024.3852459016393,2.639,0.10555999999999999
