Epoch,Flux,Flux_err
2005.9150684931508,2.625,0.07875
2005.9178082191781,2.611,0.07833
2005.9205479452055,2.635,0.07905
2005.9232876712329,2.548,0.07644
2005.9287671232876,2.491,0.07473
2005.9315068493152,2.628,0.07884000000000001
2005.9342465753425,2.642,0.07926
2005.9369863013699,2.62,0.0786
2005.9479452054795,2.587,0.07761
2005.9506849315069,2.587,0.07761
2005.9534246575342,2.655,0.07964999999999998
2005.9561643835616,2.664,0.07992
2005.958904109589,2.667,0.08001
2005.9616438356165,2.61,0.0783
2005.9698630136986,2.486,0.07458000000000001
2005.972602739726,2.431,0.07293
2005.9753424657533,2.601,0.07803
2005.978082191781,2.569,0.07707
2005.9808219178083,2.511,0.07533
2005.9890410958903,2.456,0.07368
2005.9917808219177,2.458,0.07374
2005.9945205479453,2.493,0.07479
2005.9972602739726,2.476,0.07428
2006.0027397260274,2.517,0.07551
2006.0054794520547,2.588,0.07764
2006.0082191780823,2.455,0.07365
2006.0109589041097,2.544,0.07632
2006.013698630137,2.611,0.07833
2006.0164383561644,2.681,0.08043
2006.0191780821917,2.639,0.07916999999999999
2006.021917808219,2.582,0.07745999999999999
2006.027397260274,2.465,0.07394999999999999
2006.0301369863014,2.47,0.0741
2006.0328767123287,2.456,0.07368
2006.035616438356,2.547,0.07641
2006.0383561643835,2.526,0.07577999999999999
2006.0438356164384,2.667,0.08001
2006.0465753424658,2.658,0.07973999999999999
2006.0493150684931,2.533,0.07598999999999999
2006.0520547945205,2.643,0.07928999999999999
2006.054794520548,2.45,0.0735
2006.0575342465754,2.643,0.07928999999999999
2006.0657534246575,2.428,0.07284
2006.0684931506848,2.617,0.07851
2006.0712328767124,2.649,0.07947
2006.0739726027398,2.599,0.07797
2006.0767123287671,2.648,0.07944
2006.0821917808219,2.633,0.07898999999999999
2006.0849315068492,2.615,0.07845
2006.0876712328768,2.491,0.07473
2006.0904109589042,2.475,0.07425
2006.0931506849315,2.43,0.0729
2006.0958904109589,2.54,0.0762
2006.1013698630136,2.589,0.07767
2006.1041095890412,2.572,0.07715999999999999
2006.1068493150685,2.636,0.07908
2006.109589041096,2.622,0.07866
2006.1123287671232,2.48,0.0744
2006.1260273972603,2.586,0.07758
2006.1287671232876,2.502,0.07505999999999999
2006.131506849315,2.499,0.07497
2006.1397260273973,2.637,0.07911
2006.145205479452,2.642,0.07926
2006.150684931507,2.696,0.08088000000000001
2006.158904109589,2.676,0.08028
2006.164383561644,2.61,0.0783
2006.1698630136987,2.708,0.08124
2006.1917808219177,2.66,0.0798
2006.2465753424658,2.559,0.07677
2006.2493150684932,2.544,0.07632
2006.2547945205479,2.56,0.0768
2006.2575342465752,2.533,0.07598999999999999
2006.2602739726028,2.58,0.0774
2006.2630136986302,2.591,0.07773000000000001
2006.2657534246575,2.586,0.07758
2006.268493150685,2.569,0.07707
2006.2712328767122,2.457,0.07371
2006.358904109589,2.77,0.0831
2006.3698630136987,2.753,0.08259
2006.3753424657534,2.775,0.08324999999999999
2006.3808219178081,2.658,0.07973999999999999
2006.7452054794521,2.734,0.08202
2006.7479452054795,2.623,0.07869000000000001
2006.7506849315068,2.611,0.07833
2006.7534246575342,2.575,0.07725
2006.7561643835616,2.613,0.07839
2006.7589041095891,2.651,0.07952999999999999
2006.7616438356165,2.531,0.07593
2006.7643835616439,2.488,0.07464
2006.8383561643836,2.508,0.07524
2006.8465753424657,2.478,0.07434
2006.849315068493,2.492,0.07476
2006.8520547945207,2.554,0.07662
2006.854794520548,2.462,0.07386000000000001
2006.8575342465754,2.517,0.07551
2006.86301369863,2.568,0.07704
2006.868493150685,2.591,0.07773000000000001
2006.8712328767124,2.563,0.07689
2006.8739726027397,2.545,0.07635
2006.8821917808218,2.475,0.07425
2006.8876712328768,2.468,0.07404
2006.890410958904,2.492,0.07476
2006.8931506849315,2.443,0.07329
2006.8958904109588,2.396,0.07188
2006.8986301369864,2.409,0.07226999999999999
2006.9013698630138,2.588,0.07764
2006.9068493150685,2.502,0.07505999999999999
2006.9095890410958,2.501,0.07503
2006.9123287671232,2.45,0.0735
2006.9150684931508,2.534,0.07601999999999999
2006.9178082191781,2.446,0.07338
2006.9205479452055,2.398,0.07194
2006.9260273972602,2.434,0.07302
2006.9287671232876,2.409,0.07226999999999999
2006.9315068493152,2.376,0.07128
2006.9342465753425,2.451,0.07353
2006.9369863013699,2.377,0.07130999999999998
2006.9397260273972,2.359,0.07077
2006.9424657534246,2.399,0.07196999999999999
2006.945205479452,2.375,0.07125
2006.9479452054795,2.396,0.07188
2006.9506849315069,2.481,0.07443
2006.9534246575342,2.409,0.07226999999999999
2006.9561643835616,2.45,0.0735
2006.958904109589,2.531,0.07593
2006.9671232876713,2.451,0.07353
2006.972602739726,2.328,0.06984
2006.9890410958903,2.407,0.07221
2006.9917808219177,2.4,0.072
2006.9945205479453,2.333,0.06999
2007.0054794520547,2.424,0.07271999999999999
2007.0082191780823,2.379,0.07137
2007.0109589041097,2.585,0.07755
2007.0164383561644,2.552,0.07656
2007.0191780821917,2.466,0.07398
2007.0246575342467,2.498,0.07494
2007.027397260274,2.433,0.07298999999999999
2007.0301369863014,2.411,0.07232999999999999
2007.0328767123287,2.527,0.07581
2007.035616438356,2.588,0.07764
2007.0438356164384,2.526,0.07577999999999999
2007.0465753424658,2.488,0.07464
2007.0493150684931,2.524,0.07572
2007.054794520548,2.521,0.07562999999999999
2007.0602739726028,2.495,0.07485
2007.0630136986301,2.576,0.07728
2007.0684931506848,2.583,0.07749
2007.0794520547945,2.51,0.07529999999999999
2007.0821917808219,2.476,0.07428
2007.0849315068492,2.397,0.07190999999999999
2007.0931506849315,2.537,0.07611
2007.0986301369862,2.512,0.07536
2007.1013698630136,2.502,0.07505999999999999
2007.1041095890412,2.379,0.07137
2007.1123287671232,2.402,0.07206
2007.1287671232876,2.38,0.07139999999999999
2007.13698630137,2.405,0.07214999999999999
2007.1397260273973,2.379,0.07137
2007.1424657534246,2.497,0.07490999999999999
2007.145205479452,2.478,0.07434
2007.1561643835616,2.333,0.06999
2007.158904109589,2.43,0.0729
2007.9150684931508,2.334,0.07002
2007.9178082191781,2.311,0.06932999999999999
2007.9232876712329,2.27,0.0681
2007.9260273972602,2.265,0.06795
2007.9287671232876,2.314,0.06942
2007.9315068493152,2.235,0.06705
2007.9342465753425,2.288,0.06863999999999999
2007.9369863013699,2.315,0.06945
2007.9397260273972,2.282,0.06846
2007.945205479452,2.337,0.07011
2007.9479452054795,2.314,0.06942
2007.9506849315069,2.341,0.07023
2007.9534246575342,2.33,0.0699
2007.9561643835616,2.346,0.07038
2007.9616438356165,2.319,0.06956999999999999
2007.964383561644,2.293,0.06879
2007.9671232876713,2.317,0.06951
2007.9698630136986,2.326,0.06978
2007.972602739726,2.328,0.06984
2007.9753424657533,2.304,0.06911999999999999
2007.9808219178083,2.331,0.06992999999999999
2007.9835616438356,2.307,0.06921
2007.9890410958903,2.317,0.06951
2007.9917808219177,2.266,0.06798
2007.9945205479453,2.314,0.06942
2007.9972602739726,2.338,0.07014
2008.0,2.289,0.06867
2008.0027322404371,2.273,0.06819
2008.0054644808743,2.282,0.06846
2008.0081967213114,2.254,0.06762
2008.0109289617487,2.332,0.06996
2008.0136612021859,2.286,0.06858
2008.016393442623,2.291,0.06873
2008.01912568306,2.31,0.0693
2008.0245901639344,2.273,0.06819
2008.0273224043715,2.253,0.06759
2008.0300546448088,2.308,0.06924
2008.032786885246,2.275,0.06824999999999999
2008.0382513661202,2.294,0.06881999999999999
2008.0409836065573,2.28,0.06839999999999999
2008.0437158469945,2.281,0.06843
2008.0464480874316,2.276,0.06828
2008.049180327869,2.283,0.06849
2008.051912568306,2.282,0.06846
2008.0573770491803,2.305,0.06915
2008.0601092896175,2.292,0.06875999999999999
2008.0628415300546,2.306,0.06918
2008.0655737704917,2.334,0.07002
2008.068306010929,2.389,0.07167
2008.0710382513662,2.271,0.06813
2008.0819672131147,2.292,0.06875999999999999
2008.0846994535518,2.299,0.06896999999999999
2008.0874316939892,2.306,0.06918
2008.0901639344263,2.298,0.06894
2008.0956284153006,2.266,0.06798
2008.0983606557377,2.267,0.06801
2008.1010928961748,2.304,0.06911999999999999
2008.103825136612,2.293,0.06879
2008.1065573770493,2.258,0.06774
2008.1092896174864,2.259,0.06777
2008.1147540983607,2.28,0.06839999999999999
2008.1174863387978,2.296,0.06888
2008.120218579235,2.293,0.06879
2008.122950819672,2.259,0.06777
2008.139344262295,2.327,0.06981
2008.1420765027322,2.174,0.06522
2008.1448087431695,2.293,0.06879
2008.1475409836066,2.292,0.06875999999999999
2008.1502732240438,2.367,0.07101
2008.155737704918,2.323,0.06969
2008.1584699453551,2.312,0.06935999999999999
2008.1612021857923,2.27,0.0681
2008.1639344262296,2.371,0.07113
2008.1666666666667,2.32,0.0696
2008.9590163934427,2.59,0.07769999999999999
2008.964480874317,2.594,0.07781999999999999
2008.9699453551912,2.64,0.0792
2008.9754098360656,2.631,0.07892999999999999
2008.9781420765028,2.635,0.07905
2008.98087431694,2.564,0.07692
2008.983606557377,2.515,0.07545
2008.9863387978141,2.606,0.07818
2008.9890710382513,2.615,0.07845
2008.9972677595629,2.535,0.07605
2009.0,2.615,0.07845
2009.0027397260274,2.625,0.07875
2009.0054794520547,2.574,0.07722
2009.0082191780823,2.585,0.07755
2009.0109589041097,2.545,0.07635
2009.013698630137,2.583,0.07749
2009.0164383561644,2.517,0.07551
2009.0191780821917,2.551,0.07653
2009.0246575342467,2.543,0.07629
2009.027397260274,2.557,0.07671
2009.0328767123287,2.565,0.07694999999999999
2009.035616438356,2.572,0.07715999999999999
2009.0383561643835,2.531,0.07593
2009.041095890411,2.554,0.07662
2009.0438356164384,2.467,0.07401
2009.0465753424658,2.541,0.07622999999999999
2009.0520547945205,2.51,0.07529999999999999
2009.054794520548,2.492,0.07476
2009.0575342465754,2.551,0.07653
2009.0602739726028,2.535,0.07605
2009.0630136986301,2.527,0.07581
2009.0657534246575,2.558,0.07673999999999999
2009.0712328767124,2.503,0.07509
2009.0739726027398,2.537,0.07611
2009.0767123287671,2.495,0.07485
2009.0794520547945,2.535,0.07605
2009.0821917808219,2.522,0.07565999999999999
2009.0849315068492,2.648,0.07944
2009.1123287671232,2.533,0.07598999999999999
2009.1150684931506,2.517,0.07551
2009.1178082191782,2.56,0.0768
2009.1205479452055,2.59,0.07769999999999999
2009.123287671233,2.495,0.07485
2009.1287671232876,2.512,0.07536
2009.131506849315,2.502,0.07505999999999999
2009.1342465753426,2.502,0.07505999999999999
2009.13698630137,2.496,0.07488
2009.1397260273973,2.519,0.07557
2009.1424657534246,2.511,0.07533
2009.145205479452,2.511,0.07533
2009.150684931507,2.538,0.07613999999999999
2009.1534246575343,2.501,0.07503
2009.1561643835616,2.507,0.07521
2009.158904109589,2.535,0.07605
2009.1616438356164,2.428,0.07284
2009.1671232876713,2.506,0.07518
2009.1698630136987,2.509,0.07526999999999999
2009.172602739726,2.498,0.07494
2009.1753424657534,2.52,0.0756
2009.1780821917807,2.462,0.07386000000000001
2009.1808219178083,2.51,0.07529999999999999
2009.1890410958904,2.561,0.07683
2009.2054794520548,2.567,0.07701000000000001
2009.3013698630136,2.459,0.07377
2009.304109589041,2.439,0.07317
2009.3068493150686,2.48,0.0744
2009.309589041096,2.485,0.07454999999999999
2009.3123287671233,2.48,0.0744
2009.3150684931506,2.503,0.07509
2009.317808219178,2.489,0.07467
2009.3205479452056,2.438,0.07314
2009.323287671233,2.477,0.07430999999999999
2009.3260273972603,2.546,0.07637999999999999
2009.3342465753424,2.523,0.07569000000000001
2009.7972602739726,2.836,0.08507999999999999
2009.7972602739726,2.839,0.08517
2009.7972602739726,2.876,0.08628
2009.7972602739726,2.77,0.0831
2009.805479452055,2.872,0.08615999999999999
2009.8082191780823,2.876,0.08628
2009.8109589041096,2.999,0.08997
2009.813698630137,2.919,0.08757
2009.8164383561643,2.999,0.08997
2009.8191780821917,2.875,0.08625
2009.8219178082193,2.907,0.08721
2009.8219178082193,3.001,0.09003
2009.827397260274,2.769,0.08307
2009.8328767123287,2.891,0.08673
2009.841095890411,2.94,0.0882
2010.0164383561644,2.962,0.08886000000000001
2010.0191780821917,2.942,0.08826
2010.021917808219,2.913,0.08739
2010.0246575342467,2.99,0.0897
2010.0301369863014,2.907,0.08721
2010.0712328767124,3.006,0.09018
2010.0739726027398,2.995,0.08985
2010.3287671232877,3.21,0.0963
2010.3342465753424,3.219,0.09656999999999999
2010.33698630137,3.204,0.09612
2010.3397260273973,3.21,0.0963
2010.3534246575343,3.279,0.09837
2010.358904109589,3.289,0.09867
2010.3616438356164,3.314,0.09942
2010.3643835616438,3.266,0.09798
2010.372602739726,3.329,0.09987
2010.3753424657534,3.291,0.09873
2010.3835616438357,3.316,0.09947999999999999
2010.386301369863,3.268,0.09803999999999999
2010.3917808219178,3.284,0.09852
2010.3945205479451,3.289,0.09867
2010.3972602739725,3.286,0.09858
2010.4,3.312,0.09935999999999999
2010.4027397260274,3.278,0.09834
2010.4054794520548,3.298,0.09894
2010.4109589041095,3.345,0.10035000000000001
2010.4438356164383,3.207,0.09620999999999999
2010.5150684931507,3.092,0.09276
2010.517808219178,3.115,0.09345
2010.5205479452054,3.115,0.09345
2010.5232876712328,3.174,0.09522
2010.5287671232877,3.109,0.09326999999999999
2010.531506849315,3.079,0.09237000000000001
2010.5342465753424,3.208,0.09624
2010.5369863013698,3.167,0.09501
2010.5397260273974,3.225,0.09675
2010.5424657534247,3.177,0.09530999999999999
2010.545205479452,3.292,0.09875999999999999
2010.5479452054794,3.115,0.09345
2010.5506849315068,3.132,0.09396
2010.5534246575342,3.18,0.0954
2010.5561643835617,3.095,0.09285
2010.558904109589,3.125,0.09375
2010.5616438356165,3.264,0.09792
2010.5643835616438,3.227,0.09681
2010.5671232876712,3.276,0.09827999999999999
2010.5698630136985,3.252,0.09756
2010.572602739726,3.181,0.09543
2010.5753424657535,3.224,0.09672
2010.5780821917808,3.234,0.09702
2010.5808219178082,3.329,0.09987
2010.5945205479452,3.301,0.09903
2010.5972602739726,3.428,0.10284
2010.6,3.301,0.09903
2010.6027397260275,3.273,0.09819
2010.6054794520549,3.391,0.10173
2010.6082191780822,3.505,0.10515
2010.6191780821919,3.533,0.10598999999999999
2010.6246575342466,3.294,0.09881999999999999
2010.6356164383562,3.54,0.1062
2010.641095890411,3.56,0.10679999999999999
2010.6465753424657,3.348,0.10043999999999999
2010.6520547945206,3.339,0.10017
2010.6575342465753,3.48,0.10439999999999999
2010.66301369863,3.587,0.10761
2010.6986301369864,3.621,0.10862999999999999
2010.7013698630137,3.559,0.10677
2010.704109589041,3.566,0.10697999999999999
2010.7068493150684,3.498,0.10494
2010.7095890410958,3.488,0.10464
2010.7123287671234,3.563,0.10689
2010.7150684931507,3.617,0.10851
2010.717808219178,3.575,0.10725
2010.7205479452055,3.543,0.10629
2010.9150684931508,3.937,0.11810999999999999
2010.9232876712329,3.833,0.11499
2010.9260273972602,3.662,0.10986
2010.9315068493152,3.968,0.11903999999999999
2010.9342465753425,3.845,0.11535000000000001
2010.9369863013699,3.927,0.11781
2010.9397260273972,3.85,0.11549999999999999
2010.9424657534246,3.822,0.11466
2010.9506849315069,3.781,0.11343
2010.9534246575342,3.787,0.11360999999999999
2010.958904109589,3.639,0.10916999999999999
2011.0246575342467,3.788,0.11363999999999999
2011.027397260274,3.876,0.11628
2011.0301369863014,3.77,0.11309999999999999
2011.0328767123287,4.027,0.12081
2011.035616438356,3.887,0.11660999999999999
2011.0383561643835,3.96,0.11879999999999999
2011.041095890411,3.881,0.11642999999999999
2011.0438356164384,3.958,0.11874
2011.0520547945205,3.815,0.11445
2011.054794520548,3.87,0.1161
2011.0575342465754,3.837,0.11511
2011.0602739726028,4.052,0.12155999999999999
2011.0630136986301,3.728,0.11184000000000001
2011.0657534246575,3.813,0.11439
2011.0684931506848,4.005,0.12014999999999999
2011.0712328767124,3.92,0.1176
2011.0739726027398,3.967,0.11901
2011.0767123287671,3.954,0.11862
2011.0794520547945,3.955,0.11864999999999999
2011.2054794520548,3.479,0.10437
2011.2082191780821,3.521,0.10562999999999999
2011.2109589041097,3.53,0.1059
2011.213698630137,3.562,0.10686
2011.2191780821918,3.521,0.10562999999999999
2011.2219178082191,3.518,0.10554
2011.227397260274,3.532,0.10596
2011.2301369863014,3.527,0.10581
2011.2328767123288,3.527,0.10581
2011.2356164383561,3.497,0.10490999999999999
2011.2383561643835,3.589,0.10767
2011.2410958904109,3.641,0.10923
2011.2438356164384,3.515,0.10545
2011.2465753424658,3.536,0.10608
2011.2493150684932,3.59,0.10769999999999999
2011.2520547945205,3.552,0.10656
2011.2547945205479,3.537,0.10611
2011.2575342465752,3.635,0.10905
2011.2602739726028,3.736,0.11208
2011.2630136986302,3.664,0.10992
2011.2657534246575,3.573,0.10719
2011.268493150685,3.587,0.10761
2011.2712328767122,3.495,0.10485
2011.2767123287672,3.597,0.10790999999999999
2011.282191780822,3.606,0.10818
2011.2849315068493,3.507,0.10521
2011.2876712328766,3.668,0.11004
2011.2904109589042,3.697,0.11091
2011.2931506849316,3.71,0.1113
2011.3150684931506,3.59,0.10769999999999999
2011.317808219178,3.475,0.10425
2011.3205479452056,3.577,0.10730999999999999
2011.323287671233,3.624,0.10872
2011.3260273972603,3.609,0.10826999999999999
2011.3287671232877,3.488,0.10464
2011.331506849315,3.45,0.1035
2011.3342465753424,3.64,0.1092
2011.33698630137,3.6,0.108
2011.3397260273973,3.621,0.10862999999999999
2011.3424657534247,3.592,0.10776
2011.345205479452,3.676,0.11028
2011.3479452054794,3.564,0.10692
2011.3506849315067,3.596,0.10788
2011.3534246575343,3.575,0.10725
2011.3561643835617,3.584,0.10752
2011.3616438356164,3.436,0.10307999999999999
2011.3671232876711,3.601,0.10803
2011.3698630136987,3.595,0.10785
2011.372602739726,3.565,0.10694999999999999
2011.3753424657534,3.603,0.10809
2011.3780821917808,3.562,0.10686
2011.3808219178081,3.514,0.10541999999999999
2011.3835616438357,3.544,0.10632
2011.3890410958904,3.549,0.10647
2011.3945205479451,3.528,0.10584
2011.3972602739725,3.506,0.10518
2011.4,3.497,0.10490999999999999
2011.4027397260274,3.486,0.10458
2011.4054794520548,3.49,0.1047
2011.4082191780822,3.502,0.10505999999999999
2011.4109589041095,3.511,0.10533
2011.4136986301369,3.465,0.10394999999999999
2011.4191780821918,3.473,0.10418999999999999
2011.4246575342465,3.471,0.10413
2011.4301369863015,3.441,0.10322999999999999
2011.4356164383562,3.423,0.10269
2011.441095890411,3.427,0.10281
2011.4438356164383,3.404,0.10211999999999999
2011.4465753424658,3.368,0.10103999999999999
2011.4465753424658,3.443,0.10328999999999999
2011.4493150684932,3.429,0.10286999999999999
2011.4520547945206,3.443,0.10328999999999999
2011.454794520548,3.415,0.10245
2011.4575342465753,3.422,0.10266
2011.4602739726026,3.437,0.10311
2011.4630136986302,3.341,0.10023
2011.4657534246576,3.412,0.10235999999999999
2011.468493150685,3.412,0.10235999999999999
2011.4712328767123,3.471,0.10413
2011.4739726027397,3.413,0.10239
2011.4767123287672,3.528,0.10584
2011.4794520547946,3.323,0.09969
2011.4876712328767,3.379,0.10137
2011.490410958904,3.388,0.10164
2011.4931506849316,3.391,0.10173
2011.495890410959,3.339,0.10017
2011.4986301369863,3.505,0.10515
2011.5013698630137,3.42,0.1026
2011.504109589041,3.4,0.102
2011.5068493150684,3.411,0.10232999999999999
2011.509589041096,3.373,0.10119
2011.5123287671233,3.531,0.10593
2011.5150684931507,3.497,0.10490999999999999
2011.517808219178,3.339,0.10017
2011.5205479452054,3.321,0.09963
2011.5260273972603,3.437,0.10311
2011.5287671232877,3.369,0.10107000000000001
2011.531506849315,3.419,0.10257
2011.5342465753424,3.415,0.10245
2011.5369863013698,3.437,0.10311
2011.5397260273974,3.403,0.10209
2011.5424657534247,3.402,0.10206
2011.545205479452,3.475,0.10425
2011.5479452054794,3.454,0.10362
2011.5506849315068,3.462,0.10386000000000001
2011.5534246575342,3.435,0.10305
2011.5561643835617,3.443,0.10328999999999999
2011.558904109589,3.449,0.10346999999999999
2011.5616438356165,3.477,0.10430999999999999
2011.5643835616438,3.439,0.10317
2011.5671232876712,3.464,0.10392
2011.5698630136985,3.422,0.10266
2011.572602739726,3.511,0.10533
2011.5753424657535,3.546,0.10637999999999999
2011.5780821917808,3.414,0.10242
2011.5808219178082,3.457,0.10371
2011.5835616438355,3.46,0.10379999999999999
2011.5863013698631,3.476,0.10428
2011.5890410958905,3.472,0.10415999999999999
2011.5917808219178,3.425,0.10275
2011.5945205479452,3.465,0.10394999999999999
2011.5972602739726,3.453,0.10358999999999999
2011.6,3.483,0.10449
2011.6027397260275,3.522,0.10565999999999999
2011.6054794520549,3.497,0.10490999999999999
2011.6109589041096,3.495,0.10485
2011.613698630137,3.428,0.10284
2011.6164383561643,3.438,0.10314
2011.6191780821919,3.469,0.10407
2011.6219178082192,3.431,0.10293
2011.6246575342466,3.487,0.10461
2011.627397260274,3.415,0.10245
2011.6301369863013,3.341,0.10023
2011.6328767123289,3.461,0.10382999999999999
2011.6356164383562,3.49,0.1047
2011.6383561643836,3.38,0.10139999999999999
2011.641095890411,3.469,0.10407
2011.6438356164383,3.396,0.10188
2011.6465753424657,3.47,0.1041
2011.6493150684933,3.306,0.09918
2011.6520547945206,3.397,0.10190999999999999
2011.654794520548,3.411,0.10232999999999999
2011.6575342465753,3.411,0.10232999999999999
2011.6602739726027,3.422,0.10266
2011.6657534246576,3.391,0.10173
2011.668493150685,3.47,0.1041
2011.6712328767123,3.35,0.10049999999999999
2011.6739726027397,3.386,0.10158
2011.6794520547944,3.383,0.10149
2011.682191780822,3.347,0.10041
2011.6849315068494,3.347,0.10041
2011.690410958904,3.339,0.10017
2011.695890410959,3.341,0.10023
2011.6986301369864,3.383,0.10149
2011.7013698630137,3.389,0.10167
2011.704109589041,3.339,0.10017
2011.7068493150684,3.386,0.10158
2011.7123287671234,3.378,0.10134
2011.7150684931507,3.378,0.10134
2011.717808219178,3.409,0.10226999999999999
2011.7205479452055,3.403,0.10209
2011.7232876712328,3.401,0.10203
2011.7369863013698,3.422,0.10266
2011.7397260273972,3.418,0.10254
2011.7424657534248,3.431,0.10293
2011.7479452054795,3.461,0.10382999999999999
2011.7534246575342,3.386,0.10158
2011.849315068493,3.487,0.10461
2011.8520547945207,3.502,0.10505999999999999
2011.854794520548,3.553,0.10658999999999999
2011.8575342465754,3.541,0.10622999999999999
2011.8602739726027,3.607,0.10821
2011.86301369863,3.663,0.10988999999999999
2011.8657534246574,3.621,0.10862999999999999
2011.868493150685,3.743,0.11228999999999999
2011.8739726027397,3.7,0.111
2011.876712328767,3.599,0.10797
2011.8794520547945,3.72,0.1116
2011.8821917808218,3.702,0.11105999999999999
2011.8849315068494,3.707,0.11120999999999999
2011.8876712328768,3.706,0.11118
2011.8958904109588,3.472,0.10415999999999999
2011.8986301369864,3.618,0.10854
2011.9013698630138,3.711,0.11133
2011.9041095890411,3.645,0.10935
2011.9068493150685,3.734,0.11202
2011.9095890410958,3.7,0.111
2011.9123287671232,3.793,0.11379
2011.9178082191781,3.734,0.11202
2011.9205479452055,3.74,0.11220000000000001
2011.9232876712329,3.569,0.10707
2011.9287671232876,3.782,0.11345999999999999
2011.9315068493152,3.661,0.10983
2011.9342465753425,3.722,0.11166
2011.9369863013699,3.693,0.11079
2011.9397260273972,3.654,0.10962
2011.9424657534246,3.616,0.10848
2011.9479452054795,3.816,0.11447999999999998
2011.9506849315069,3.685,0.11055
2011.9534246575342,3.672,0.11016
2012.0300546448088,3.854,0.11562
2012.032786885246,3.799,0.11396999999999999
2012.035519125683,3.729,0.11187
2012.049180327869,3.927,0.11781
2012.051912568306,3.858,0.11574
2012.0546448087432,3.813,0.11439
2012.0573770491803,3.869,0.11607
2012.0628415300546,3.759,0.11277
2012.0655737704917,3.71,0.1113
2012.068306010929,3.876,0.11628
2012.0710382513662,3.809,0.11427
2012.0737704918033,3.849,0.11547
2012.0765027322404,3.954,0.11862
2012.0819672131147,3.876,0.11628
2012.0874316939892,3.718,0.11154
2012.0901639344263,3.778,0.11334
2012.0928961748634,3.807,0.11420999999999999
2012.1010928961748,3.766,0.11298
2012.103825136612,3.587,0.10761
2012.1065573770493,3.697,0.11091
2012.1092896174864,3.717,0.11151
2012.1120218579235,3.701,0.11103
2012.1147540983607,3.754,0.11262
2012.120218579235,3.781,0.11343
2012.122950819672,3.682,0.11045999999999999
2012.1284153005465,3.694,0.11081999999999999
2012.1311475409836,3.921,0.11762999999999998
2012.1448087431695,3.762,0.11286
2012.1475409836066,3.629,0.10887
2012.1502732240438,3.73,0.1119
2012.1530054644809,3.761,0.11283
2012.1584699453551,3.528,0.10584
2012.1612021857923,3.693,0.11079
2012.1639344262296,3.682,0.11045999999999999
2012.1693989071039,3.597,0.10790999999999999
2012.1775956284152,3.775,0.11324999999999999
2012.1830601092897,3.573,0.10719
2012.3032786885246,3.661,0.10983
2012.3060109289618,3.658,0.10973999999999999
2012.308743169399,3.642,0.10926
2012.311475409836,3.654,0.10962
2012.3142076502731,3.637,0.10911
2012.3169398907103,3.672,0.11016
2012.3196721311476,3.635,0.10905
2012.3224043715848,3.507,0.10521
2012.3251366120219,3.63,0.1089
2012.327868852459,3.637,0.10911
2012.3306010928961,3.68,0.1104
2012.3333333333333,3.719,0.11156999999999999
2012.3360655737704,3.661,0.10983
2012.3387978142077,3.634,0.10901999999999999
2012.3415300546449,3.639,0.10916999999999999
2012.344262295082,3.663,0.10988999999999999
2012.3469945355191,3.714,0.11141999999999999
2012.3497267759562,3.626,0.10877999999999999
2012.3524590163934,3.696,0.11088
2012.3551912568305,3.582,0.10745999999999999
2012.3579234972678,3.708,0.11124
2012.360655737705,3.707,0.11120999999999999
2012.363387978142,3.697,0.11091
2012.3661202185792,3.56,0.10679999999999999
2012.3715846994535,3.609,0.10826999999999999
2012.3743169398906,3.645,0.10935
2012.377049180328,3.616,0.10848
2012.379781420765,3.79,0.1137
2012.3825136612022,3.667,0.11001
2012.3852459016393,3.565,0.10694999999999999
2012.3879781420765,3.619,0.10857
2012.3907103825136,3.516,0.10547999999999999
2012.3934426229507,3.622,0.10865999999999999
2012.396174863388,3.674,0.11022
2012.3989071038252,3.569,0.10707
2012.4016393442623,3.676,0.11028
2012.4098360655737,3.518,0.10554
2012.4125683060108,3.607,0.10821
2012.4153005464482,3.603,0.10809
2012.4180327868853,3.754,0.11262
2012.4207650273224,3.559,0.10677
2012.4234972677596,3.584,0.10752
2012.4262295081967,3.61,0.1083
2012.4289617486338,3.563,0.10689
2012.431693989071,3.706,0.11118
2012.4344262295083,3.637,0.10911
2012.4371584699454,3.595,0.10785
2012.4398907103825,3.581,0.10743
2012.4426229508197,3.544,0.10632
2012.4453551912568,3.542,0.10626
2012.4453551912568,3.605,0.10815
2012.448087431694,3.586,0.10758
2012.450819672131,3.626,0.10877999999999999
2012.4535519125684,3.592,0.10776
2012.4562841530055,3.618,0.10854
2012.4590163934427,3.59,0.10769999999999999
2012.4617486338798,3.54,0.1062
2012.464480874317,3.535,0.10605
2012.467213114754,3.45,0.1035
2012.4699453551912,3.531,0.10593
2012.4726775956285,3.474,0.10422000000000001
2012.4754098360656,3.586,0.10758
2012.4781420765028,3.538,0.10613999999999998
2012.48087431694,3.462,0.10386000000000001
2012.483606557377,3.49,0.1047
2012.4863387978141,3.574,0.10722
2012.4890710382513,3.403,0.10209
2012.4918032786886,3.507,0.10521
2012.5,3.542,0.10626
2012.5027322404371,3.536,0.10608
2012.5054644808743,3.499,0.10497
2012.5081967213114,3.389,0.10167
2012.5109289617487,3.51,0.10529999999999999
2012.5136612021859,3.449,0.10346999999999999
2012.516393442623,3.454,0.10362
2012.51912568306,3.46,0.10379999999999999
2012.5218579234972,3.427,0.10281
2012.5245901639344,3.417,0.10250999999999999
2012.5273224043715,3.418,0.10254
2012.5300546448088,3.304,0.09911999999999999
2012.532786885246,3.344,0.10031999999999999
2012.535519125683,3.391,0.10173
2012.5382513661202,3.348,0.10043999999999999
2012.5409836065573,3.39,0.1017
2012.5437158469945,3.337,0.10011
2012.5464480874316,3.326,0.09978
2012.549180327869,3.304,0.09911999999999999
2012.551912568306,3.316,0.09947999999999999
2012.5546448087432,3.312,0.09935999999999999
2012.5573770491803,3.282,0.09845999999999999
2012.5601092896175,3.335,0.10005
2012.5628415300546,3.246,0.09738
2012.5655737704917,3.272,0.09815999999999998
2012.568306010929,3.272,0.09815999999999998
2012.5710382513662,3.265,0.09795
2012.5737704918033,3.228,0.09684000000000001
2012.5792349726776,3.081,0.09243
2012.5819672131147,3.225,0.09675
2012.5846994535518,3.199,0.09596999999999999
2012.5874316939892,3.2,0.096
2012.5928961748634,3.144,0.09432
2012.5956284153006,3.144,0.09432
2012.5983606557377,3.09,0.09269999999999999
2012.6010928961748,3.118,0.09354
2012.603825136612,3.076,0.09228
2012.6092896174864,3.049,0.09147
2012.6120218579235,3.108,0.09324
2012.6174863387978,3.042,0.09126
2012.6256830601094,3.051,0.09153
2012.6284153005465,2.989,0.08967
2012.6338797814208,3.024,0.09072
2012.636612021858,2.947,0.08841
2012.639344262295,2.973,0.08918999999999999
2012.6420765027322,2.933,0.08798999999999998
2012.6448087431695,2.987,0.08961
2012.6502732240438,3.023,0.09069
2012.655737704918,2.93,0.0879
2012.6584699453551,2.941,0.08822999999999999
2012.6612021857923,2.926,0.08778
2012.6639344262296,2.949,0.08847
2012.6666666666667,2.962,0.08886000000000001
2012.6693989071039,2.919,0.08757
2012.672131147541,2.94,0.0882
2012.691256830601,2.951,0.08853
2012.6939890710382,2.945,0.08835
2012.7732240437158,3.103,0.09309
2012.775956284153,3.109,0.09326999999999999
2012.77868852459,3.053,0.09158999999999999
2012.7814207650274,3.03,0.0909
2012.7841530054645,3.153,0.09459
2012.7868852459017,3.06,0.09179999999999999
2012.792349726776,3.278,0.09834
2012.795081967213,3.112,0.09336
2012.7978142076502,3.204,0.09612
2012.8005464480875,3.143,0.09428999999999998
2012.8032786885246,3.067,0.09201000000000001
2012.8060109289618,3.094,0.09281999999999999
2012.811475409836,3.18,0.0954
2012.8142076502731,3.118,0.09354
2012.8169398907103,3.204,0.09612
2012.8196721311476,3.175,0.09524999999999999
2012.8224043715848,3.011,0.09033
2012.8251366120219,3.089,0.09267
2012.827868852459,2.973,0.08918999999999999
2012.8306010928961,3.128,0.09384
2012.8333333333333,3.18,0.0954
2012.8360655737704,3.043,0.09129
2012.8387978142077,3.115,0.09345
2012.8415300546449,3.123,0.09369000000000001
2012.8497267759562,3.107,0.09321
2012.9043715846994,3.105,0.09315
2012.9071038251366,3.144,0.09432
2012.9098360655737,3.178,0.09534
2012.9125683060108,3.085,0.09255
2012.9153005464482,3.115,0.09345
2012.9180327868853,3.146,0.09437999999999999
2012.931693989071,3.106,0.09318
2012.9426229508197,3.135,0.09405
2012.9617486338798,3.176,0.09528
2012.964480874317,3.207,0.09620999999999999
2012.967213114754,3.066,0.09197999999999999
2013.1424657534246,3.18,0.0954
2013.145205479452,3.178,0.09534
2013.1479452054793,3.174,0.09522
2013.1753424657534,3.029,0.09086999999999999
2013.1780821917807,3.002,0.09005999999999999
2013.1808219178083,3.175,0.09524999999999999
2013.1835616438357,3.109,0.09326999999999999
2013.186301369863,3.149,0.09447
2013.1917808219177,3.129,0.09387
2013.1972602739727,3.039,0.09117
2013.2,3.079,0.09237000000000001
2013.2027397260274,3.012,0.09036
2013.2109589041097,3.0,0.09
2013.213698630137,3.01,0.09029999999999999
2013.2164383561644,3.075,0.09225
2013.2301369863014,3.015,0.09045
2013.1424657534246,3.001,0.09003
2013.145205479452,3.033,0.09098999999999999
2013.1534246575343,2.927,0.08781
2013.1479452054793,3.174,0.09522
2013.1561643835616,2.971,0.08913
2013.158904109589,3.051,0.09153
2013.1616438356164,3.018,0.09054
2013.164383561644,3.029,0.09086999999999999
2013.1753424657534,3.013,0.09039
2013.1753424657534,3.029,0.09086999999999999
2013.1780821917807,3.049,0.09147
2013.1780821917807,3.002,0.09005999999999999
2013.1808219178083,3.04,0.0912
2013.1835616438357,3.07,0.09209999999999999
2013.186301369863,3.124,0.09372
2013.186301369863,3.149,0.09447
2013.1917808219177,3.074,0.09222
2013.1917808219177,3.129,0.09387
2013.1972602739727,2.984,0.08952
2013.1972602739727,3.039,0.09117
2013.2,2.865,0.08595
2013.2,3.079,0.09237000000000001
2013.2109589041097,3.084,0.09252
2013.2027397260274,3.012,0.09036
2013.2109589041097,3.0,0.09
2013.213698630137,3.062,0.09186
2013.213698630137,3.01,0.09029999999999999
2013.2164383561644,3.015,0.09045
2013.2164383561644,3.075,0.09225
2013.2191780821918,3.024,0.09072
2013.2301369863014,2.993,0.08979
2013.2301369863014,3.015,0.09045
2013.2328767123288,3.041,0.09122999999999999
2013.2383561643835,2.95,0.0885
2013.2410958904109,3.005,0.09015
2013.2438356164384,2.989,0.08967
2013.2465753424658,3.05,0.0915
2013.2493150684932,2.984,0.08952
2013.2520547945205,2.972,0.08915999999999999
2013.2547945205479,3.015,0.09045
2013.2575342465752,3.01,0.09029999999999999
2013.2602739726028,2.947,0.08841
2013.2630136986302,2.974,0.08922000000000001
2013.2657534246575,3.11,0.0933
2013.268493150685,2.995,0.08985
2013.2739726027398,3.021,0.09062999999999999
2013.2767123287672,2.983,0.08949
2013.2794520547945,3.008,0.09024
2013.282191780822,2.964,0.08892
2013.2849315068493,2.83,0.0849
2013.2876712328766,2.983,0.08949
2013.2904109589042,2.981,0.08943
2013.2931506849316,2.999,0.08997
2013.295890410959,2.873,0.08619
2013.2986301369863,2.96,0.08879999999999999
2013.3013698630136,2.954,0.08862
2013.304109589041,2.978,0.08934
2013.309589041096,2.966,0.08898
2013.3123287671233,2.922,0.08766
2013.331506849315,2.955,0.08864999999999999
2013.3698630136987,2.958,0.08874
2013.372602739726,2.989,0.08967
2013.3753424657534,3.002,0.09005999999999999
2013.3780821917808,3.049,0.09147
2013.3808219178081,2.949,0.08847
2013.3835616438357,3.04,0.0912
2013.386301369863,3.136,0.09408
2013.3890410958904,3.169,0.09507
2013.3917808219178,3.152,0.09456
2013.3972602739725,3.115,0.09345
2013.4,3.032,0.09096
2013.4027397260274,2.973,0.08918999999999999
2013.4054794520548,2.967,0.08901
2013.4082191780822,3.0,0.09
2013.4109589041095,2.988,0.08964
2013.4136986301369,2.982,0.08946
2013.4164383561645,2.966,0.08898
2013.4191780821918,3.043,0.09129
2013.4219178082192,3.053,0.09158999999999999
2013.4246575342465,3.056,0.09168
2013.427397260274,3.099,0.09297
2013.4301369863015,3.143,0.09428999999999998
2013.4328767123288,3.133,0.09398999999999999
2013.4356164383562,3.029,0.09086999999999999
2013.4383561643835,3.095,0.09285
2013.441095890411,3.198,0.09594
2013.4438356164383,3.065,0.09194999999999999
2013.4438356164383,3.013,0.09039
2013.4465753424658,2.963,0.08889
2013.4493150684932,2.996,0.08988
2013.4520547945206,3.153,0.09459
2013.4575342465753,2.983,0.08949
2013.4602739726026,2.995,0.08985
2013.4657534246576,3.02,0.0906
2013.468493150685,3.032,0.09096
2013.4712328767123,3.075,0.09225
2013.4739726027397,3.052,0.09156
2013.4767123287672,3.057,0.09171
2013.4794520547946,2.952,0.08856
2013.482191780822,2.938,0.08814
2013.4849315068493,3.058,0.09173999999999999
2013.4876712328767,3.043,0.09129
2013.490410958904,3.176,0.09528
2013.4931506849316,3.066,0.09197999999999999
2013.4986301369863,2.964,0.08892
2013.5013698630137,3.273,0.09819
2013.504109589041,3.292,0.09875999999999999
2013.5068493150684,3.223,0.09669
2013.509589041096,3.101,0.09303
2013.5123287671233,3.147,0.09441
2013.5150684931507,3.167,0.09501
2013.517808219178,3.06,0.09179999999999999
2013.5205479452054,3.125,0.09375
2013.5232876712328,3.113,0.09339
2013.5260273972603,3.028,0.09084
2013.5287671232877,3.042,0.09126
2013.531506849315,3.141,0.09423
2013.5342465753424,3.171,0.09512999999999999
2013.5369863013698,3.204,0.09612
2013.5397260273974,3.151,0.09452999999999999
2013.545205479452,3.078,0.09233999999999999
2013.5506849315068,3.238,0.09713999999999999
2013.5534246575342,3.101,0.09303
2013.5561643835617,3.245,0.09735
2013.558904109589,3.336,0.10007999999999999
2013.5616438356165,3.272,0.09815999999999998
2013.5643835616438,3.13,0.0939
2013.5671232876712,3.239,0.09716999999999999
2013.572602739726,3.026,0.09077999999999999
2013.5753424657535,3.105,0.09315
2013.5780821917808,3.056,0.09168
2013.5808219178082,3.181,0.09543
2013.5835616438355,3.241,0.09723
2013.5863013698631,3.255,0.09764999999999999
2013.5890410958905,3.143,0.09428999999999998
2013.5945205479452,3.252,0.09756
2013.5972602739726,3.194,0.09581999999999999
2013.6,3.235,0.09705
2013.6027397260275,3.242,0.09726
2013.6054794520549,3.178,0.09534
2013.6109589041096,3.226,0.09677999999999999
2013.613698630137,3.191,0.09573
2013.6164383561643,3.291,0.09873
2013.6191780821919,3.181,0.09543
2013.6219178082192,3.121,0.09362999999999999
2013.627397260274,3.185,0.09555
2013.6301369863013,3.163,0.09488999999999999
2013.6328767123289,3.196,0.09588
2013.6356164383562,3.193,0.09579
2013.6383561643836,3.305,0.09915
2013.641095890411,3.259,0.09777
2013.6438356164383,3.213,0.09639
2013.6465753424657,3.259,0.09777
2013.6493150684933,3.126,0.09377999999999999
2013.6520547945206,3.222,0.09666
2013.654794520548,3.123,0.09369000000000001
2013.6575342465753,3.211,0.09633
2013.6602739726027,3.306,0.09918
2013.66301369863,3.168,0.09504
2013.6657534246576,3.176,0.09528
2013.6712328767123,3.185,0.09555
2013.676712328767,3.133,0.09398999999999999
2013.682191780822,3.135,0.09405
2013.6849315068494,3.087,0.09261
2013.6876712328767,3.123,0.09369000000000001
2013.690410958904,3.129,0.09387
2013.6931506849314,3.072,0.09215999999999999
2013.695890410959,3.098,0.09294
2013.6986301369864,3.086,0.09258
2013.7013698630137,3.022,0.09065999999999999
2013.7150684931507,3.06,0.09179999999999999
2013.786301369863,2.927,0.08781
2013.7890410958903,2.96,0.08879999999999999
2013.7972602739726,2.942,0.08826
2013.8,2.896,0.08688
2013.8027397260273,2.915,0.08745
2013.805479452055,2.9,0.087
2013.8082191780823,2.926,0.08778
2013.8109589041096,2.873,0.08619
2013.813698630137,2.918,0.08754
2013.8164383561643,2.874,0.08622
2013.8191780821917,2.834,0.08502
2013.8219178082193,2.895,0.08685
2013.8246575342466,2.926,0.08778
2013.827397260274,2.871,0.08613
2013.8301369863013,2.883,0.08649
2013.8328767123287,2.834,0.08502
2013.835616438356,2.817,0.08451
2013.8383561643836,2.835,0.08505
2013.841095890411,2.837,0.08511
2013.8438356164384,2.839,0.08517
2013.8465753424657,2.846,0.08538
2013.849315068493,2.85,0.08549999999999999
2013.8520547945207,2.797,0.08391
2013.854794520548,2.821,0.08463
2013.8575342465754,2.819,0.08456999999999999
2013.8602739726027,2.971,0.08913
2013.8657534246574,2.811,0.08432999999999999
2013.868493150685,2.797,0.08391
2013.876712328767,2.825,0.08475
2013.8794520547945,2.784,0.08352
2013.8821917808218,2.851,0.08553
2013.8849315068494,2.726,0.08177999999999999
2013.8876712328768,2.688,0.08064
2013.890410958904,2.836,0.08507999999999999
2013.8931506849315,2.853,0.08559
2013.8958904109588,2.786,0.08358
2013.8986301369864,2.805,0.08415
2013.9013698630138,2.746,0.08238
2013.9068493150685,2.797,0.08391
2013.9095890410958,2.875,0.08625
2013.9123287671232,2.753,0.08259
2013.9150684931508,2.943,0.08829
2013.9178082191781,2.828,0.08484
2013.9232876712329,2.719,0.08156999999999999
2013.9260273972602,2.852,0.08556
2013.9287671232876,2.763,0.08288999999999999
2013.9315068493152,2.679,0.08037
2013.9342465753425,2.797,0.08391
2013.9369863013699,2.722,0.08166
2013.9397260273972,2.849,0.08547
2013.9561643835616,2.778,0.08334
2013.9808219178083,2.726,0.08177999999999999
2013.9835616438356,2.75,0.08249999999999999
2013.986301369863,2.797,0.08391
2013.9890410958903,2.771,0.08313
2013.9917808219177,2.8,0.08399999999999999
2013.9945205479453,2.706,0.08118
2014.0027397260274,2.789,0.08367
2014.0054794520547,2.706,0.08118
2014.0082191780823,2.721,0.08163
2014.0109589041097,2.682,0.08045999999999999
2014.013698630137,2.717,0.08151
2014.013698630137,2.549,0.07647
2014.0164383561644,2.831,0.08492999999999999
2014.0164383561644,2.566,0.07697999999999999
2014.0191780821917,2.732,0.08196
2014.0191780821917,2.722,0.08166
2014.021917808219,2.54,0.0762
2014.027397260274,2.575,0.07725
2014.0301369863014,2.76,0.08279999999999998
2014.035616438356,2.747,0.08241
2014.0383561643835,2.569,0.07707
2014.041095890411,2.566,0.07697999999999999
2014.0438356164384,2.786,0.08358
2014.0465753424658,2.723,0.08169
2014.0493150684931,2.728,0.08184000000000001
2014.054794520548,2.768,0.08303999999999999
2014.0575342465754,2.619,0.07857
2014.0602739726028,2.685,0.08055
2014.0630136986301,2.571,0.07713
2014.0657534246575,2.733,0.08199
2014.0684931506848,2.801,0.08403000000000001
2014.0739726027398,2.705,0.08115
2014.0767123287671,2.69,0.0807
2014.0794520547945,2.711,0.08133
2014.0849315068492,2.667,0.08001
2014.0931506849315,2.587,0.07761
2014.0958904109589,2.616,0.07848
2014.0986301369862,2.606,0.07818
2014.1013698630136,2.605,0.07815
2014.1041095890412,2.614,0.07841999999999999
2014.1068493150685,2.682,0.08045999999999999
2014.1123287671232,2.653,0.07959
2014.1123287671232,2.787,0.08360999999999999
2014.1150684931506,2.695,0.08084999999999999
2014.1150684931506,2.677,0.08030999999999999
2014.1178082191782,2.563,0.07689
2014.1260273972603,2.71,0.0813
2014.131506849315,2.646,0.07937999999999999
2014.1342465753426,2.549,0.07647
2014.1424657534246,2.671,0.08012999999999999
2014.150684931507,2.633,0.07898999999999999
2014.158904109589,2.492,0.07476
2014.1698630136987,2.565,0.07694999999999999
2014.1753424657534,2.58,0.0774
2014.1780821917807,2.554,0.07662
2014.1808219178083,2.597,0.07791
2014.1835616438357,2.522,0.07565999999999999
2014.186301369863,2.604,0.07812
2014.1917808219177,2.556,0.07668
2014.194520547945,2.56,0.0768
2014.1972602739727,2.569,0.07707
2014.2,2.526,0.07577999999999999
2014.2027397260274,2.552,0.07656
2014.2082191780821,2.58,0.0774
2014.2109589041097,2.582,0.07745999999999999
2014.213698630137,2.499,0.07497
2014.2164383561644,2.589,0.07767
2014.2191780821918,2.555,0.07665
2014.2219178082191,2.635,0.07905
2014.227397260274,2.581,0.07743
2014.2301369863014,2.576,0.07728
2014.2328767123288,2.511,0.07533
2014.2356164383561,2.542,0.07626
2014.2383561643835,2.537,0.07611
2014.2410958904109,2.553,0.07658999999999999
2014.2438356164384,2.499,0.07497
2014.2465753424658,2.561,0.07683
2014.2493150684932,2.551,0.07653
2014.2547945205479,2.588,0.07764
2014.2575342465752,2.569,0.07707
2014.2602739726028,2.591,0.07773000000000001
2014.268493150685,2.541,0.07622999999999999
2014.2712328767122,2.582,0.07745999999999999
2014.2739726027398,2.555,0.07665
2014.2767123287672,2.548,0.07644
2014.2794520547945,2.588,0.07764
2014.2849315068493,2.565,0.07694999999999999
2014.2876712328766,2.581,0.07743
2014.2904109589042,2.56,0.0768
2014.2931506849316,2.599,0.07797
2014.295890410959,2.581,0.07743
2014.2986301369863,2.535,0.07605
2014.3123287671233,2.561,0.07683
2014.3150684931506,2.603,0.07809
2014.3205479452056,2.585,0.07755
2014.323287671233,2.594,0.07781999999999999
2014.3260273972603,2.633,0.07898999999999999
2014.3287671232877,2.583,0.07749
2014.331506849315,2.638,0.07913999999999999
2014.33698630137,2.555,0.07665
2014.3397260273973,2.672,0.08016
2014.3424657534247,2.777,0.08331
2014.3479452054794,2.577,0.07730999999999999
2014.3506849315067,2.679,0.08037
2014.3534246575343,2.693,0.08079
2014.358904109589,2.711,0.08133
2014.3616438356164,2.82,0.0846
2014.3698630136987,2.71,0.0813
2014.372602739726,2.666,0.07998
2014.386301369863,2.772,0.08315999999999998
2014.3890410958904,2.747,0.08241
2014.4,2.722,0.08166
2014.4027397260274,2.715,0.08145
2014.4054794520548,2.734,0.08202
2014.4082191780822,2.819,0.08456999999999999
2014.4109589041095,2.748,0.08244
2014.4164383561645,2.841,0.08523
2014.4191780821918,2.921,0.08762999999999999
2014.4219178082192,2.83,0.0849
2014.4246575342465,2.779,0.08337
2014.427397260274,2.834,0.08502
2014.4301369863015,2.831,0.08492999999999999
2014.4328767123288,2.814,0.08442
2014.4356164383562,2.831,0.08492999999999999
2014.4383561643835,2.767,0.08301
2014.441095890411,2.86,0.08579999999999999
2014.4465753424658,2.812,0.08435999999999999
2014.4493150684932,2.821,0.08463
2014.4520547945206,2.837,0.08511
2014.454794520548,2.872,0.08615999999999999
2014.4575342465753,2.791,0.08373
2014.4602739726026,2.8,0.08399999999999999
2014.4630136986302,2.771,0.08313
2014.4657534246576,2.76,0.08279999999999998
2014.468493150685,2.724,0.08172
2014.4712328767123,2.813,0.08439
2014.4739726027397,2.777,0.08331
2014.4767123287672,2.78,0.08339999999999999
2014.4794520547946,2.753,0.08259
2014.482191780822,2.78,0.08339999999999999
2014.4849315068493,2.812,0.08435999999999999
2014.4876712328767,2.751,0.08252999999999999
2014.490410958904,2.741,0.08223
2014.4931506849316,2.761,0.08283
2014.495890410959,2.772,0.08315999999999998
2014.4986301369863,2.689,0.08067
2014.5013698630137,2.647,0.07941
2014.504109589041,2.888,0.08664
2014.509589041096,2.684,0.08052000000000001
2014.5123287671233,2.748,0.08244
2014.5150684931507,2.753,0.08259
2014.5205479452054,2.748,0.08244
2014.5232876712328,2.677,0.08030999999999999
2014.5260273972603,2.722,0.08166
2014.5287671232877,2.732,0.08196
2014.531506849315,2.612,0.07836
2014.5342465753424,2.708,0.08124
2014.5369863013698,2.744,0.08232
2014.5397260273974,2.756,0.08267999999999999
2014.5424657534247,2.717,0.08151
2014.545205479452,2.73,0.0819
2014.5479452054794,2.669,0.08007
2014.5506849315068,2.733,0.08199
2014.5534246575342,2.667,0.08001
2014.5561643835617,2.696,0.08088000000000001
2014.558904109589,2.7,0.081
2014.5616438356165,2.763,0.08288999999999999
2014.5643835616438,2.701,0.08103
2014.5671232876712,2.756,0.08267999999999999
2014.5698630136985,2.708,0.08124
2014.572602739726,2.738,0.08213999999999999
2014.5753424657535,2.706,0.08118
2014.5780821917808,2.666,0.07998
2014.5808219178082,2.672,0.08016
2014.5835616438355,2.63,0.0789
2014.5863013698631,2.666,0.07998
2014.5890410958905,2.689,0.08067
2014.5972602739726,2.752,0.08256
2014.6,2.672,0.08016
2014.6027397260275,2.625,0.07875
2014.6054794520549,2.627,0.07880999999999999
2014.6082191780822,2.617,0.07851
2014.6109589041096,2.737,0.08211
2014.613698630137,2.714,0.08141999999999999
2014.6164383561643,2.706,0.08118
2014.6219178082192,2.798,0.08394
2014.6356164383562,2.891,0.08673
2014.6383561643836,2.712,0.08136
2014.6465753424657,2.801,0.08403000000000001
2014.6493150684933,2.855,0.08564999999999999
2014.6520547945206,2.649,0.07947
2014.654794520548,2.703,0.08109
2014.6575342465753,2.96,0.08879999999999999
2014.6602739726027,2.814,0.08442
2014.6657534246576,2.971,0.08913
2014.668493150685,2.666,0.07998
2014.6712328767123,2.839,0.08517
2014.6739726027397,2.734,0.08202
2014.676712328767,2.853,0.08559
2014.6794520547944,2.762,0.08286
2014.7013698630137,2.703,0.08109
2014.7095890410958,2.876,0.08628
2014.7205479452055,2.882,0.08646
2014.7232876712328,3.051,0.09153
2014.7260273972602,2.933,0.08798999999999998
2014.7342465753425,2.964,0.08892
2014.7369863013698,2.936,0.08807999999999999
2014.7424657534248,2.895,0.08685
2014.7452054794521,2.892,0.08675999999999999
2014.7479452054795,3.004,0.09011999999999999
2014.7506849315068,2.924,0.08771999999999999
2014.7534246575342,2.906,0.08718000000000001
2014.7561643835616,2.928,0.08784
2014.7589041095891,3.0,0.09
2014.7616438356165,2.87,0.0861
2014.7643835616439,2.907,0.08721
2014.7698630136986,2.937,0.08811
2014.772602739726,2.835,0.08505
2014.7780821917809,2.892,0.08675999999999999
2014.7835616438356,2.929,0.08786999999999999
2014.7890410958903,3.015,0.09045
2014.7945205479452,2.979,0.08937
2014.8027397260273,3.144,0.09432
2014.805479452055,3.101,0.09303
2014.8082191780823,3.006,0.09018
2014.813698630137,3.017,0.09051
2014.8164383561643,3.072,0.09215999999999999
2014.8191780821917,3.126,0.09377999999999999
2014.8219178082193,3.061,0.09183
2014.8246575342466,3.021,0.09062999999999999
2014.8383561643836,3.004,0.09011999999999999
2014.841095890411,3.027,0.09081
2014.8465753424657,3.126,0.09377999999999999
2014.849315068493,2.96,0.08879999999999999
2014.8520547945207,3.018,0.09054
2014.854794520548,3.032,0.09096
2014.8712328767124,2.913,0.08739
2014.8739726027397,2.943,0.08829
2014.8794520547945,2.944,0.08832
2014.8821917808218,2.92,0.0876
2014.8849315068494,2.915,0.08745
2014.8876712328768,2.927,0.08781
2014.890410958904,2.904,0.08711999999999999
2014.8931506849315,2.869,0.08607000000000001
2014.8958904109588,2.865,0.08595
2014.8986301369864,2.97,0.0891
2014.9013698630138,2.909,0.08726999999999999
2014.9041095890411,2.933,0.08798999999999998
2014.9095890410958,2.948,0.08843999999999999
2014.9123287671232,2.952,0.08856
2014.9178082191781,2.968,0.08904
2014.9232876712329,2.818,0.08454
2014.9260273972602,2.815,0.08445
2014.9287671232876,2.794,0.08381999999999999
2014.9315068493152,2.829,0.08487
2014.9369863013699,2.864,0.08592
2014.9424657534246,2.857,0.08571000000000001
2014.945205479452,2.827,0.08481
2014.9479452054795,2.839,0.08517
2014.9561643835616,2.777,0.08331
2014.958904109589,2.749,0.08247
2014.9616438356165,2.757,0.08271
2014.964383561644,2.783,0.08349
2014.9671232876713,2.769,0.08307
2014.9698630136986,2.827,0.08481
2014.9753424657533,2.711,0.08133
2014.978082191781,2.804,0.08411999999999999
2014.9808219178083,2.784,0.08352
2014.9835616438356,2.802,0.08406
2014.986301369863,2.758,0.08274
2014.9945205479453,2.756,0.08267999999999999
2015.0027397260274,2.775,0.08324999999999999
2015.0054794520547,2.692,0.08076
2015.0082191780823,2.737,0.08211
2015.0109589041097,2.712,0.08136
2015.0191780821917,2.733,0.08199
2015.021917808219,2.701,0.08103
2015.0246575342467,2.787,0.08360999999999999
2015.027397260274,2.676,0.08028
2015.0328767123287,2.817,0.08451
2015.035616438356,2.811,0.08432999999999999
2015.0383561643835,2.585,0.07755
2015.041095890411,2.647,0.07941
2015.0438356164384,2.703,0.08109
2015.0465753424658,2.758,0.08274
2015.0520547945205,2.749,0.08247
2015.054794520548,2.703,0.08109
2015.0575342465754,2.684,0.08052000000000001
2015.0602739726028,2.673,0.08019
2015.0630136986301,2.65,0.0795
2015.0657534246575,2.668,0.08004
2015.0712328767124,2.635,0.07905
2015.0739726027398,2.613,0.07839
2015.0767123287671,2.619,0.07857
2015.0794520547945,2.62,0.0786
2015.0821917808219,2.659,0.07977
2015.0849315068492,2.707,0.08120999999999999
2015.0958904109589,2.671,0.08012999999999999
2015.0986301369862,2.689,0.08067
2015.1013698630136,2.705,0.08115
2015.1041095890412,2.666,0.07998
2015.109589041096,2.676,0.08028
2015.1123287671232,2.662,0.07986
2015.1178082191782,2.661,0.07983
2015.1205479452055,2.637,0.07911
2015.123287671233,2.666,0.07998
2015.1287671232876,2.691,0.08073
2015.131506849315,2.671,0.08012999999999999
2015.1397260273973,2.679,0.08037
2015.1424657534246,2.653,0.07959
2015.145205479452,2.678,0.08034
2015.150684931507,2.699,0.08096999999999999
2015.1534246575343,2.633,0.07898999999999999
2015.1561643835616,2.625,0.07875
2015.158904109589,2.574,0.07722
2015.1616438356164,2.689,0.08067
2015.1698630136987,2.63,0.0789
2015.172602739726,2.723,0.08169
2015.1753424657534,2.752,0.08256
2015.1780821917807,2.628,0.07884000000000001
2015.1808219178083,2.659,0.07977
2015.1835616438357,2.639,0.07916999999999999
2015.1890410958904,2.602,0.07805999999999999
2015.1917808219177,2.591,0.07773000000000001
2015.194520547945,2.804,0.08411999999999999
2015.1972602739727,2.552,0.07656
2015.2,2.615,0.07845
2015.2054794520548,2.699,0.08096999999999999
2015.2082191780821,2.661,0.07983
2015.2109589041097,2.688,0.08064
2015.213698630137,2.66,0.0798
2015.2191780821918,2.728,0.08184000000000001
2015.2246575342465,2.669,0.08007
2015.2301369863014,2.752,0.08256
2015.2328767123288,2.699,0.08096999999999999
2015.2356164383561,2.647,0.07941
2015.2383561643835,2.674,0.08022
2015.2410958904109,2.692,0.08076
2015.2438356164384,2.649,0.07947
2015.2465753424658,2.648,0.07944
2015.2493150684932,2.662,0.07986
2015.2520547945205,2.611,0.07833
2015.2547945205479,2.728,0.08184000000000001
2015.2602739726028,2.586,0.07758
2015.2630136986302,2.559,0.07677
2015.2657534246575,2.586,0.07758
2015.268493150685,2.688,0.08064
2015.2794520547945,2.565,0.07694999999999999
2015.282191780822,2.567,0.07701000000000001
2015.2849315068493,2.687,0.08060999999999999
2015.2876712328766,2.596,0.07788
2015.2904109589042,2.656,0.07968
2015.295890410959,2.638,0.07913999999999999
2015.3013698630136,2.692,0.08076
2015.3068493150686,2.672,0.08016
2015.309589041096,2.659,0.07977
2015.3123287671233,2.647,0.07941
2015.3150684931506,2.724,0.08172
2015.3260273972603,2.719,0.08156999999999999
2015.3287671232877,2.645,0.07935
2015.3342465753424,2.645,0.07935
2015.33698630137,2.634,0.07901999999999999
2015.3424657534247,2.642,0.07926
2015.3479452054794,2.635,0.07905
2015.3506849315067,2.62,0.0786
2015.3534246575343,2.67,0.08009999999999999
2015.358904109589,2.625,0.07875
2015.3616438356164,2.637,0.07911
2015.3643835616438,2.638,0.07913999999999999
2015.3671232876711,2.522,0.07565999999999999
2015.3753424657534,2.459,0.07377
2015.3808219178081,2.477,0.07430999999999999
2015.3917808219178,2.615,0.07845
2015.3945205479451,2.667,0.08001
2015.3972602739725,2.504,0.07511999999999999
2015.4,2.664,0.07992
2015.4027397260274,2.654,0.07962
2015.4082191780822,2.603,0.07809
2015.4109589041095,2.499,0.07497
2015.4136986301369,2.458,0.07374
2015.4164383561645,2.645,0.07935
2015.4191780821918,2.469,0.07407
2015.4246575342465,2.586,0.07758
2015.427397260274,2.549,0.07647
2015.4301369863015,2.636,0.07908
2015.4328767123288,2.677,0.08030999999999999
2015.4356164383562,2.42,0.0726
2015.4383561643835,2.45,0.0735
2015.441095890411,2.476,0.07428
2015.4438356164383,2.556,0.07668
2015.4465753424658,2.517,0.07551
2015.4493150684932,2.508,0.07524
2015.454794520548,2.561,0.07683
2015.4575342465753,2.543,0.07629
2015.4630136986302,2.527,0.07581
2015.468493150685,2.501,0.07503
2015.4712328767123,2.521,0.07562999999999999
2015.4739726027397,2.514,0.07541999999999999
2015.4767123287672,2.5,0.075
2015.482191780822,2.546,0.07637999999999999
2015.4849315068493,2.508,0.07524
2015.490410958904,2.511,0.07533
2015.4931506849316,2.386,0.07158
2015.495890410959,2.464,0.07392
2015.4986301369863,2.468,0.07404
2015.5013698630137,2.44,0.0732
2015.504109589041,2.489,0.07467
2015.5068493150684,2.527,0.07581
2015.509589041096,2.453,0.07358999999999999
2015.5123287671233,2.466,0.07398
2015.5150684931507,2.439,0.07317
2015.517808219178,2.467,0.07401
2015.5205479452054,2.453,0.07358999999999999
2015.5232876712328,2.423,0.07269
2015.5260273972603,2.451,0.07353
2015.5287671232877,2.421,0.07262999999999999
2015.531506849315,2.424,0.07271999999999999
2015.5342465753424,2.418,0.07254000000000001
2015.5369863013698,2.431,0.07293
2015.5397260273974,2.305,0.06915
2015.5424657534247,2.413,0.07239
2015.545205479452,2.367,0.07101
2015.5479452054794,2.404,0.07211999999999999
2015.5506849315068,2.377,0.07130999999999998
2015.5534246575342,2.413,0.07239
2015.5561643835617,2.377,0.07130999999999998
2015.558904109589,2.375,0.07125
2015.5616438356165,2.365,0.07095
2015.5643835616438,2.339,0.07017
2015.5671232876712,2.368,0.07103999999999999
2015.5698630136985,2.383,0.07149
2015.572602739726,2.342,0.07026
2015.5753424657535,2.412,0.07236
2015.5780821917808,2.371,0.07113
2015.5808219178082,2.332,0.06996
2015.5835616438355,2.333,0.06999
2015.5863013698631,2.366,0.07098
2015.5890410958905,2.325,0.06975
2015.5917808219178,2.338,0.07014
2015.5945205479452,2.282,0.06846
2015.5972602739726,2.362,0.07086
2015.6,2.365,0.07095
2015.6027397260275,2.31,0.0693
2015.6054794520549,2.292,0.06875999999999999
2015.6082191780822,2.326,0.06978
2015.6109589041096,2.345,0.07035000000000001
2015.613698630137,2.352,0.07056
2015.6164383561643,2.354,0.07062
2015.6191780821919,2.329,0.06987
2015.6219178082192,2.333,0.06999
2015.6246575342466,2.319,0.06956999999999999
2015.627397260274,2.408,0.07224
2015.6301369863013,2.363,0.07089
2015.6328767123289,2.353,0.07059
2015.6356164383562,2.349,0.07047
2015.6383561643836,2.374,0.07122
2015.641095890411,2.303,0.06909
2015.6465753424657,2.311,0.06932999999999999
2015.6520547945206,2.385,0.07154999999999999
2015.654794520548,2.236,0.06708
2015.6575342465753,2.33,0.0699
2015.6602739726027,2.352,0.07056
2015.66301369863,2.356,0.07067999999999999
2015.6657534246576,2.36,0.07079999999999999
2015.668493150685,2.319,0.06956999999999999
2015.6712328767123,2.295,0.06885
2015.6739726027397,2.287,0.06860999999999999
2015.676712328767,2.318,0.06954
2015.6794520547944,2.287,0.06860999999999999
2015.682191780822,2.302,0.06906
2015.6849315068494,2.344,0.07032
2015.6876712328767,2.308,0.06924
2015.690410958904,2.319,0.06956999999999999
2015.695890410959,2.407,0.07221
2015.6986301369864,2.326,0.06978
2015.7013698630137,2.32,0.0696
2015.704109589041,2.283,0.06849
2015.7068493150684,2.305,0.06915
2015.7150684931507,2.45,0.0735
2015.717808219178,2.343,0.07028999999999999
2015.7205479452055,2.304,0.06911999999999999
2015.7260273972602,2.325,0.06975
2015.7287671232878,2.32,0.0696
2015.731506849315,2.316,0.06947999999999999
2015.7342465753425,2.352,0.07056
2015.7369863013698,2.317,0.06951
2015.7397260273972,2.32,0.0696
2015.7424657534248,2.323,0.06969
2015.7452054794521,2.307,0.06921
2015.7479452054795,2.291,0.06873
2015.7506849315068,2.43,0.0729
2015.7534246575342,2.304,0.06911999999999999
2015.7561643835616,2.34,0.0702
2015.7589041095891,2.359,0.07077
2015.7616438356165,2.318,0.06954
2015.7671232876712,2.368,0.07103999999999999
2015.7698630136986,2.363,0.07089
2015.772602739726,2.326,0.06978
2015.7753424657535,2.377,0.07130999999999998
2015.7780821917809,2.343,0.07028999999999999
2015.7808219178082,2.284,0.06852
2015.8027397260273,2.371,0.07113
2015.805479452055,2.396,0.07188
2015.8082191780823,2.384,0.07152
2015.8109589041096,2.397,0.07190999999999999
2015.813698630137,2.433,0.07298999999999999
2015.8164383561643,2.333,0.06999
2015.8191780821917,2.345,0.07035000000000001
2015.8219178082193,2.371,0.07113
2015.8246575342466,2.372,0.07115999999999999
2015.841095890411,2.236,0.06708
2015.849315068493,2.276,0.06828
2015.8520547945207,2.371,0.07113
2015.8575342465754,2.388,0.07164
2015.86301369863,2.337,0.07011
2015.868493150685,2.367,0.07101
2015.8739726027397,2.382,0.07146
2015.876712328767,2.349,0.07047
2015.8794520547945,2.352,0.07056
2015.8821917808218,2.331,0.06992999999999999
2015.8849315068494,2.375,0.07125
2015.8876712328768,2.439,0.07317
2015.890410958904,2.247,0.06741
2015.8986301369864,2.396,0.07188
2015.9013698630138,2.344,0.07032
2015.9041095890411,2.375,0.07125
2015.9068493150685,2.363,0.07089
2015.9095890410958,2.365,0.07095
2015.9123287671232,2.423,0.07269
2015.9150684931508,2.377,0.07130999999999998
2015.9205479452055,2.388,0.07164
2015.9232876712329,2.351,0.07053
2015.9260273972602,2.359,0.07077
2015.9287671232876,2.39,0.0717
2015.9369863013699,2.433,0.07298999999999999
2015.9397260273972,2.344,0.07032
2015.9424657534246,2.388,0.07164
2015.945205479452,2.408,0.07224
2015.9479452054795,2.447,0.07341
2015.9534246575342,2.404,0.07211999999999999
2015.9561643835616,2.444,0.07332
2015.958904109589,2.385,0.07154999999999999
2015.9616438356165,2.323,0.06969
2015.964383561644,2.419,0.07257
2015.9698630136986,2.395,0.07185
2015.972602739726,2.452,0.07356
2015.9753424657533,2.435,0.07305
2015.978082191781,2.446,0.07338
2015.9808219178083,2.42,0.0726
2015.986301369863,2.412,0.07236
2015.9917808219177,2.456,0.07368
2015.9972602739726,2.476,0.07428
2016.0027322404371,2.454,0.07362
2016.0054644808743,2.43,0.0729
2016.0081967213114,2.589,0.07767
2016.0109289617487,2.337,0.07011
2016.0136612021859,2.47,0.0741
2016.016393442623,2.51,0.07529999999999999
2016.01912568306,2.423,0.07269
2016.0218579234972,2.468,0.07404
2016.0245901639344,2.457,0.07371
2016.0300546448088,2.449,0.07347
2016.032786885246,2.442,0.07326
2016.0382513661202,2.512,0.07536
2016.0409836065573,2.449,0.07347
2016.0437158469945,2.345,0.07035000000000001
2016.049180327869,2.507,0.07521
2016.051912568306,2.452,0.07356
2016.0546448087432,2.441,0.07322999999999999
2016.0573770491803,2.461,0.07382999999999999
2016.068306010929,2.476,0.07428
2016.0710382513662,2.423,0.07269
2016.0737704918033,2.479,0.07437
2016.0765027322404,2.501,0.07503
2016.0792349726776,2.502,0.07505999999999999
2016.0819672131147,2.449,0.07347
2016.0874316939892,2.548,0.07644
2016.0901639344263,2.503,0.07509
2016.0956284153006,2.547,0.07641
2016.0983606557377,2.521,0.07562999999999999
2016.1065573770493,2.456,0.07368
2016.1092896174864,2.446,0.07338
2016.1120218579235,2.41,0.0723
2016.1147540983607,2.467,0.07401
2016.1174863387978,2.495,0.07485
2016.120218579235,2.498,0.07494
2016.1256830601094,2.484,0.07452
2016.1284153005465,2.5,0.075
2016.1311475409836,2.5,0.075
2016.1338797814208,2.513,0.07539
2016.139344262295,2.523,0.07569000000000001
2016.1420765027322,2.489,0.07467
2016.1502732240438,2.445,0.07335
2016.1530054644809,2.5,0.075
2016.1639344262296,2.469,0.07407
2016.1666666666667,2.446,0.07338
2016.1693989071039,2.48,0.0744
2016.172131147541,2.443,0.07329
2016.1748633879781,2.466,0.07398
2016.1803278688524,2.465,0.07394999999999999
2016.1830601092897,2.571,0.07713
2016.188524590164,2.551,0.07653
2016.191256830601,2.551,0.07653
2016.1939890710382,2.414,0.07242
2016.1967213114754,2.478,0.07434
2016.2021857923498,2.469,0.07407
2016.204918032787,2.501,0.07503
2016.207650273224,2.484,0.07452
2016.2103825136612,2.501,0.07503
2016.2131147540983,2.456,0.07368
2016.2185792349726,2.457,0.07371
2016.22131147541,2.52,0.0756
2016.224043715847,2.517,0.07551
2016.2267759562842,2.489,0.07467
2016.2295081967213,2.611,0.07833
2016.2322404371585,2.48,0.0744
2016.2377049180327,2.503,0.07509
2016.2431693989072,2.541,0.07622999999999999
2016.2459016393443,2.555,0.07665
2016.2486338797814,2.527,0.07581
2016.2513661202186,2.469,0.07407
2016.2540983606557,2.552,0.07656
2016.2568306010928,2.543,0.07629
2016.25956284153,2.57,0.07709999999999999
2016.2622950819673,2.583,0.07749
2016.2650273224044,2.514,0.07541999999999999
2016.2677595628415,2.548,0.07644
2016.2704918032787,2.512,0.07536
2016.2732240437158,2.553,0.07658999999999999
2016.27868852459,2.563,0.07689
2016.2814207650274,2.512,0.07536
2016.2868852459017,2.564,0.07692
2016.2896174863388,2.545,0.07635
2016.292349726776,2.56,0.0768
2016.295081967213,2.571,0.07713
2016.2978142076502,2.547,0.07641
2016.3005464480875,2.644,0.07932
2016.3032786885246,2.511,0.07533
2016.3060109289618,2.538,0.07613999999999999
2016.308743169399,2.565,0.07694999999999999
2016.311475409836,2.552,0.07656
2016.3142076502731,2.553,0.07658999999999999
2016.3169398907103,2.493,0.07479
2016.3196721311476,2.576,0.07728
2016.3224043715848,2.674,0.08022
2016.3251366120219,2.555,0.07665
2016.327868852459,2.59,0.07769999999999999
2016.3306010928961,2.551,0.07653
2016.3333333333333,2.571,0.07713
2016.3360655737704,2.622,0.07866
2016.3387978142077,2.601,0.07803
2016.3415300546449,2.588,0.07764
2016.344262295082,2.558,0.07673999999999999
2016.3497267759562,2.601,0.07803
2016.3524590163934,2.588,0.07764
2016.3551912568305,2.592,0.07776
2016.3579234972678,2.571,0.07713
2016.360655737705,2.545,0.07635
2016.363387978142,2.622,0.07866
2016.3661202185792,2.574,0.07722
2016.3688524590164,2.571,0.07713
2016.3715846994535,2.585,0.07755
2016.3743169398906,2.555,0.07665
2016.377049180328,2.513,0.07539
2016.3825136612022,2.577,0.07730999999999999
2016.3852459016393,2.559,0.07677
2016.3879781420765,2.58,0.0774
2016.3907103825136,2.611,0.07833
2016.396174863388,2.561,0.07683
2016.4016393442623,2.58,0.0774
2016.4071038251366,2.577,0.07730999999999999
2016.4125683060108,2.569,0.07707
2016.4234972677596,2.611,0.07833
2016.4289617486338,2.568,0.07704
2016.4344262295083,2.56,0.0768
2016.4398907103825,2.538,0.07613999999999999
2016.4453551912568,2.554,0.07662
2016.4453551912568,2.66,0.0798
2016.448087431694,2.506,0.07518
2016.4535519125684,2.416,0.07247999999999999
2016.4562841530055,2.519,0.07557
2016.4590163934427,2.492,0.07476
2016.4617486338798,2.546,0.07637999999999999
2016.467213114754,2.531,0.07593
2016.4699453551912,2.502,0.07505999999999999
2016.4726775956285,2.548,0.07644
2016.4754098360656,2.517,0.07551
2016.4781420765028,2.498,0.07494
2016.48087431694,2.5,0.075
2016.483606557377,2.57,0.07709999999999999
2016.4863387978141,2.485,0.07454999999999999
2016.4890710382513,2.486,0.07458000000000001
2016.4918032786886,2.506,0.07518
2016.4945355191257,2.523,0.07569000000000001
2016.4972677595629,2.44,0.0732
2016.5,2.472,0.07415999999999999
2016.5027322404371,2.31,0.0693
2016.5054644808743,2.473,0.07418999999999999
2016.5081967213114,2.445,0.07335
2016.5109289617487,2.477,0.07430999999999999
2016.5136612021859,2.524,0.07572
2016.516393442623,2.458,0.07374
2016.51912568306,2.454,0.07362
2016.5245901639344,2.44,0.0732
2016.5273224043715,2.465,0.07394999999999999
2016.5300546448088,2.458,0.07374
2016.532786885246,2.432,0.07296
2016.535519125683,2.461,0.07382999999999999
2016.5382513661202,2.435,0.07305
2016.5409836065573,2.441,0.07322999999999999
2016.5437158469945,2.276,0.06828
2016.5464480874316,2.435,0.07305
2016.551912568306,2.343,0.07028999999999999
2016.5546448087432,2.345,0.07035000000000001
2016.5573770491803,2.325,0.06975
2016.5601092896175,2.348,0.07043999999999999
2016.5628415300546,2.337,0.07011
2016.5655737704917,2.346,0.07038
2016.568306010929,2.379,0.07137
2016.5710382513662,2.349,0.07047
2016.5737704918033,2.354,0.07062
2016.5765027322404,2.28,0.06839999999999999
2016.5792349726776,2.316,0.06947999999999999
2016.5819672131147,2.297,0.06891
2016.5846994535518,2.354,0.07062
2016.5874316939892,2.291,0.06873
2016.5901639344263,2.294,0.06881999999999999
2016.5956284153006,2.277,0.06831
2016.5983606557377,2.278,0.06834
2016.6010928961748,2.244,0.06732
2016.603825136612,2.249,0.06747
2016.6065573770493,2.251,0.06752999999999999
2016.6092896174864,2.26,0.06779999999999999
2016.6120218579235,2.221,0.06663
2016.6147540983607,2.206,0.06618
2016.620218579235,2.218,0.06654
2016.622950819672,2.212,0.06636
2016.6284153005465,2.215,0.06645
2016.6311475409836,2.189,0.06567
2016.6338797814208,2.186,0.06558
2016.636612021858,2.19,0.0657
2016.639344262295,2.204,0.06612
2016.6420765027322,2.136,0.06408
2016.6448087431695,2.155,0.06464999999999999
2016.6475409836066,2.128,0.06384000000000001
2016.6502732240438,2.168,0.06504
2016.6530054644809,2.172,0.06516
2016.655737704918,2.151,0.06452999999999999
2016.6584699453551,2.127,0.06380999999999999
2016.6612021857923,2.153,0.06459
2016.6639344262296,2.16,0.0648
2016.6693989071039,2.126,0.06377999999999999
2016.672131147541,2.117,0.06351
2016.6748633879781,2.095,0.06285
2016.6775956284152,2.055,0.06165
2016.6803278688524,2.122,0.06366
2016.6830601092897,2.091,0.06273000000000001
2016.6857923497269,2.126,0.06377999999999999
2016.691256830601,2.128,0.06384000000000001
2016.6967213114754,2.138,0.06413999999999999
2016.7021857923498,2.155,0.06464999999999999
2016.707650273224,2.114,0.06341999999999999
2016.7131147540983,2.104,0.06312
2016.7185792349726,2.114,0.06341999999999999
2016.7295081967213,2.069,0.06206999999999999
2016.7349726775956,2.122,0.06366
2016.7459016393443,2.155,0.06464999999999999
2016.7486338797814,2.106,0.06318
2016.7513661202186,2.111,0.06333
2016.7540983606557,2.095,0.06285
2016.7568306010928,2.144,0.06432
2016.75956284153,2.117,0.06351
2016.7622950819673,2.102,0.06305999999999999
2016.7650273224044,2.112,0.06336
2016.7677595628415,2.128,0.06384000000000001
2016.7704918032787,2.131,0.06392999999999999
2016.7732240437158,2.069,0.06206999999999999
2016.775956284153,2.092,0.06276
2016.77868852459,2.056,0.06168
2016.7814207650274,2.067,0.06201
2016.7841530054645,2.104,0.06312
2016.792349726776,2.081,0.06243
2016.795081967213,2.127,0.06380999999999999
2016.7978142076502,2.1,0.063
2016.8005464480875,2.097,0.06291
2016.8060109289618,2.121,0.06362999999999999
2016.811475409836,2.112,0.06336
2016.8142076502731,2.11,0.0633
2016.8169398907103,2.088,0.06264
2016.8196721311476,2.066,0.06197999999999999
2016.8224043715848,2.116,0.06348
2016.8251366120219,2.082,0.062459999999999995
2016.8306010928961,2.072,0.06216
2016.8333333333333,2.083,0.062490000000000004
2016.8360655737704,2.134,0.06402
2016.8387978142077,2.121,0.06362999999999999
2016.8415300546449,2.164,0.06492
2016.844262295082,2.145,0.06435
2016.8469945355191,2.095,0.06285
2016.8551912568305,2.198,0.06594
2016.8579234972678,2.072,0.06216
2016.8661202185792,2.115,0.06345
2016.879781420765,2.124,0.06372
2016.8825136612022,2.028,0.06084
2016.8852459016393,2.031,0.060930000000000005
2016.8934426229507,2.079,0.06237
2016.8989071038252,2.058,0.06173999999999999
2016.9016393442623,2.162,0.06486
2016.9043715846994,2.073,0.062189999999999995
2016.9098360655737,2.093,0.06279
2016.9153005464482,2.14,0.06420000000000001
2016.9207650273224,2.124,0.06372
2016.9289617486338,2.076,0.06228
2016.9344262295083,2.133,0.06398999999999999
2016.9371584699454,2.124,0.06372
2016.9398907103825,2.1,0.063
2016.9426229508197,2.02,0.0606
2016.950819672131,2.092,0.06276
2016.9562841530055,2.11,0.0633
2016.9617486338798,2.069,0.06206999999999999
2016.967213114754,2.112,0.06336
2016.9726775956285,2.085,0.06255
2016.9781420765028,2.047,0.06141
2016.9890710382513,2.085,0.06255
2016.9945355191257,2.076,0.06228
2017.0027397260274,2.069,0.06206999999999999
2017.0054794520547,2.021,0.060629999999999996
2017.0082191780823,2.047,0.06141
2017.0109589041097,2.056,0.06168
2017.013698630137,2.058,0.06173999999999999
2017.0164383561644,2.079,0.06237
2017.0191780821917,1.998,0.05994
2017.0246575342467,1.995,0.05985
2017.027397260274,2.083,0.062490000000000004
2017.0301369863014,2.014,0.060419999999999995
2017.0328767123287,2.013,0.06038999999999999
2017.035616438356,2.063,0.06189
2017.0383561643835,2.099,0.06297
2017.0438356164384,2.068,0.06204
2017.0465753424658,2.081,0.06243
2017.0520547945205,2.078,0.06233999999999999
2017.054794520548,2.093,0.06279
2017.0575342465754,2.103,0.06309000000000001
2017.0630136986301,2.063,0.06189
2017.0657534246575,2.061,0.061829999999999996
2017.0712328767124,2.089,0.06267
2017.0739726027398,2.092,0.06276
2017.0767123287671,2.207,0.06620999999999999
2017.0821917808219,2.161,0.06483
2017.0876712328768,2.149,0.06447
2017.0931506849315,2.124,0.06372
2017.0958904109589,2.1,0.063
2017.1013698630136,2.169,0.06507
2017.1041095890412,2.165,0.06495
2017.1068493150685,2.157,0.06471
2017.1123287671232,2.006,0.06017999999999999
2017.1150684931506,2.213,0.06639
2017.1205479452055,2.165,0.06495
2017.123287671233,2.139,0.06416999999999999
2017.1260273972603,2.194,0.06581999999999999
2017.1287671232876,2.207,0.06620999999999999
2017.131506849315,2.139,0.06416999999999999
2017.1342465753426,2.096,0.06288
2017.1397260273973,2.182,0.06545999999999999
2017.1424657534246,2.156,0.06468
2017.145205479452,2.207,0.06620999999999999
2017.150684931507,2.071,0.062130000000000005
2017.1616438356164,2.122,0.06366
2017.1671232876713,2.084,0.06252
2017.172602739726,2.134,0.06402
2017.1780821917807,2.074,0.06221999999999999
2017.1835616438357,2.073,0.062189999999999995
2017.1890410958904,2.105,0.06315
2017.194520547945,2.178,0.06534
2017.2,2.112,0.06336
2017.2027397260274,2.063,0.06189
2017.2054794520548,2.118,0.06354
2017.2082191780821,2.138,0.06413999999999999
2017.2109589041097,2.101,0.06303
2017.213698630137,2.028,0.06084
2017.2164383561644,2.076,0.06228
2017.2191780821918,2.145,0.06435
2017.2219178082191,2.111,0.06333
2017.2246575342465,2.147,0.06441
2017.227397260274,2.128,0.06384000000000001
2017.2328767123288,2.186,0.06558
2017.2356164383561,2.157,0.06471
2017.2383561643835,2.106,0.06318
2017.2410958904109,2.196,0.06588000000000001
2017.2438356164384,2.127,0.06380999999999999
2017.2493150684932,2.074,0.06221999999999999
2017.2547945205479,2.122,0.06366
2017.2575342465752,2.072,0.06216
2017.2602739726028,2.039,0.06117
2017.2630136986302,2.038,0.06113999999999999
2017.2657534246575,2.028,0.06084
2017.2712328767122,2.128,0.06384000000000001
2017.2739726027398,2.185,0.06555
2017.2767123287672,2.209,0.06627
2017.2794520547945,2.176,0.06528
2017.282191780822,2.171,0.06513
2017.2849315068493,2.226,0.06677999999999999
2017.2876712328766,2.193,0.06579
2017.2904109589042,2.218,0.06654
2017.2931506849316,2.183,0.06548999999999999
2017.3068493150686,2.185,0.06555
2017.3123287671233,2.184,0.06552000000000001
2017.317808219178,2.18,0.0654
2017.323287671233,2.216,0.06648
2017.3287671232877,2.25,0.0675
2017.3342465753424,2.243,0.06728999999999999
2017.3397260273973,2.155,0.06464999999999999
2017.345205479452,2.191,0.06573
2017.3506849315067,2.065,0.06195
2017.358904109589,2.23,0.0669
2017.3616438356164,2.223,0.06669
2017.3643835616438,2.209,0.06627
2017.3671232876711,2.227,0.06681
2017.372602739726,2.199,0.06596999999999999
2017.3753424657534,2.21,0.0663
2017.3835616438357,2.21,0.0663
2017.386301369863,2.21,0.0663
2017.3972602739725,2.172,0.06516
2017.4027397260274,2.139,0.06416999999999999
2017.4082191780822,2.194,0.06581999999999999
2017.4109589041095,2.183,0.06548999999999999
2017.4136986301369,2.223,0.06669
2017.4164383561645,2.189,0.06567
2017.4191780821918,2.174,0.06522
2017.4219178082192,2.189,0.06567
2017.4246575342465,2.197,0.06591
2017.427397260274,2.192,0.06576
2017.4328767123288,2.183,0.06548999999999999
2017.4356164383562,2.183,0.06548999999999999
2017.4383561643835,2.171,0.06513
2017.441095890411,2.186,0.06558
2017.4438356164383,2.187,0.06560999999999999
2017.4465753424658,2.178,0.06534
2017.4520547945206,2.117,0.06351
2017.454794520548,2.191,0.06573
2017.4575342465753,2.174,0.06522
2017.4657534246576,2.171,0.06513
2017.468493150685,2.184,0.06552000000000001
2017.4739726027397,2.219,0.06656999999999999
2017.4767123287672,2.175,0.06524999999999999
2017.482191780822,2.161,0.06483
2017.4849315068493,2.136,0.06408
2017.4876712328767,2.297,0.06891
2017.490410958904,2.165,0.06495
2017.4931506849316,2.274,0.06822
2017.495890410959,2.173,0.06519
2017.4986301369863,2.169,0.06507
2017.5013698630137,2.152,0.06456
2017.5068493150684,2.19,0.0657
2017.509589041096,2.156,0.06468
2017.5123287671233,2.195,0.06584999999999999
2017.5150684931507,2.178,0.06534
2017.517808219178,2.197,0.06591
2017.531506849315,2.18,0.0654
2017.5342465753424,2.195,0.06584999999999999
2017.5369863013698,2.214,0.06641999999999999
2017.5424657534247,2.172,0.06516
2017.545205479452,2.14,0.06420000000000001
2017.5479452054794,2.19,0.0657
2017.5506849315068,2.167,0.06501
2017.5534246575342,2.212,0.06636
2017.5561643835617,2.201,0.06603
2017.558904109589,2.189,0.06567
2017.5616438356165,2.184,0.06552000000000001
2017.5643835616438,2.21,0.0663
2017.5671232876712,2.221,0.06663
2017.5698630136985,2.199,0.06596999999999999
2017.572602739726,2.192,0.06576
2017.5753424657535,2.198,0.06594
2017.5780821917808,2.209,0.06627
2017.5808219178082,2.216,0.06648
2017.5835616438355,2.214,0.06641999999999999
2017.5863013698631,2.224,0.06672
2017.5890410958905,2.196,0.06588000000000001
2017.5917808219178,2.171,0.06513
2017.5945205479452,2.172,0.06516
2017.5972602739726,2.212,0.06636
2017.6,2.277,0.06831
2017.6027397260275,2.238,0.06713999999999999
2017.6054794520549,2.22,0.0666
2017.6082191780822,2.251,0.06752999999999999
2017.6109589041096,2.249,0.06747
2017.613698630137,2.236,0.06708
2017.6164383561643,2.231,0.06692999999999999
2017.6191780821919,2.235,0.06705
2017.6219178082192,2.261,0.06783
2017.6246575342466,2.221,0.06663
2017.627397260274,2.255,0.06764999999999999
2017.6301369863013,2.26,0.06779999999999999
2017.6328767123289,2.271,0.06813
2017.6356164383562,2.285,0.06855
2017.6383561643836,2.289,0.06867
2017.641095890411,2.26,0.06779999999999999
2017.6438356164383,2.284,0.06852
2017.6465753424657,2.286,0.06858
2017.6493150684933,2.257,0.06771
2017.6520547945206,2.297,0.06891
2017.654794520548,2.307,0.06921
2017.6575342465753,2.286,0.06858
2017.6602739726027,2.297,0.06891
2017.6657534246576,2.284,0.06852
2017.668493150685,2.308,0.06924
2017.6712328767123,2.305,0.06915
2017.6739726027397,2.344,0.07032
2017.7260273972602,2.395,0.07185
2017.7287671232878,2.421,0.07262999999999999
2017.731506849315,2.359,0.07077
2017.7342465753425,2.412,0.07236
2017.7369863013698,2.446,0.07338
2017.7397260273972,2.389,0.07167
2017.7424657534248,2.42,0.0726
2017.7452054794521,2.45,0.0735
2017.7479452054795,2.422,0.07266
2017.7506849315068,2.446,0.07338
2017.7534246575342,2.406,0.07218000000000001
2017.7561643835616,2.41,0.0723
2017.7589041095891,2.412,0.07236
2017.7616438356165,2.374,0.07122
2017.7917808219179,2.373,0.07119
2017.8,2.424,0.07271999999999999
2017.8027397260273,2.416,0.07247999999999999
2017.805479452055,2.382,0.07146
2017.8082191780823,2.374,0.07122
2017.8109589041096,2.364,0.07092
2017.813698630137,2.357,0.07071000000000001
2017.8164383561643,2.364,0.07092
2017.8191780821917,2.37,0.0711
2017.8219178082193,2.375,0.07125
2017.8246575342466,2.331,0.06992999999999999
2017.835616438356,2.32,0.0696
2017.8383561643836,2.325,0.06975
2017.841095890411,2.312,0.06935999999999999
2017.8438356164384,2.292,0.06875999999999999
2017.8465753424657,2.328,0.06984
2017.849315068493,2.323,0.06969
2017.8520547945207,2.322,0.06966
2017.854794520548,2.321,0.06963
2017.8575342465754,2.3,0.06899999999999999
2017.8602739726027,2.316,0.06947999999999999
2017.9260273972602,2.259,0.06777
2017.9287671232876,2.255,0.06764999999999999
2017.9315068493152,2.229,0.06687
2017.9342465753425,2.23,0.0669
2017.9369863013699,2.242,0.06726
2017.9397260273972,2.21,0.0663
2017.9424657534246,2.291,0.06873
2017.945205479452,2.214,0.06641999999999999
2017.9479452054795,2.193,0.06579
2017.9506849315069,2.191,0.06573
2017.9534246575342,2.249,0.06747
2017.9561643835616,2.22,0.0666
2017.958904109589,2.179,0.06537
2017.9616438356165,2.219,0.06656999999999999
2017.9698630136986,2.24,0.06720000000000001
2017.972602739726,2.253,0.06759
2017.978082191781,2.261,0.06783
2017.9808219178083,2.144,0.06432
2017.9835616438356,2.185,0.06555
2018.0493150684931,2.175,0.06524999999999999
2018.0520547945205,2.151,0.06452999999999999
2018.054794520548,2.193,0.06579
2018.0602739726028,2.137,0.06411
2018.0630136986301,2.175,0.06524999999999999
2018.0657534246575,2.171,0.06513
2018.0684931506848,2.17,0.06509999999999999
2018.0712328767124,2.127,0.06380999999999999
2018.0739726027398,2.156,0.06468
2018.0794520547945,2.139,0.06416999999999999
2018.0821917808219,2.159,0.06477
2018.0986301369862,2.157,0.06471
2018.1013698630136,2.085,0.06255
2018.1041095890412,2.13,0.0639
2018.1068493150685,2.145,0.06435
2018.109589041096,2.135,0.06405
2018.1123287671232,2.14,0.06420000000000001
2018.1178082191782,2.115,0.06345
2018.1205479452055,2.125,0.06375
2018.123287671233,2.089,0.06267
2018.1260273972603,2.133,0.06398999999999999
2018.1287671232876,2.15,0.0645
2018.131506849315,2.106,0.06318
2018.13698630137,2.103,0.06309000000000001
2018.1397260273973,2.105,0.06315
2018.1424657534246,2.085,0.06255
2018.145205479452,2.112,0.06336
2018.1479452054793,2.102,0.06305999999999999
2018.150684931507,2.115,0.06345
2018.1561643835616,2.151,0.06452999999999999
2018.158904109589,2.061,0.061829999999999996
2018.1780821917807,2.083,0.062490000000000004
2018.1808219178083,2.097,0.06291
2018.1890410958904,2.11,0.0633
2018.1917808219177,2.078,0.06233999999999999
2018.194520547945,2.152,0.06456
2018.1972602739727,2.09,0.06269999999999999
2018.2,2.124,0.06372
2018.2054794520548,2.145,0.06435
2018.2082191780821,2.121,0.06362999999999999
2018.2109589041097,2.121,0.06362999999999999
2018.213698630137,2.142,0.06426
2018.2164383561644,2.104,0.06312
2018.2191780821918,2.096,0.06288
2018.2219178082191,2.156,0.06468
2018.2246575342465,2.072,0.06216
2018.227397260274,2.1,0.063
2018.2301369863014,2.056,0.06168
2018.2328767123288,2.088,0.06264
2018.2356164383561,2.09,0.06269999999999999
2018.2383561643835,2.1,0.063
2018.2438356164384,2.112,0.06336
2018.2465753424658,2.135,0.06405
2018.2493150684932,2.151,0.06452999999999999
2018.2520547945205,2.133,0.06398999999999999
2018.2547945205479,2.107,0.06321
2018.2575342465752,2.121,0.06362999999999999
2018.2602739726028,2.161,0.06483
2018.2630136986302,2.153,0.06459
2018.268493150685,2.161,0.06483
2018.2712328767122,2.131,0.06392999999999999
2018.2739726027398,2.145,0.06435
2018.2767123287672,2.149,0.06447
2018.2794520547945,2.113,0.06339
2018.282191780822,2.16,0.0648
2018.2849315068493,2.182,0.06545999999999999
2018.2876712328766,2.185,0.06555
2018.2904109589042,2.18,0.0654
2018.2931506849316,2.149,0.06447
2018.295890410959,2.185,0.06555
2018.2986301369863,2.145,0.06435
2018.3013698630136,2.138,0.06413999999999999
2018.304109589041,2.164,0.06492
2018.3068493150686,2.185,0.06555
2018.309589041096,2.152,0.06456
2018.3123287671233,2.151,0.06452999999999999
2018.3150684931506,2.168,0.06504
2018.317808219178,2.165,0.06495
2018.3205479452056,2.167,0.06501
2018.323287671233,2.159,0.06477
2018.3260273972603,2.171,0.06513
2018.3287671232877,2.182,0.06545999999999999
2018.331506849315,2.175,0.06524999999999999
2018.3342465753424,2.183,0.06548999999999999
2018.33698630137,2.19,0.0657
2018.3397260273973,2.18,0.0654
2018.3424657534247,2.183,0.06548999999999999
2018.3479452054794,2.092,0.06276
2018.3506849315067,2.196,0.06588000000000001
2018.3534246575343,2.179,0.06537
2018.3561643835617,2.175,0.06524999999999999
2018.358904109589,2.184,0.06552000000000001
2018.3643835616438,2.196,0.06588000000000001
2018.3671232876711,2.196,0.06588000000000001
2018.3698630136987,2.196,0.06588000000000001
2018.4657534246576,2.18,0.0654
2018.468493150685,2.175,0.06524999999999999
2018.4712328767123,2.169,0.06507
2018.4739726027397,2.148,0.06444
2018.4767123287672,2.174,0.06522
2018.4794520547946,2.168,0.06504
2018.482191780822,2.167,0.06501
2018.4849315068493,2.163,0.06488999999999999
2018.4876712328767,2.153,0.06459
2018.490410958904,2.162,0.06486
2018.4931506849316,2.159,0.06477
2018.495890410959,2.139,0.06416999999999999
2018.4986301369863,2.147,0.06441
2018.5013698630137,2.155,0.06464999999999999
2018.504109589041,2.105,0.06315
2018.5068493150684,2.04,0.0612
2018.509589041096,2.156,0.06468
2018.5123287671233,2.144,0.06432
2018.5150684931507,2.131,0.06392999999999999
2018.5260273972603,2.138,0.06413999999999999
2018.5287671232877,2.14,0.06420000000000001
2018.531506849315,2.151,0.06452999999999999
2018.5369863013698,2.134,0.06402
2018.5397260273974,2.126,0.06377999999999999
2018.5424657534247,2.135,0.06405
2018.545205479452,2.121,0.06362999999999999
2018.5479452054794,2.15,0.0645
2018.5561643835617,2.135,0.06405
2018.558904109589,2.127,0.06380999999999999
2018.5616438356165,2.138,0.06413999999999999
2018.5643835616438,2.107,0.06321
2018.5671232876712,2.126,0.06377999999999999
2018.5698630136985,2.164,0.06492
2018.572602739726,2.144,0.06432
2018.5753424657535,2.118,0.06354
2018.5780821917808,2.126,0.06377999999999999
2018.5808219178082,2.146,0.06437999999999999
2018.5835616438355,2.142,0.06426
2018.5863013698631,2.141,0.06423
2018.5890410958905,2.139,0.06416999999999999
2018.5917808219178,2.164,0.06492
2018.5945205479452,2.146,0.06437999999999999
2018.5972602739726,2.145,0.06435
2018.6,2.147,0.06441
2018.6027397260275,2.151,0.06452999999999999
2018.6054794520549,2.122,0.06366
2018.6082191780822,2.151,0.06452999999999999
2018.6109589041096,2.148,0.06444
2018.613698630137,2.162,0.06486
2018.6164383561643,2.155,0.06464999999999999
2018.6191780821919,2.178,0.06534
2018.6219178082192,2.182,0.06545999999999999
2018.6328767123289,2.171,0.06513
2018.6356164383562,2.176,0.06528
2018.6383561643836,2.161,0.06483
2018.641095890411,2.163,0.06488999999999999
2018.6438356164383,2.194,0.06581999999999999
2018.6465753424657,2.176,0.06528
2018.6493150684933,2.173,0.06519
2018.6520547945206,2.174,0.06522
2018.654794520548,2.185,0.06555
2018.6575342465753,2.184,0.06552000000000001
2018.6602739726027,2.189,0.06567
2018.66301369863,2.198,0.06594
2018.8082191780823,2.199,0.06596999999999999
2018.8109589041096,2.165,0.06495
2018.8164383561643,2.13,0.0639
2018.8191780821917,2.21,0.0663
2018.8219178082193,2.225,0.06675
2018.8246575342466,2.224,0.06672
2018.827397260274,2.229,0.06687
2018.8301369863013,2.214,0.06641999999999999
2018.8328767123287,2.181,0.06543
2018.835616438356,2.173,0.06519
2018.8383561643836,2.186,0.06558
2018.841095890411,2.178,0.06534
2018.8438356164384,2.195,0.06584999999999999
2018.849315068493,2.215,0.06645
2018.8520547945207,2.173,0.06519
2018.854794520548,2.199,0.06596999999999999
2018.8575342465754,2.194,0.06581999999999999
2018.8602739726027,2.201,0.06603
2018.86301369863,2.179,0.06537
2018.8657534246574,2.183,0.06548999999999999
2018.868493150685,2.186,0.06558
2018.8712328767124,2.185,0.06555
2018.8739726027397,2.182,0.06545999999999999
2018.876712328767,2.182,0.06545999999999999
2018.8794520547945,2.17,0.06509999999999999
2018.8821917808218,2.165,0.06495
2018.8849315068494,2.099,0.06297
2018.8876712328768,2.19,0.0657
2018.890410958904,2.175,0.06524999999999999
2018.8931506849315,2.169,0.06507
2018.8958904109588,2.155,0.06464999999999999
2018.9013698630138,2.088,0.06264
2018.9041095890411,2.151,0.06452999999999999
2018.9068493150685,2.163,0.06488999999999999
2018.9095890410958,2.172,0.06516
2018.9123287671232,2.181,0.06543
2018.964383561644,2.197,0.06591
2018.9671232876713,2.173,0.06519
2018.9698630136986,2.156,0.06468
2018.972602739726,2.164,0.06492
2018.9753424657533,2.169,0.06507
2018.9808219178083,2.139,0.06416999999999999
2018.986301369863,2.145,0.06435
2018.9890410958903,2.164,0.06492
2018.9917808219177,2.171,0.06513
2018.9945205479453,2.155,0.06464999999999999
2019.0027397260274,2.119,0.06357
2019.0054794520547,2.198,0.06594
2019.0082191780823,2.139,0.06416999999999999
2019.0109589041097,2.148,0.06444
2019.013698630137,2.155,0.06464999999999999
2019.0164383561644,2.159,0.06477
2019.0191780821917,2.148,0.06444
2019.0246575342467,2.169,0.06507
2019.027397260274,2.129,0.06387
2019.0301369863014,2.136,0.06408
2019.0328767123287,2.189,0.06567
2019.0383561643835,2.096,0.06288
2019.041095890411,2.195,0.06584999999999999
2019.0438356164384,2.247,0.06741
2019.0465753424658,2.18,0.0654
2019.0493150684931,2.147,0.06441
2019.0520547945205,2.168,0.06504
2019.0575342465754,2.135,0.06405
2019.0602739726028,2.136,0.06408
2019.0630136986301,2.129,0.06387
2019.0657534246575,2.179,0.06537
2019.0684931506848,2.134,0.06402
2019.0712328767124,2.171,0.06513
2019.0767123287671,2.153,0.06459
2019.0794520547945,2.126,0.06377999999999999
2019.0821917808219,2.192,0.06576
2019.0849315068492,2.138,0.06413999999999999
2019.0876712328768,2.117,0.06351
2019.0904109589042,2.142,0.06426
2019.0958904109589,2.135,0.06405
2019.0986301369862,2.159,0.06477
2019.1013698630136,2.128,0.06384000000000001
2019.1041095890412,2.144,0.06432
2019.1068493150685,2.164,0.06492
2019.109589041096,2.133,0.06398999999999999
2019.1150684931506,2.142,0.06426
2019.1178082191782,2.15,0.0645
2019.1205479452055,2.129,0.06387
2019.123287671233,2.144,0.06432
2019.1287671232876,2.137,0.06411
2019.1342465753426,2.115,0.06345
2019.1397260273973,2.099,0.06297
2019.145205479452,2.119,0.06357
2019.150684931507,2.133,0.06398999999999999
2019.1561643835616,2.135,0.06405
2019.164383561644,2.104,0.06312
2019.1671232876713,2.123,0.06369000000000001
2019.1698630136987,2.115,0.06345
2019.172602739726,2.153,0.06459
2019.1753424657534,2.108,0.06324
2019.1808219178083,2.137,0.06411
2019.1835616438357,2.144,0.06432
2019.186301369863,2.135,0.06405
2019.1890410958904,2.139,0.06416999999999999
2019.1917808219177,2.115,0.06345
2019.194520547945,2.1,0.063
2019.1972602739727,2.104,0.06312
2019.2,2.114,0.06341999999999999
2019.2027397260274,2.112,0.06336
2019.2054794520548,2.1,0.063
2019.2082191780821,2.08,0.0624
2019.2109589041097,1.982,0.05946
2019.213698630137,1.975,0.05925
2019.2164383561644,2.005,0.060149999999999995
2019.2219178082191,2.008,0.060239999999999995
2019.2246575342465,2.127,0.06380999999999999
2019.2410958904109,2.135,0.06405
2019.2438356164384,2.123,0.06369000000000001
2019.2465753424658,2.141,0.06423
2019.2712328767122,2.139,0.06416999999999999
2019.2739726027398,2.089,0.06267
2019.2767123287672,2.089,0.06267
2019.2931506849316,2.135,0.06405
2019.3013698630136,2.116,0.06348
2019.304109589041,2.091,0.06273000000000001
2019.3068493150686,2.108,0.06324
2019.309589041096,2.085,0.06255
2019.3123287671233,2.094,0.06281999999999999
2019.3150684931506,2.073,0.062189999999999995
2019.317808219178,2.096,0.06288
2019.3205479452056,2.055,0.06165
2019.323287671233,2.068,0.06204
2019.3260273972603,2.085,0.06255
2019.3287671232877,2.057,0.061709999999999994
2019.331506849315,2.085,0.06255
2019.33698630137,2.042,0.061259999999999995
2019.3397260273973,2.073,0.062189999999999995
2019.3424657534247,2.04,0.0612
2019.345205479452,2.093,0.06279
2019.3506849315067,2.052,0.06156
2019.3534246575343,2.068,0.06204
2019.490410958904,2.195,0.06584999999999999
2019.4931506849316,2.151,0.06452999999999999
2019.495890410959,2.175,0.06524999999999999
2019.4986301369863,2.164,0.06492
2019.5013698630137,2.196,0.06588000000000001
2019.504109589041,2.166,0.06498
2019.5068493150684,2.181,0.06543
2019.509589041096,2.174,0.06522
2019.5123287671233,2.16,0.0648
2019.5150684931507,2.182,0.06545999999999999
2019.517808219178,2.16,0.0648
2019.5205479452054,2.206,0.06618
2019.5232876712328,2.199,0.06596999999999999
2019.5260273972603,2.19,0.0657
2019.5287671232877,2.193,0.06579
2019.531506849315,2.233,0.06699
2019.5342465753424,2.23,0.0669
2019.5369863013698,2.188,0.06564
2019.5397260273974,2.21,0.0663
2019.5424657534247,2.208,0.06624000000000001
2019.545205479452,2.229,0.06687
2019.5479452054794,2.226,0.06677999999999999
2019.5534246575342,2.206,0.06618
2019.5561643835617,2.211,0.06633
2019.558904109589,2.233,0.06699
2019.5616438356165,2.234,0.06702
2019.5643835616438,2.245,0.06735000000000001
2019.5671232876712,2.217,0.06651
2019.5698630136985,2.222,0.06666
2019.572602739726,2.222,0.06666
2019.5753424657535,2.239,0.06717
2019.5780821917808,2.244,0.06732
2019.5808219178082,2.216,0.06648
2019.5835616438355,2.22,0.0666
2019.5863013698631,2.198,0.06594
2019.5890410958905,2.216,0.06648
2019.5917808219178,2.226,0.06677999999999999
2019.5945205479452,2.204,0.06612
2019.5972602739726,2.228,0.06684000000000001
2019.6,2.214,0.06641999999999999
2019.6027397260275,2.213,0.06639
2019.6082191780822,2.214,0.06641999999999999
2019.6109589041096,2.189,0.06567
2019.613698630137,2.206,0.06618
2019.6164383561643,2.212,0.06636
2019.6191780821919,2.243,0.06728999999999999
2019.6246575342466,2.214,0.06641999999999999
2019.627397260274,2.207,0.06620999999999999
2019.6301369863013,2.201,0.06603
2019.6328767123289,2.206,0.06618
2019.6356164383562,2.191,0.06573
2019.6383561643836,2.226,0.06677999999999999
2019.641095890411,2.245,0.06735000000000001
2019.6438356164383,2.209,0.06627
2019.8027397260273,2.456,0.07368
2019.805479452055,2.335,0.07005
2019.8082191780823,2.234,0.06702
2019.8109589041096,2.266,0.06798
2019.8191780821917,2.294,0.06881999999999999
2019.8219178082193,2.334,0.07002
2019.8246575342466,2.336,0.07007999999999999
2019.827397260274,2.319,0.06956999999999999
2019.8301369863013,2.347,0.07041
2019.8328767123287,2.329,0.06987
2019.835616438356,2.309,0.06927
2019.8383561643836,2.364,0.07092
2019.841095890411,2.37,0.0711
2019.8438356164384,2.319,0.06956999999999999
2019.8465753424657,2.32,0.0696
2019.849315068493,2.338,0.07014
2019.8520547945207,2.322,0.06966
2019.854794520548,2.311,0.06932999999999999
2019.8575342465754,2.291,0.06873
2019.868493150685,2.324,0.06971999999999999
2019.8712328767124,2.313,0.06939000000000001
2019.8739726027397,2.312,0.06935999999999999
2019.876712328767,2.32,0.0696
2019.8794520547945,2.287,0.06860999999999999
2019.8821917808218,2.329,0.06987
2019.8849315068494,2.338,0.07014
2019.8876712328768,2.291,0.06873
2019.890410958904,2.262,0.06786
2019.8931506849315,2.297,0.06891
2019.8958904109588,2.296,0.06888
2019.8986301369864,2.3,0.06899999999999999
2019.9013698630138,2.326,0.06978
2019.9041095890411,2.328,0.06984
2019.9095890410958,2.329,0.06987
2019.9123287671232,2.358,0.07074
2019.9150684931508,2.317,0.06951
2019.9178082191781,2.288,0.06863999999999999
2019.9205479452055,2.287,0.06860999999999999
2019.9260273972602,2.283,0.06849
2019.9287671232876,2.291,0.06873
2019.9315068493152,2.309,0.06927
2019.9342465753425,2.298,0.06894
2019.9397260273972,2.326,0.06978
2019.9424657534246,2.262,0.06786
2019.945205479452,2.317,0.06951
2019.9479452054795,2.314,0.06942
2019.9506849315069,2.336,0.07007999999999999
2019.9534246575342,2.26,0.06779999999999999
2019.958904109589,2.335,0.07005
2019.9616438356165,2.302,0.06906
2019.964383561644,2.327,0.06981
2019.9671232876713,2.298,0.06894
2019.9698630136986,2.335,0.07005
2019.972602739726,2.276,0.06828
2019.978082191781,2.328,0.06984
2019.9808219178083,2.314,0.06942
2019.9835616438356,2.293,0.06879
2019.986301369863,2.314,0.06942
2019.9890410958903,2.305,0.06915
2019.9917808219177,2.337,0.07011
2019.9972602739726,2.34,0.0702
2020.0027322404371,2.359,0.07077
2020.0054644808743,2.348,0.07043999999999999
2020.0081967213114,2.304,0.06911999999999999
2020.0109289617487,2.351,0.07053
2020.0136612021859,2.312,0.06935999999999999
2020.016393442623,2.314,0.06942
2020.01912568306,2.304,0.06911999999999999
2020.0218579234972,2.296,0.06888
2020.0245901639344,2.341,0.07023
2020.0273224043715,2.36,0.07079999999999999
2020.0300546448088,2.407,0.07221
2020.035519125683,2.32,0.0696
2020.0382513661202,2.357,0.07071000000000001
2020.0409836065573,2.362,0.07086
2020.0437158469945,2.326,0.06978
2020.0464480874316,2.417,0.07250999999999999
2020.049180327869,2.237,0.06711
2020.0546448087432,2.353,0.07059
2020.0601092896175,2.309,0.06927
2020.0628415300546,2.423,0.07269
2020.0655737704917,2.374,0.07122
2020.068306010929,2.4,0.072
2020.0765027322404,2.372,0.07115999999999999
2020.0792349726776,2.361,0.07083
2020.0846994535518,2.388,0.07164
2020.0874316939892,2.422,0.07266
2020.0928961748634,2.413,0.07239
2020.0956284153006,2.413,0.07239
2020.0983606557377,2.348,0.07043999999999999
2020.1010928961748,2.398,0.07194
2020.1065573770493,2.361,0.07083
2020.1120218579235,2.391,0.07173
2020.1147540983607,2.38,0.07139999999999999
2020.1174863387978,2.438,0.07314
2020.120218579235,2.428,0.07284
2020.122950819672,2.427,0.07281
2020.1448087431695,2.463,0.07389
2020.1475409836066,2.429,0.07286999999999999
2020.1530054644809,2.426,0.07278
2020.155737704918,2.353,0.07059
2020.1584699453551,2.395,0.07185
2020.1612021857923,2.381,0.07143
2020.1639344262296,2.422,0.07266
2020.2486338797814,2.507,0.07521
2020.2540983606557,2.433,0.07298999999999999
2020.2568306010928,2.429,0.07286999999999999
2020.25956284153,2.431,0.07293
2020.2622950819673,2.463,0.07389
2020.2677595628415,2.496,0.07488
2020.2704918032787,2.502,0.07505999999999999
2020.275956284153,2.473,0.07418999999999999
2020.2814207650274,2.498,0.07494
2020.2841530054645,2.544,0.07632
2020.2868852459017,2.432,0.07296
2020.2896174863388,2.448,0.07343999999999999
2020.292349726776,2.491,0.07473
2020.295081967213,2.461,0.07382999999999999
2020.2978142076502,2.424,0.07271999999999999
2020.3005464480875,2.458,0.07374
2020.3060109289618,2.446,0.07338
2020.308743169399,2.426,0.07278
2020.311475409836,2.516,0.07547999999999999
2020.3142076502731,2.486,0.07458000000000001
2020.3169398907103,2.468,0.07404
2020.3196721311476,2.485,0.07454999999999999
2020.3224043715848,2.438,0.07314
2020.3251366120219,2.498,0.07494
2020.327868852459,2.503,0.07509
2020.3306010928961,2.496,0.07488
2020.3387978142077,2.425,0.07275
2020.3415300546449,2.404,0.07211999999999999
2020.344262295082,2.473,0.07418999999999999
2020.3497267759562,2.455,0.07365
2020.3524590163934,2.401,0.07203
2020.3551912568305,2.441,0.07322999999999999
2020.3579234972678,2.479,0.07437
2020.360655737705,2.487,0.07461
2020.3661202185792,2.362,0.07086
2020.3688524590164,2.504,0.07511999999999999
2020.3715846994535,2.453,0.07358999999999999
2020.3743169398906,2.458,0.07374
2020.379781420765,2.446,0.07338
2020.3825136612022,2.479,0.07437
2020.3852459016393,2.392,0.07175999999999999
2020.3879781420765,2.421,0.07262999999999999
2020.4043715846994,2.428,0.07284
2020.4071038251366,2.414,0.07242
2020.4098360655737,2.4,0.072
2020.4125683060108,2.421,0.07262999999999999
2020.4207650273224,2.458,0.07374
2020.4234972677596,2.443,0.07329
2020.4262295081967,2.464,0.07392
2020.4289617486338,2.407,0.07221
2020.431693989071,2.455,0.07365
2020.4344262295083,2.437,0.07311
2020.4371584699454,2.459,0.07377
2020.4398907103825,2.496,0.07488
2020.4426229508197,2.5,0.075
2020.4453551912568,2.483,0.07449
2020.448087431694,2.469,0.07407
2020.467213114754,2.473,0.07418999999999999
2020.4699453551912,2.46,0.07379999999999999
2020.4726775956285,2.423,0.07269
2020.4754098360656,2.485,0.07454999999999999
2020.4781420765028,2.512,0.07536
2020.48087431694,2.467,0.07401
2020.483606557377,2.451,0.07353
2020.4863387978141,2.479,0.07437
2020.4890710382513,2.45,0.0735
2020.4918032786886,2.452,0.07356
2020.4945355191257,2.455,0.07365
2020.4972677595629,2.47,0.0741
2020.5,2.45,0.0735
2020.5027322404371,2.453,0.07358999999999999
2020.5054644808743,2.436,0.07307999999999999
2020.5081967213114,2.429,0.07286999999999999
2020.5109289617487,2.429,0.07286999999999999
2020.5136612021859,2.413,0.07239
2020.516393442623,2.425,0.07275
2020.51912568306,2.44,0.0732
2020.5218579234972,2.448,0.07343999999999999
2020.5245901639344,2.452,0.07356
2020.5273224043715,2.437,0.07311
2020.5300546448088,2.431,0.07293
2020.532786885246,2.42,0.0726
2020.535519125683,2.439,0.07317
2020.5382513661202,2.429,0.07286999999999999
2020.5409836065573,2.426,0.07278
2020.5437158469945,2.413,0.07239
2020.5464480874316,2.412,0.07236
2020.549180327869,2.43,0.0729
2020.551912568306,2.366,0.07098
2020.5546448087432,2.417,0.07250999999999999
2020.5573770491803,2.412,0.07236
2020.5601092896175,2.414,0.07242
2020.5628415300546,2.42,0.0726
2020.5655737704917,2.424,0.07271999999999999
2020.5710382513662,2.439,0.07317
2020.5710382513662,2.382,0.07146
2020.5737704918033,2.421,0.07262999999999999
2020.5765027322404,2.427,0.07281
2020.5792349726776,2.42,0.0726
2020.5819672131147,2.402,0.07206
2020.5846994535518,2.429,0.07286999999999999
2020.5874316939892,2.462,0.07386000000000001
2020.5901639344263,2.409,0.07226999999999999
2020.5956284153006,2.464,0.07392
2020.5983606557377,2.432,0.07296
2020.6065573770493,2.408,0.07224
2020.6120218579235,2.435,0.07305
2020.6147540983607,2.429,0.07286999999999999
2020.620218579235,2.433,0.07298999999999999
2020.622950819672,2.436,0.07307999999999999
2020.6256830601094,2.356,0.07067999999999999
2020.6284153005465,2.312,0.06935999999999999
2020.6311475409836,2.46,0.07379999999999999
2020.6338797814208,2.436,0.07307999999999999
2020.639344262295,2.458,0.07374
2020.6420765027322,2.483,0.07449
2020.6448087431695,2.48,0.0744
2020.6475409836066,2.478,0.07434
2020.6502732240438,2.326,0.06978
2020.6530054644809,2.476,0.07428
2020.655737704918,2.503,0.07509
2020.6584699453551,2.483,0.07449
2020.6612021857923,2.546,0.07637999999999999
2020.6639344262296,2.53,0.0759
2020.6666666666667,2.541,0.07622999999999999
2020.6693989071039,2.571,0.07713
2020.672131147541,2.527,0.07581
2020.7540983606557,2.646,0.07937999999999999
2020.7568306010928,2.633,0.07898999999999999
2020.75956284153,2.625,0.07875
2020.7622950819673,2.634,0.07901999999999999
2020.7650273224044,2.634,0.07901999999999999
2020.7677595628415,2.622,0.07866
2020.7704918032787,2.649,0.07947
2020.7732240437158,2.661,0.07983
2020.775956284153,2.641,0.07923
2020.77868852459,2.61,0.0783
2020.7814207650274,2.622,0.07866
2020.7841530054645,2.666,0.07998
2020.7868852459017,2.642,0.07926
2020.7896174863388,2.651,0.07952999999999999
2020.792349726776,2.66,0.0798
2020.795081967213,2.638,0.07913999999999999
2020.8196721311476,2.585,0.07755
2020.8224043715848,2.607,0.07821
2020.8415300546449,2.617,0.07851
2020.844262295082,2.521,0.07562999999999999
2020.8469945355191,2.593,0.07779
2020.8497267759562,2.6,0.078
2020.8524590163934,2.602,0.07805999999999999
2020.8551912568305,2.584,0.07752
2020.860655737705,2.596,0.07788
2020.8661202185792,2.602,0.07805999999999999
2020.8688524590164,2.612,0.07836
2020.8715846994535,2.602,0.07805999999999999
2020.8743169398906,2.585,0.07755
2020.877049180328,2.59,0.07769999999999999
2020.879781420765,2.574,0.07722
2020.8825136612022,2.607,0.07821
2020.8852459016393,2.662,0.07986
2020.8879781420765,2.566,0.07697999999999999
2020.8907103825136,2.576,0.07728
2020.896174863388,2.6,0.078
2020.8989071038252,2.573,0.07719
2020.9016393442623,2.525,0.07575
2020.9043715846994,2.56,0.0768
2020.9071038251366,2.514,0.07541999999999999
2020.9098360655737,2.512,0.07536
2020.9125683060108,2.58,0.0774
2021.0027397260274,2.603,0.07809
2021.0054794520547,2.53,0.0759
2021.0082191780823,2.507,0.07521
2021.0109589041097,2.517,0.07551
2021.013698630137,2.558,0.07673999999999999
2021.0164383561644,2.497,0.07490999999999999
2021.0191780821917,2.583,0.07749
2021.021917808219,2.55,0.0765
2021.0246575342467,2.511,0.07533
2021.0301369863014,2.568,0.07704
2021.0328767123287,2.502,0.07505999999999999
2021.0383561643835,2.489,0.07467
2021.041095890411,2.531,0.07593
2021.0438356164384,2.517,0.07551
2021.0493150684931,2.556,0.07668
2021.0520547945205,2.531,0.07593
2021.054794520548,2.538,0.07613999999999999
2021.0575342465754,2.489,0.07467
2021.0602739726028,2.506,0.07518
2021.0630136986301,2.507,0.07521
2021.0684931506848,2.532,0.07596
2021.0712328767124,2.587,0.07761
2021.0739726027398,2.592,0.07776
2021.0794520547945,2.484,0.07452
2021.0821917808219,2.586,0.07758
2021.0876712328768,2.475,0.07425
2021.0904109589042,2.489,0.07467
2021.0931506849315,2.583,0.07749
2021.0958904109589,2.497,0.07490999999999999
2021.0986301369862,2.556,0.07668
2021.1013698630136,2.607,0.07821
2021.1068493150685,2.533,0.07598999999999999
2021.109589041096,2.573,0.07719
2021.1123287671232,2.532,0.07596
2021.1150684931506,2.601,0.07803
2021.1178082191782,2.596,0.07788
2021.1205479452055,2.619,0.07857
2021.1342465753426,2.538,0.07613999999999999
2021.13698630137,2.492,0.07476
2021.1397260273973,2.479,0.07437
2021.1424657534246,2.514,0.07541999999999999
2021.150684931507,2.513,0.07539
2021.1534246575343,2.491,0.07473
2021.1561643835616,2.465,0.07394999999999999
2021.158904109589,2.564,0.07692
2021.158904109589,2.513,0.07539
2021.1616438356164,2.582,0.07745999999999999
2021.1671232876713,2.47,0.0741
2021.1698630136987,2.478,0.07434
2021.172602739726,2.43,0.0729
2021.1753424657534,2.461,0.07382999999999999
2021.1835616438357,2.432,0.07296
2021.1917808219177,2.486,0.07458000000000001
2021.194520547945,2.433,0.07298999999999999
2021.1972602739727,2.567,0.07701000000000001
2021.2,2.398,0.07194
2021.2027397260274,2.423,0.07269
2021.2082191780821,2.416,0.07247999999999999
2021.2109589041097,2.467,0.07401
2021.213698630137,2.479,0.07437
2021.2164383561644,2.419,0.07257
2021.2191780821918,2.534,0.07601999999999999
2021.2219178082191,2.532,0.07596
2021.227397260274,2.412,0.07236
2021.2328767123288,2.397,0.07190999999999999
2021.2356164383561,2.54,0.0762
2021.2383561643835,2.433,0.07298999999999999
2021.2410958904109,2.454,0.07362
2021.2465753424658,2.52,0.0756
2021.2520547945205,2.539,0.07617
2021.2547945205479,2.5,0.075
2021.2575342465752,2.591,0.07773000000000001
2021.2602739726028,2.552,0.07656
2021.2630136986302,2.528,0.07584
2021.2657534246575,2.553,0.07658999999999999
2021.2739726027398,2.531,0.07593
2021.2767123287672,2.53,0.0759
2021.2794520547945,2.54,0.0762
2021.282191780822,2.529,0.07586999999999999
2021.2849315068493,2.538,0.07613999999999999
2021.2876712328766,2.513,0.07539
2021.2904109589042,2.546,0.07637999999999999
2021.2931506849316,2.555,0.07665
2021.2986301369863,2.393,0.07178999999999999
2021.3068493150686,2.552,0.07656
2021.309589041096,2.557,0.07671
2021.3123287671233,2.572,0.07715999999999999
2021.3287671232877,2.428,0.07284
2021.331506849315,2.355,0.07064999999999999
2021.3342465753424,2.381,0.07143
2021.33698630137,2.376,0.07128
2021.3424657534247,2.403,0.07209
2021.345205479452,2.544,0.07632
2021.3534246575343,2.494,0.07482
2021.3561643835617,2.532,0.07596
2021.358904109589,2.41,0.0723
2021.3616438356164,2.437,0.07311
2021.3643835616438,2.396,0.07188
2021.3671232876711,2.459,0.07377
2021.3698630136987,2.44,0.0732
2021.372602739726,2.41,0.0723
2021.3753424657534,2.458,0.07374
2021.3808219178081,2.411,0.07232999999999999
2021.3835616438357,2.403,0.07209
2021.386301369863,2.478,0.07434
2021.3890410958904,2.449,0.07347
2021.3917808219178,2.384,0.07152
2021.3972602739725,2.493,0.07479
2021.4,2.447,0.07341
2021.4027397260274,2.472,0.07415999999999999
2021.4054794520548,2.488,0.07464
2021.4082191780822,2.466,0.07398
2021.4109589041095,2.599,0.07797
2021.4136986301369,2.529,0.07586999999999999
2021.4219178082192,2.584,0.07752
2021.4246575342465,2.465,0.07394999999999999
2021.4438356164383,2.621,0.07862999999999999
2021.4465753424658,2.584,0.07752
2021.4493150684932,2.526,0.07577999999999999
2021.4520547945206,2.639,0.07916999999999999
2021.454794520548,2.639,0.07916999999999999
2021.4575342465753,2.66,0.0798
2021.4602739726026,2.621,0.07862999999999999
2021.4630136986302,2.612,0.07836
2021.4657534246576,2.618,0.07854
2021.468493150685,2.637,0.07911
2021.4712328767123,2.639,0.07916999999999999
2021.4739726027397,2.63,0.0789
2021.4767123287672,2.632,0.07896
2021.4794520547946,2.596,0.07788
2021.482191780822,2.634,0.07901999999999999
2021.4849315068493,2.633,0.07898999999999999
2021.490410958904,2.621,0.07862999999999999
2021.4931506849316,2.621,0.07862999999999999
2021.495890410959,2.631,0.07892999999999999
2021.4986301369863,2.618,0.07854
2021.5013698630137,2.602,0.07805999999999999
2021.504109589041,2.57,0.07709999999999999
2021.5068493150684,2.607,0.07821
2021.509589041096,2.638,0.07913999999999999
2021.5123287671233,2.672,0.08016
2021.5150684931507,2.626,0.07877999999999999
2021.517808219178,2.645,0.07935
2021.5205479452054,2.607,0.07821
2021.5232876712328,2.603,0.07809
2021.5260273972603,2.635,0.07905
2021.5287671232877,2.675,0.08024999999999999
2021.531506849315,2.623,0.07869000000000001
2021.5342465753424,2.64,0.0792
2021.5369863013698,2.679,0.08037
2021.5397260273974,2.648,0.07944
2021.5424657534247,2.674,0.08022
2021.545205479452,2.675,0.08024999999999999
2021.5479452054794,2.634,0.07901999999999999
2021.5506849315068,2.628,0.07884000000000001
2021.5534246575342,2.64,0.0792
2021.5561643835617,2.629,0.07887
2021.558904109589,2.629,0.07887
2021.5616438356165,2.622,0.07866
2021.572602739726,2.674,0.08022
2021.5753424657535,2.664,0.07992
2021.5780821917808,2.685,0.08055
2021.5808219178082,2.674,0.08022
2021.5835616438355,2.643,0.07928999999999999
2021.5863013698631,2.643,0.07928999999999999
2021.5890410958905,2.738,0.08213999999999999
2021.5917808219178,2.707,0.08120999999999999
2021.5945205479452,2.708,0.08124
2021.5972602739726,2.699,0.08096999999999999
2021.676712328767,2.76,0.08279999999999998
2021.6794520547944,2.706,0.08118
2021.682191780822,2.742,0.08226
2021.6849315068494,2.748,0.08244
2021.6876712328767,2.775,0.08324999999999999
2021.690410958904,2.712,0.08136
2021.6931506849314,2.622,0.07866
2021.6986301369864,2.684,0.08052000000000001
2021.7013698630137,2.725,0.08175
2021.704109589041,2.698,0.08094
2021.7068493150684,2.686,0.08058
2021.7095890410958,2.676,0.08028
2021.7123287671234,2.719,0.08156999999999999
2021.7150684931507,2.699,0.08096999999999999
2021.717808219178,2.706,0.08118
2021.7205479452055,2.698,0.08094
2021.7287671232878,2.685,0.08055
2021.731506849315,2.65,0.0795
2021.7342465753425,2.682,0.08045999999999999
2021.7397260273972,2.583,0.07749
2021.7424657534248,2.629,0.07887
2021.7452054794521,2.579,0.07737000000000001
2021.7479452054795,2.548,0.07644
2021.7506849315068,2.7,0.081
2021.7643835616439,2.561,0.07683
2021.7671232876712,2.654,0.07962
2021.772602739726,2.673,0.08019
2021.7753424657535,2.764,0.08292
2021.7780821917809,2.753,0.08259
2021.7808219178082,2.676,0.08028
2021.7835616438356,2.754,0.08262
2021.786301369863,2.764,0.08292
2021.7890410958903,2.781,0.08343
2021.7917808219179,2.747,0.08241
2021.7972602739726,2.648,0.07944
2021.8,2.731,0.08192999999999999
2021.8027397260273,2.746,0.08238
2021.805479452055,2.719,0.08156999999999999
2021.8082191780823,2.729,0.08187
2021.8109589041096,2.7,0.081
2021.813698630137,2.665,0.07995
2021.8164383561643,2.689,0.08067
2021.8191780821917,2.704,0.08112
2021.8219178082193,2.741,0.08223
2021.8246575342466,2.76,0.08279999999999998
2021.827397260274,2.683,0.08048999999999999
2021.8301369863013,2.707,0.08120999999999999
2021.8328767123287,2.71,0.0813
2021.835616438356,2.692,0.08076
2021.8383561643836,2.629,0.07887
2021.841095890411,2.719,0.08156999999999999
2021.8438356164384,2.713,0.08139
2021.876712328767,2.722,0.08166
2021.9095890410958,2.748,0.08244
2021.9123287671232,2.735,0.08205
2021.9150684931508,2.746,0.08238
2021.9178082191781,2.736,0.08208
2021.9205479452055,2.718,0.08154
2021.9232876712329,2.624,0.07872
2021.9260273972602,2.627,0.07880999999999999
2021.9287671232876,2.701,0.08103
2021.9342465753425,2.75,0.08249999999999999
2021.9369863013699,2.706,0.08118
2021.9397260273972,2.715,0.08145
2021.9424657534246,2.739,0.08216999999999999
2021.945205479452,2.777,0.08331
2021.9506849315069,2.732,0.08196
2021.9534246575342,2.717,0.08151
2021.9561643835616,2.753,0.08259
2021.958904109589,2.78,0.08339999999999999
2021.9616438356165,2.7,0.081
2021.964383561644,2.745,0.08235
2021.9698630136986,2.749,0.08247
2021.972602739726,2.781,0.08343
2021.9753424657533,2.768,0.08303999999999999
2021.978082191781,2.691,0.08073
2021.9808219178083,2.728,0.08184000000000001
2021.9835616438356,2.768,0.08303999999999999
2021.9890410958903,2.759,0.08277
2021.9917808219177,2.715,0.08145
2021.9945205479453,2.721,0.08163
2021.9972602739726,2.706,0.08118
2022.0054794520547,2.767,0.08301
2022.0082191780823,2.698,0.08094
2022.0109589041097,2.696,0.08088000000000001
2022.013698630137,2.698,0.08094
2022.0164383561644,2.752,0.08256
2022.0191780821917,2.731,0.08192999999999999
2022.021917808219,2.658,0.07973999999999999
2022.027397260274,2.712,0.08136
2022.0301369863014,2.716,0.08148
2022.0328767123287,2.83,0.0849
2022.035616438356,2.814,0.08442
2022.041095890411,2.713,0.08139
2022.0465753424658,2.807,0.08421
2022.0493150684931,2.795,0.08385
2022.0520547945205,2.75,0.08249999999999999
2022.0575342465754,2.759,0.08277
2022.0602739726028,2.754,0.08262
2022.0657534246575,2.69,0.0807
2022.0684931506848,2.761,0.08283
2022.0712328767124,2.784,0.08352
2022.0739726027398,2.753,0.08259
2022.0767123287671,2.8,0.08399999999999999
2022.0794520547945,2.76,0.08279999999999998
2022.0849315068492,2.817,0.08451
2022.0876712328768,2.855,0.08564999999999999
2022.0904109589042,2.671,0.08012999999999999
2022.0931506849315,2.818,0.08454
2022.0958904109589,2.769,0.08307
2022.0986301369862,2.785,0.08355
2022.1041095890412,2.818,0.08454
2022.1068493150685,2.771,0.08313
2022.109589041096,2.84,0.0852
2022.1123287671232,2.78,0.08339999999999999
2022.1150684931506,2.737,0.08211
2022.1178082191782,2.806,0.08418
2022.123287671233,2.813,0.08439
2022.1260273972603,2.783,0.08349
2022.1287671232876,2.788,0.08363999999999999
2022.131506849315,2.77,0.0831
2022.1342465753426,2.803,0.08409
2022.13698630137,2.795,0.08385
2022.1424657534246,2.803,0.08409
2022.145205479452,2.823,0.08469
2022.1479452054793,2.777,0.08331
2022.150684931507,2.917,0.08750999999999999
2022.1534246575343,2.855,0.08564999999999999
2022.1561643835616,2.836,0.08507999999999999
2022.2465753424658,2.805,0.08415
2022.2493150684932,2.877,0.08630999999999998
2022.2520547945205,2.794,0.08381999999999999
2022.2547945205479,2.777,0.08331
2022.2575342465752,2.912,0.08736
2022.2602739726028,2.861,0.08583
2022.2630136986302,2.788,0.08363999999999999
2022.2657534246575,2.926,0.08778
2022.268493150685,2.838,0.08514
2022.2712328767122,2.864,0.08592
2022.2739726027398,2.843,0.08528999999999999
2022.2794520547945,2.844,0.08532
2022.282191780822,2.89,0.0867
2022.2849315068493,2.878,0.08634
2022.2876712328766,2.885,0.08654999999999999
2022.2904109589042,2.809,0.08427
2022.2931506849316,2.87,0.0861
2022.295890410959,2.874,0.08622
2022.3013698630136,2.906,0.08718000000000001
2022.304109589041,2.9,0.087
2022.3068493150686,2.921,0.08762999999999999
2022.309589041096,2.889,0.08667
2022.3123287671233,2.896,0.08688
2022.3150684931506,2.881,0.08642999999999999
2022.317808219178,2.885,0.08654999999999999
2022.3205479452056,2.884,0.08652
2022.33698630137,2.998,0.08994
2022.345205479452,3.016,0.09047999999999999
2022.3479452054794,3.024,0.09072
2022.3506849315067,3.013,0.09039
2022.3534246575343,2.828,0.08484
2022.3561643835617,2.792,0.08375999999999999
2022.358904109589,2.83,0.0849
2022.3616438356164,2.835,0.08505
2022.3643835616438,2.815,0.08445
2022.3671232876711,2.795,0.08385
2022.3698630136987,2.775,0.08324999999999999
2022.372602739726,2.814,0.08442
2022.3753424657534,2.819,0.08456999999999999
2022.3780821917808,2.762,0.08286
2022.3808219178081,2.805,0.08415
2022.3835616438357,2.745,0.08235
2022.386301369863,2.799,0.08396999999999999
2022.3890410958904,2.8,0.08399999999999999
2022.3917808219178,2.762,0.08286
2022.3945205479451,2.829,0.08487
2022.3972602739725,2.822,0.08466
2022.4,2.788,0.08363999999999999
2022.4027397260274,2.817,0.08451
2022.4054794520548,2.829,0.08487
2022.4082191780822,2.806,0.08418
2022.4109589041095,2.837,0.08511
2022.4136986301369,2.828,0.08484
2022.4164383561645,2.798,0.08394
2022.4191780821918,2.763,0.08288999999999999
2022.4219178082192,2.816,0.08447999999999999
2022.4246575342465,2.824,0.08471999999999999
2022.427397260274,2.761,0.08283
2022.4301369863015,2.805,0.08415
2022.4328767123288,2.855,0.08564999999999999
2022.4356164383562,2.763,0.08288999999999999
2022.4383561643835,2.796,0.08388
2022.441095890411,2.79,0.0837
2022.4438356164383,2.774,0.08322
2022.4465753424658,2.802,0.08406
2022.4493150684932,2.789,0.08367
2022.4520547945206,2.752,0.08256
2022.454794520548,2.772,0.08315999999999998
2022.4575342465753,2.774,0.08322
2022.4602739726026,2.8,0.08399999999999999
2022.4630136986302,2.773,0.08319
2022.4657534246576,2.766,0.08298
2022.468493150685,2.725,0.08175
2022.4712328767123,2.79,0.0837
2022.4739726027397,2.701,0.08103
2022.4767123287672,2.769,0.08307
2022.4794520547946,2.676,0.08028
2022.4849315068493,2.66,0.0798
2022.4876712328767,2.772,0.08315999999999998
2022.490410958904,2.758,0.08274
2022.4931506849316,2.767,0.08301
2022.495890410959,2.767,0.08301
2022.4986301369863,2.701,0.08103
2022.5013698630137,2.775,0.08324999999999999
2022.4931506849316,2.778,0.08334
2022.495890410959,2.789,0.08367
2022.4986301369863,2.801,0.08403000000000001
2022.5013698630137,2.764,0.08292
2022.504109589041,2.795,0.08385
2022.5068493150684,2.797,0.08391
2022.509589041096,2.77,0.0831
2022.5123287671233,2.792,0.08375999999999999
2022.5150684931507,2.787,0.08360999999999999
2022.517808219178,2.824,0.08471999999999999
2022.531506849315,2.788,0.08363999999999999
2022.5342465753424,2.804,0.08411999999999999
2022.5397260273974,2.823,0.08469
2022.545205479452,2.703,0.08109
2022.5479452054794,2.75,0.08249999999999999
2022.5506849315068,2.841,0.08523
2022.5534246575342,2.804,0.08411999999999999
2022.5561643835617,2.803,0.08409
2022.558904109589,2.826,0.08478
2022.5616438356165,2.813,0.08439
2022.5643835616438,2.837,0.08511
2022.5671232876712,2.852,0.08556
2022.5698630136985,2.841,0.08523
2022.572602739726,2.826,0.08478
2022.5753424657535,2.842,0.08526
2022.5780821917808,2.853,0.08559
2022.5863013698631,2.873,0.08619
2022.5890410958905,2.854,0.08562
2022.5945205479452,2.768,0.08303999999999999
2022.6,2.849,0.08547
2022.6054794520549,2.865,0.08595
2022.6109589041096,2.805,0.08415
2022.613698630137,2.865,0.08595
2022.6191780821919,2.803,0.08409
2022.6219178082192,2.863,0.08589
2022.6246575342466,2.816,0.08447999999999999
2022.627397260274,2.797,0.08391
2022.6301369863013,2.851,0.08553
2022.6356164383562,2.902,0.08706
2022.6383561643836,2.885,0.08654999999999999
2022.641095890411,2.96,0.08879999999999999
2022.6438356164383,2.925,0.08775
2022.6465753424657,2.891,0.08673
2022.5945205479452,2.768,0.08303999999999999
2022.6,2.849,0.08547
2022.6054794520549,2.865,0.08595
2022.6109589041096,2.805,0.08415
2022.613698630137,2.865,0.08595
2022.6191780821919,2.803,0.08409
2022.6219178082192,2.863,0.08589
2022.6246575342466,2.816,0.08447999999999999
2022.627397260274,2.797,0.08391
2022.6301369863013,2.851,0.08553
2022.6356164383562,2.902,0.08706
2022.6383561643836,2.885,0.08654999999999999
2022.641095890411,2.96,0.08879999999999999
2022.6438356164383,2.925,0.08775
2022.6465753424657,2.891,0.08673
2022.6493150684933,2.906,0.08718000000000001
2022.6520547945206,2.951,0.08853
2022.654794520548,2.871,0.08613
2022.6575342465753,2.912,0.08736
2022.6602739726027,2.864,0.08592
2022.66301369863,2.924,0.08771999999999999
2022.6931506849314,2.94,0.0882
2022.7013698630137,2.953,0.08858999999999999
2022.7452054794521,2.897,0.08690999999999999
2022.7479452054795,2.9,0.087
2022.7506849315068,2.883,0.08649
2022.7534246575342,2.937,0.08811
2022.7616438356165,2.908,0.08724
2022.7643835616439,2.912,0.08736
2022.7671232876712,2.92,0.0876
2022.772602739726,2.895,0.08685
2022.7753424657535,2.932,0.08796
2022.7780821917809,2.901,0.08703
2022.7808219178082,2.906,0.08718000000000001
2022.7835616438356,2.872,0.08615999999999999
2022.786301369863,2.866,0.08598
2022.7890410958903,2.893,0.08678999999999999
2022.8027397260273,2.91,0.0873
2022.805479452055,2.91,0.0873
2022.8082191780823,2.889,0.08667
2022.8109589041096,2.858,0.08574
2022.813698630137,2.836,0.08507999999999999
2022.8164383561643,2.84,0.0852
2022.8301369863013,2.85,0.08549999999999999
2022.8328767123287,2.873,0.08619
2022.835616438356,2.764,0.08292
2022.8383561643836,2.774,0.08322
2022.841095890411,2.797,0.08391
2022.8438356164384,2.862,0.08586
2022.8465753424657,2.847,0.08541
2022.849315068493,2.851,0.08553
2022.8520547945207,2.81,0.0843
2022.854794520548,2.808,0.08424
2022.8575342465754,2.829,0.08487
2022.8602739726027,2.803,0.08409
2022.86301369863,2.806,0.08418
2022.8657534246574,2.761,0.08283
2022.868493150685,2.804,0.08411999999999999
2022.8712328767124,2.792,0.08375999999999999
2022.8739726027397,2.774,0.08322
2022.876712328767,2.78,0.08339999999999999
2022.8794520547945,2.799,0.08396999999999999
2022.8821917808218,2.783,0.08349
2022.8849315068494,2.789,0.08367
2022.8876712328768,2.766,0.08298
2022.890410958904,2.747,0.08241
2022.8931506849315,2.739,0.08216999999999999
2022.8958904109588,2.74,0.08220000000000001
2022.8986301369864,2.75,0.08249999999999999
2022.9013698630138,2.784,0.08352
2022.9041095890411,2.742,0.08226
2022.9068493150685,2.752,0.08256
2022.9123287671232,2.656,0.07968
2023.0027397260274,2.675,0.08024999999999999
2023.0054794520547,2.654,0.07962
2023.0082191780823,2.658,0.07973999999999999
2023.0109589041097,2.67,0.08009999999999999
2023.013698630137,2.762,0.08286
2023.0164383561644,2.736,0.08208
2023.0191780821917,2.689,0.08067
2023.0246575342467,2.583,0.07749
2023.027397260274,2.666,0.07998
2023.0301369863014,2.608,0.07824
2023.0328767123287,2.63,0.0789
2023.035616438356,2.657,0.07971
2023.0383561643835,2.611,0.07833
2023.0438356164384,2.616,0.07848
2023.0465753424658,2.616,0.07848
2023.0493150684931,2.631,0.07892999999999999
2023.0520547945205,2.824,0.08471999999999999
2023.054794520548,2.633,0.07898999999999999
2023.0575342465754,2.645,0.07935
2023.0630136986301,2.63,0.0789
2023.0657534246575,2.671,0.08012999999999999
2023.0684931506848,2.643,0.07928999999999999
2023.0712328767124,2.64,0.0792
2023.0739726027398,2.677,0.08030999999999999
2023.0767123287671,2.681,0.08043
2023.0821917808219,2.665,0.07995
2023.0849315068492,2.672,0.08016
2023.0904109589042,2.699,0.08096999999999999
2023.0931506849315,2.7,0.081
2023.0958904109589,2.667,0.08001
2023.1013698630136,2.768,0.08303999999999999
2023.1068493150685,2.674,0.08022
2023.109589041096,2.664,0.07992
2023.1123287671232,2.688,0.08064
2023.1150684931506,2.699,0.08096999999999999
2023.1260273972603,2.62,0.0786
2023.1287671232876,2.705,0.08115
2023.131506849315,2.606,0.07818
2023.1342465753426,2.68,0.0804
2023.1424657534246,2.637,0.07911
2023.145205479452,2.684,0.08052000000000001
2023.1479452054793,2.549,0.07647
2023.150684931507,2.662,0.07986
2023.1534246575343,2.62,0.0786
2023.158904109589,2.63,0.0789
2023.1616438356164,2.678,0.08034
2023.2465753424658,2.74,0.08220000000000001
2023.2493150684932,2.739,0.08216999999999999
2023.2520547945205,2.749,0.08247
2023.2547945205479,2.768,0.08303999999999999
2023.2575342465752,2.804,0.08411999999999999
2023.2602739726028,2.807,0.08421
2023.2630136986302,2.739,0.08216999999999999
2023.2657534246575,2.852,0.08556
2023.268493150685,2.833,0.08499
2023.2712328767122,2.81,0.0843
2023.2849315068493,2.825,0.08475
2023.2876712328766,2.813,0.08439
2023.2904109589042,2.783,0.08349
2023.2931506849316,2.866,0.08598
2023.295890410959,2.886,0.08658
2023.304109589041,2.85,0.08549999999999999
2023.3068493150686,2.808,0.08424
2023.309589041096,2.847,0.08541
2023.3123287671233,2.748,0.08244
2023.323287671233,2.962,0.08886000000000001
2023.3260273972603,2.81,0.0843
2023.331506849315,2.907,0.08721
2023.3342465753424,2.956,0.08868
2023.33698630137,2.913,0.08739
2023.3397260273973,2.917,0.08750999999999999
2023.3424657534247,2.916,0.08747999999999999
2023.345205479452,2.917,0.08750999999999999
2023.3506849315067,2.916,0.08747999999999999
2023.3534246575343,2.928,0.08784
2023.358904109589,2.982,0.08946
2023.3671232876711,3.027,0.09081
2023.3698630136987,2.936,0.08807999999999999
2023.3753424657534,2.928,0.08784
2023.3780821917808,2.897,0.08690999999999999
2023.3808219178081,2.89,0.0867
2023.3835616438357,2.908,0.08724
2023.386301369863,2.871,0.08613
2023.3890410958904,2.97,0.0891
2023.3917808219178,3.095,0.09285
2023.3945205479451,2.969,0.08907
2023.3972602739725,2.977,0.08930999999999999
2023.4,2.965,0.08894999999999999
2023.4027397260274,2.942,0.08826
2023.4054794520548,2.952,0.08856
2023.4109589041095,2.996,0.08988
2023.4931506849316,3.051,0.09153
2023.495890410959,3.025,0.09075
2023.4986301369863,3.009,0.09026999999999999
2023.5013698630137,3.049,0.09147
2023.504109589041,2.949,0.08847
2023.5068493150684,3.056,0.09168
2023.509589041096,3.064,0.09192
2023.5150684931507,2.987,0.08961
2023.5232876712328,3.069,0.09207
2023.5260273972603,3.068,0.09204
2023.5287671232877,3.058,0.09173999999999999
2023.531506849315,3.073,0.09219
2023.5369863013698,3.036,0.09108
2023.5397260273974,3.039,0.09117
2023.5424657534247,2.986,0.08958
2023.545205479452,3.038,0.09113999999999998
2023.5479452054794,3.032,0.09096
2023.5506849315068,3.039,0.09117
2023.5534246575342,3.08,0.0924
2023.5561643835617,3.043,0.09129
2023.558904109589,3.034,0.09101999999999999
2023.5616438356165,3.011,0.09033
2023.5643835616438,3.036,0.09108
2023.5671232876712,3.026,0.09077999999999999
2023.5698630136985,3.032,0.09096
2023.572602739726,3.012,0.09036
2023.5753424657535,3.019,0.09057
2023.5780821917808,3.098,0.09294
2023.5808219178082,3.047,0.09141
2023.5835616438355,3.082,0.09245999999999999
2023.5863013698631,3.051,0.09153
2023.5890410958905,3.033,0.09098999999999999
2023.5917808219178,3.032,0.09096
2023.5945205479452,3.052,0.09156
2023.5972602739726,3.037,0.09111
2023.6,2.969,0.08907
2023.6027397260275,2.986,0.08958
2023.6054794520549,3.021,0.09062999999999999
2023.6082191780822,3.033,0.09098999999999999
2023.6109589041096,2.992,0.08975999999999999
2023.613698630137,3.056,0.09168
2023.6164383561643,3.021,0.09062999999999999
2023.6191780821919,3.133,0.09398999999999999
2023.6219178082192,3.027,0.09081
2023.6246575342466,3.036,0.09108
2023.627397260274,3.022,0.09065999999999999
2023.6301369863013,3.004,0.09011999999999999
2023.6328767123289,2.998,0.08994
2023.6356164383562,3.002,0.09005999999999999
2023.6383561643836,3.003,0.09009
2023.641095890411,3.007,0.09021
2023.6438356164383,2.986,0.08958
2023.6465753424657,2.961,0.08882999999999999
2023.6493150684933,2.995,0.08985
2023.6520547945206,2.874,0.08622
2023.654794520548,3.012,0.09036
2023.6575342465753,3.009,0.09026999999999999
2023.6602739726027,2.991,0.08973
2023.66301369863,2.991,0.08973
2023.6657534246576,3.065,0.09194999999999999
2023.668493150685,3.016,0.09047999999999999
2023.6712328767123,2.884,0.08652
2023.6739726027397,3.016,0.09047999999999999
2023.676712328767,3.184,0.09552000000000001
2023.6794520547944,2.993,0.08979
2023.6849315068494,2.919,0.08757
2023.690410958904,2.926,0.08778
2023.6931506849314,3.141,0.09423
2023.6986301369864,3.17,0.09509999999999999
2023.7013698630137,3.07,0.09209999999999999
2023.704109589041,3.08,0.0924
2023.7123287671234,2.953,0.08858999999999999
2023.717808219178,3.115,0.09345
2023.7205479452055,2.999,0.08997
2023.7287671232878,3.048,0.09144
2023.731506849315,3.091,0.09273
2023.7342465753425,3.068,0.09204
2023.7369863013698,2.951,0.08853
2023.7397260273972,3.033,0.09098999999999999
2023.7534246575342,2.95,0.0885
2023.7561643835616,2.991,0.08973
2023.7589041095891,3.005,0.09015
2023.7616438356165,2.992,0.08975999999999999
2023.7643835616439,2.954,0.08862
2023.7671232876712,2.899,0.08696999999999999
2023.7698630136986,2.949,0.08847
2023.772602739726,2.933,0.08798999999999998
